family,events,med_ret5,med_ret10,med_ret30,med_ret60,med_p22,best_ev_time
B1,24,-0.04379549673187948,-0.01855703360260516,0.2510046235958543,0.590535268589931,0.3701054441960433,1.8256842105263156
B10,12,-0.12447655257123576,-0.09370357508071461,0.008788887950954718,0.23390874667813005,0.3871334674402307,-0.3469399293286219
B11,4,0.25466801125395266,-0.15112848729524803,0.4897146358543417,1.2839749421688107,0.3595558792754754,5.174077922077922
B12,4,-0.2175616273343183,-0.19176536837865654,-0.38358948842694973,0.23383833805258297,0.3750650251430553,-0.2561047381546135
B2,57,-0.0972457627118644,-0.10424519907459837,0.1408982168841098,0.37623148467102996,0.3834095882235926,0.4770613246116109
B3,8,-0.11341805149336046,-0.1267196544852895,0.06208055559238072,0.23928563751376483,0.3837920103997112,-0.45895509338985296
B4,16,-0.053759010196905765,-0.12495192730309423,0.18881680639795695,0.4766295918367347,0.3852034614291902,0.28189130434782617
B5,8,-0.08908139307559557,-0.06631175701797634,0.18591243211636677,0.293165620585842,0.3898188380783824,0.0452162534435262
B6,9,-0.02674190382728165,-0.02769308943089431,0.10926625423829635,0.3077646945275553,0.3875073428627374,-0.18363188253801788
B7,8,-0.08753452749743748,-0.12195073679731194,0.06770388051635017,0.2761346584872766,0.37752621289206656,0.4950249632892805
B8,10,0.08082423395935986,0.05519754400563569,0.03798548148023023,0.23176050340100648,0.3936588399714837,-0.27736133733390483
B9,7,0.039861499624752675,0.04978043090435021,0.2648421662322618,0.3735431235431235,0.38144329896907214,0.22471714922049002
BASE,1,0.0071995256582838875,0.020613780541062356,0.06865739640581886,0.14029575621919205,0.3959531717227054,-0.607704243780808
