fam,configs,events,positive,pos_slip2,med_ev_net,best_ev_net,med_ev_gross,med_tpd
B1,120,24,7,1,-3.04265974326269,6.853832020997374,0.12116444919301511,1.5098702763677383
B10,60,12,0,0,-3.5185892935489296,-1.167627175368141,-0.3475311183408108,4.398477157360406
B11,20,4,3,2,-1.8661498160294347,11.27420454545454,1.2110918185293742,0.2617033276931754
B12,20,4,0,0,-4.011945500633717,-1.3977669902912668,-0.9032051216492464,0.847433728144388
B2,285,57,4,0,-3.430158166228265,0.46685914552736785,-0.2210144927536232,5.179921037789058
B3,40,8,0,0,-3.3951741133127897,-2.0682970722535603,-0.17379155981476954,6.07727016356458
B4,80,16,4,0,-2.941333511772849,1.7484504331087547,0.1456523982449895,0.6680767061477721
B5,40,8,0,0,-3.332081075851394,-0.13333677685950476,0.012266119262350245,0.6926113931190073
B6,45,9,0,0,-3.2988806420989043,-1.2967036290322602,-0.05128516986945593,3.8527918781725887
B7,40,8,4,0,-3.4722724633435327,1.708529411764704,-0.20971845089772614,1.3417935702199661
B8,50,10,0,0,-3.2334292953943935,-1.0233029197080323,-0.0802333643832578,3.1302876480541455
B9,35,7,0,0,-2.8595265032474355,-0.24407608695652602,0.18782259606193843,1.7027636773829666
