config_id,family,sleeve,status,start,finish,engine_version,exec_spec,dataset_hash,result_path,error
"A_3884748b6c94","A-STRUCT","A","PENDING","","","0.2.0","EXEC-1.1","2b4f41b124ab8772","",""
"A_0bd98552a42f","A-STRUCT","A","PENDING","","","0.2.0","EXEC-1.1","2b4f41b124ab8772","",""
"A_ee7e39e7d9b6","A-STRUCT","A","PENDING","","","0.2.0","EXEC-1.1","2b4f41b124ab8772","",""
"A_3d9ced3fd5a1","A-STRUCT","A","PENDING","","","0.2.0","EXEC-1.1","2b4f41b124ab8772","",""
"A_a0630830a968","A-STRUCT","A","PENDING","","","0.2.0","EXEC-1.1","2b4f41b124ab8772","",""
"A_0c8f33a4a95a","A-STRUCT","A","PENDING","","","0.2.0","EXEC-1.1","2b4f41b124ab8772","",""
"A_a4f583bf72eb","A-STRUCT","A","PENDING","","","0.2.0","EXEC-1.1","2b4f41b124ab8772","",""
"A_ee77c0fb0f32","A-STRUCT","A","PENDING","","","0.2.0","EXEC-1.1","2b4f41b124ab8772","",""
"A_b9358eb59cf1","A-STRUCT","A","PENDING","","","0.2.0","EXEC-1.1","2b4f41b124ab8772","",""
"A_91018f565da8","A-STRUCT","A","PENDING","","","0.2.0","EXEC-1.1","2b4f41b124ab8772","",""
"A_3fc44c10e439","A-STRUCT","A","PENDING","","","0.2.0","EXEC-1.1","2b4f41b124ab8772","",""
"A_c167bc98f3fe","A-STRUCT","A","PENDING","","","0.2.0","EXEC-1.1","2b4f41b124ab8772","",""
"A_66063b1d2649","A-STRUCT","A","PENDING","","","0.2.0","EXEC-1.1","2b4f41b124ab8772","",""
"A_dbead41deab7","A-STRUCT","A","PENDING","","","0.2.0","EXEC-1.1","2b4f41b124ab8772","",""
"A_2effec3c7536","A-STRUCT","A","PENDING","","","0.2.0","EXEC-1.1","2b4f41b124ab8772","",""
"A_2cef394a633f","A-STRUCT","A","PENDING","","","0.2.0","EXEC-1.1","2b4f41b124ab8772","",""
"A_d1ca5a469677","A-STRUCT","A","PENDING","","","0.2.0","EXEC-1.1","2b4f41b124ab8772","",""
"A_290185a6ed20","A-STRUCT","A","PENDING","","","0.2.0","EXEC-1.1","2b4f41b124ab8772","",""
"A_4f31b38c3355","A-STRUCT","A","PENDING","","","0.2.0","EXEC-1.1","2b4f41b124ab8772","",""
"A_b39a280d12dc","A-STRUCT","A","PENDING","","","0.2.0","EXEC-1.1","2b4f41b124ab8772","",""
"A_f9c49562c82a","A-STRUCT","A","PENDING","","","0.2.0","EXEC-1.1","2b4f41b124ab8772","",""
"A_0c307d556e3c","A-STRUCT","A","PENDING","","","0.2.0","EXEC-1.1","2b4f41b124ab8772","",""
"A_945916757db4","A-STRUCT","A","PENDING","","","0.2.0","EXEC-1.1","2b4f41b124ab8772","",""
"A_31ce96a6fddf","A-STRUCT","A","PENDING","","","0.2.0","EXEC-1.1","2b4f41b124ab8772","",""
"A_f0bde2ade86b","A-STRUCT","A","PENDING","","","0.2.0","EXEC-1.1","2b4f41b124ab8772","",""
"A_06dfc1352aa3","A-STRUCT","A","PENDING","","","0.2.0","EXEC-1.1","2b4f41b124ab8772","",""
"A_e2481b87372d","A-STRUCT","A","PENDING","","","0.2.0","EXEC-1.1","2b4f41b124ab8772","",""
"A_636dd84d6164","A-STRUCT","A","PENDING","","","0.2.0","EXEC-1.1","2b4f41b124ab8772","",""
"A_4e32752c6e75","A-STRUCT","A","PENDING","","","0.2.0","EXEC-1.1","2b4f41b124ab8772","",""
"A_ccebafe51467","A-STRUCT","A","PENDING","","","0.2.0","EXEC-1.1","2b4f41b124ab8772","",""
"A_bcfa96cf9654","A-STRUCT","A","PENDING","","","0.2.0","EXEC-1.1","2b4f41b124ab8772","",""
"A_2516fdfa42c0","A-STRUCT","A","PENDING","","","0.2.0","EXEC-1.1","2b4f41b124ab8772","",""
"A_9d72023466e3","A-STRUCT","A","PENDING","","","0.2.0","EXEC-1.1","2b4f41b124ab8772","",""
"A_9cf13436d42e","A-STRUCT","A","PENDING","","","0.2.0","EXEC-1.1","2b4f41b124ab8772","",""
"A_b0062471dc6a","A-STRUCT","A","PENDING","","","0.2.0","EXEC-1.1","2b4f41b124ab8772","",""
"A_ab36198c682f","A-STRUCT","A","PENDING","","","0.2.0","EXEC-1.1","2b4f41b124ab8772","",""
"A_f172180679c6","A-STRUCT","A","PENDING","","","0.2.0","EXEC-1.1","2b4f41b124ab8772","",""
"A_9de6b9fe5d07","A-STRUCT","A","PENDING","","","0.2.0","EXEC-1.1","2b4f41b124ab8772","",""
"A_b339e1b4230b","A-SEP","A","PENDING","","","0.2.0","EXEC-1.1","2b4f41b124ab8772","",""
"A_34a039e4f85a","A-SEP","A","PENDING","","","0.2.0","EXEC-1.1","2b4f41b124ab8772","",""
"A_66e25dec1da8","A-SEP","A","PENDING","","","0.2.0","EXEC-1.1","2b4f41b124ab8772","",""
"A_130ae1792249","A-SEP","A","PENDING","","","0.2.0","EXEC-1.1","2b4f41b124ab8772","",""
"A_e7a4ac026c53","A-SEP","A","PENDING","","","0.2.0","EXEC-1.1","2b4f41b124ab8772","",""
"A_ff5d421217c3","A-SEP","A","PENDING","","","0.2.0","EXEC-1.1","2b4f41b124ab8772","",""
"A_ad41ebe92ea9","A-SEP","A","PENDING","","","0.2.0","EXEC-1.1","2b4f41b124ab8772","",""
"A_911cee734dff","A-SEP","A","PENDING","","","0.2.0","EXEC-1.1","2b4f41b124ab8772","",""
"A_177cd0379d4d","A-SEP","A","PENDING","","","0.2.0","EXEC-1.1","2b4f41b124ab8772","",""
"A_d5dec0fff259","A-SEP","A","PENDING","","","0.2.0","EXEC-1.1","2b4f41b124ab8772","",""
"A_b361d18ab49a","A-SEP","A","PENDING","","","0.2.0","EXEC-1.1","2b4f41b124ab8772","",""
"A_f958917bf9f0","A-SEP","A","PENDING","","","0.2.0","EXEC-1.1","2b4f41b124ab8772","",""
"A_bcff59bd8214","A-SEP","A","PENDING","","","0.2.0","EXEC-1.1","2b4f41b124ab8772","",""
"A_b17ea2115aa9","A-SEP","A","PENDING","","","0.2.0","EXEC-1.1","2b4f41b124ab8772","",""
"A_5dfba0847641","A-SEP","A","PENDING","","","0.2.0","EXEC-1.1","2b4f41b124ab8772","",""
"A_7157ce3c0772","A-SEP","A","PENDING","","","0.2.0","EXEC-1.1","2b4f41b124ab8772","",""
"A_30afe754a47a","A-SEP","A","PENDING","","","0.2.0","EXEC-1.1","2b4f41b124ab8772","",""
"A_383fa5f049d4","A-SEP","A","PENDING","","","0.2.0","EXEC-1.1","2b4f41b124ab8772","",""
"A_e18c136b18cf","A-SEP","A","PENDING","","","0.2.0","EXEC-1.1","2b4f41b124ab8772","",""
"A_bee7aa41ab25","A-SEP","A","PENDING","","","0.2.0","EXEC-1.1","2b4f41b124ab8772","",""
"A_8679b69d629c","A-SEP","A","PENDING","","","0.2.0","EXEC-1.1","2b4f41b124ab8772","",""
"A_2e2b163edb1f","A-SEP","A","PENDING","","","0.2.0","EXEC-1.1","2b4f41b124ab8772","",""
"A_e3c09333c32f","A-SEP","A","PENDING","","","0.2.0","EXEC-1.1","2b4f41b124ab8772","",""
"A_221cb856cfb2","A-SEP","A","PENDING","","","0.2.0","EXEC-1.1","2b4f41b124ab8772","",""
"A_4fcd43f3cf27","A-SEP","A","PENDING","","","0.2.0","EXEC-1.1","2b4f41b124ab8772","",""
"A_9d28128efd77","A-SEP","A","PENDING","","","0.2.0","EXEC-1.1","2b4f41b124ab8772","",""
"A_854bbaa49d75","A-SEP","A","PENDING","","","0.2.0","EXEC-1.1","2b4f41b124ab8772","",""
"A_fc1a5ab14d44","A-SEP","A","PENDING","","","0.2.0","EXEC-1.1","2b4f41b124ab8772","",""
"A_df924c6b7eb8","A-SEP","A","PENDING","","","0.2.0","EXEC-1.1","2b4f41b124ab8772","",""
"A_d0461991d78e","A-SEP","A","PENDING","","","0.2.0","EXEC-1.1","2b4f41b124ab8772","",""
"A_fbbb0ea33f8b","A-SEP","A","PENDING","","","0.2.0","EXEC-1.1","2b4f41b124ab8772","",""
"A_4079db792e77","A-SEP","A","PENDING","","","0.2.0","EXEC-1.1","2b4f41b124ab8772","",""
"A_e7086c669d54","A-SEP","A","PENDING","","","0.2.0","EXEC-1.1","2b4f41b124ab8772","",""
"A_dfbf828f70e1","A-SEP","A","PENDING","","","0.2.0","EXEC-1.1","2b4f41b124ab8772","",""
"A_1ad32079115c","A-SEP","A","PENDING","","","0.2.0","EXEC-1.1","2b4f41b124ab8772","",""
"A_396f44f9e064","A-SEP","A","PENDING","","","0.2.0","EXEC-1.1","2b4f41b124ab8772","",""
"A_489c0fc46e7f","A-SEP","A","PENDING","","","0.2.0","EXEC-1.1","2b4f41b124ab8772","",""
"A_11758a2d12ef","A-SEP","A","PENDING","","","0.2.0","EXEC-1.1","2b4f41b124ab8772","",""
"A_5bb117a35805","A-SEP","A","PENDING","","","0.2.0","EXEC-1.1","2b4f41b124ab8772","",""
"A_967de9d71dca","A-SEP","A","PENDING","","","0.2.0","EXEC-1.1","2b4f41b124ab8772","",""
"A_fba859ab4646","A-HARV","A","PENDING","","","0.2.0","EXEC-1.1","2b4f41b124ab8772","",""
"A_d3fcb6b3e1c7","A-HARV","A","PENDING","","","0.2.0","EXEC-1.1","2b4f41b124ab8772","",""
"A_f39fd4236371","A-HARV","A","PENDING","","","0.2.0","EXEC-1.1","2b4f41b124ab8772","",""
"A_97f9a1d7c201","A-HARV","A","PENDING","","","0.2.0","EXEC-1.1","2b4f41b124ab8772","",""
"A_2e216209ed36","A-HARV","A","PENDING","","","0.2.0","EXEC-1.1","2b4f41b124ab8772","",""
"A_10e65e624fd9","A-HARV","A","PENDING","","","0.2.0","EXEC-1.1","2b4f41b124ab8772","",""
"A_7f8f1ba847db","A-HARV","A","PENDING","","","0.2.0","EXEC-1.1","2b4f41b124ab8772","",""
"A_dfc49d4cbe09","A-HARV","A","PENDING","","","0.2.0","EXEC-1.1","2b4f41b124ab8772","",""
"A_b8fca9b4de4d","A-HARV","A","PENDING","","","0.2.0","EXEC-1.1","2b4f41b124ab8772","",""
"A_7109f68de5e7","A-HARV","A","PENDING","","","0.2.0","EXEC-1.1","2b4f41b124ab8772","",""
"A_fc0add80fdaf","A-HARV","A","PENDING","","","0.2.0","EXEC-1.1","2b4f41b124ab8772","",""
"A_fefd673b8912","A-HARV","A","PENDING","","","0.2.0","EXEC-1.1","2b4f41b124ab8772","",""
"A_16a454409e83","A-HARV","A","PENDING","","","0.2.0","EXEC-1.1","2b4f41b124ab8772","",""
"A_100fe76efcb5","A-HARV","A","PENDING","","","0.2.0","EXEC-1.1","2b4f41b124ab8772","",""
"A_611db11b12cb","A-HARV","A","PENDING","","","0.2.0","EXEC-1.1","2b4f41b124ab8772","",""
"A_0e2eddfd0720","A-HARV","A","PENDING","","","0.2.0","EXEC-1.1","2b4f41b124ab8772","",""
"A_5a5edd98e786","A-HARV","A","PENDING","","","0.2.0","EXEC-1.1","2b4f41b124ab8772","",""
"A_7c510155f24f","A-HARV","A","PENDING","","","0.2.0","EXEC-1.1","2b4f41b124ab8772","",""
"A_3b4e729deeff","A-HARV","A","PENDING","","","0.2.0","EXEC-1.1","2b4f41b124ab8772","",""
"A_85a90c6a776c","A-HARV","A","PENDING","","","0.2.0","EXEC-1.1","2b4f41b124ab8772","",""
"A_ccc3aeeb7a04","A-HARV","A","PENDING","","","0.2.0","EXEC-1.1","2b4f41b124ab8772","",""
"A_b81ee92d0d8c","A-HARV","A","PENDING","","","0.2.0","EXEC-1.1","2b4f41b124ab8772","",""
"A_5ddb9489ee73","A-HARV","A","PENDING","","","0.2.0","EXEC-1.1","2b4f41b124ab8772","",""
"A_982fb6bbc0a6","A-HARV","A","PENDING","","","0.2.0","EXEC-1.1","2b4f41b124ab8772","",""
"A_c047f4aebc98","A-HARV","A","PENDING","","","0.2.0","EXEC-1.1","2b4f41b124ab8772","",""
"A_9841066ac219","A-HARV","A","PENDING","","","0.2.0","EXEC-1.1","2b4f41b124ab8772","",""
"A_3a73bd617c5c","A-HARV","A","PENDING","","","0.2.0","EXEC-1.1","2b4f41b124ab8772","",""
"A_b927724562e8","A-HARV","A","PENDING","","","0.2.0","EXEC-1.1","2b4f41b124ab8772","",""
"A_5d4a2feadf55","A-HARV","A","PENDING","","","0.2.0","EXEC-1.1","2b4f41b124ab8772","",""
"A_d07a0a20036d","A-HARV","A","PENDING","","","0.2.0","EXEC-1.1","2b4f41b124ab8772","",""
"A_f013e03529d1","A-HARV","A","PENDING","","","0.2.0","EXEC-1.1","2b4f41b124ab8772","",""
"A_9f61d43170d0","A-HARV","A","PENDING","","","0.2.0","EXEC-1.1","2b4f41b124ab8772","",""
"A_488d028d4baa","A-HARV","A","PENDING","","","0.2.0","EXEC-1.1","2b4f41b124ab8772","",""
"A_5615a31a1d68","A-HARV","A","PENDING","","","0.2.0","EXEC-1.1","2b4f41b124ab8772","",""
"A_d5429665d080","A-HARV-CORE","A","PENDING","","","0.2.0","EXEC-1.1","2b4f41b124ab8772","",""
"A_b3a476affe4b","A-HARV-CORE","A","PENDING","","","0.2.0","EXEC-1.1","2b4f41b124ab8772","",""
"A_97be206fd485","A-HARV","A","PENDING","","","0.2.0","EXEC-1.1","2b4f41b124ab8772","",""
"A_7dad56ccc575","A-HARV","A","PENDING","","","0.2.0","EXEC-1.1","2b4f41b124ab8772","",""
"A_667f96c457da","A-HARV","A","PENDING","","","0.2.0","EXEC-1.1","2b4f41b124ab8772","",""
"A_13245c6276b6","A-HARV","A","PENDING","","","0.2.0","EXEC-1.1","2b4f41b124ab8772","",""
"A_f464ac8f330a","A-HARV","A","PENDING","","","0.2.0","EXEC-1.1","2b4f41b124ab8772","",""
"A_dada7971e56b","A-HARV","A","PENDING","","","0.2.0","EXEC-1.1","2b4f41b124ab8772","",""
"A_e30d899d91a7","A-HARV","A","PENDING","","","0.2.0","EXEC-1.1","2b4f41b124ab8772","",""
"A_315434eaa8f3","A-HARV","A","PENDING","","","0.2.0","EXEC-1.1","2b4f41b124ab8772","",""
"A_4f67b39de222","A-HARV","A","PENDING","","","0.2.0","EXEC-1.1","2b4f41b124ab8772","",""
"A_2aad132a1ec9","A-HARV","A","PENDING","","","0.2.0","EXEC-1.1","2b4f41b124ab8772","",""
"A_c0a3917fb79a","A-HARV","A","PENDING","","","0.2.0","EXEC-1.1","2b4f41b124ab8772","",""
"A_ca9185bb46dc","A-HARV","A","PENDING","","","0.2.0","EXEC-1.1","2b4f41b124ab8772","",""
"A_0c7dfe7615ac","A-HARV","A","PENDING","","","0.2.0","EXEC-1.1","2b4f41b124ab8772","",""
"A_fb554164aad5","A-HARV","A","PENDING","","","0.2.0","EXEC-1.1","2b4f41b124ab8772","",""
"A_3bc6faf9f702","A-HARV","A","PENDING","","","0.2.0","EXEC-1.1","2b4f41b124ab8772","",""
"A_bada07238717","A-HARV","A","PENDING","","","0.2.0","EXEC-1.1","2b4f41b124ab8772","",""
"A_8630688ee0ec","A-HARV","A","PENDING","","","0.2.0","EXEC-1.1","2b4f41b124ab8772","",""
"A_20001fd4c78d","A-HARV","A","PENDING","","","0.2.0","EXEC-1.1","2b4f41b124ab8772","",""
"A_f0711d46cb39","A-HARV","A","PENDING","","","0.2.0","EXEC-1.1","2b4f41b124ab8772","",""
"A_98b56709c2ef","A-HARV","A","PENDING","","","0.2.0","EXEC-1.1","2b4f41b124ab8772","",""
"A_5cee9e51b664","A-HARV","A","PENDING","","","0.2.0","EXEC-1.1","2b4f41b124ab8772","",""
"A_2c8307fc4c4d","A-HARV","A","PENDING","","","0.2.0","EXEC-1.1","2b4f41b124ab8772","",""
"A_1e10037af836","A-HARV","A","PENDING","","","0.2.0","EXEC-1.1","2b4f41b124ab8772","",""
"A_dedfe3443061","A-HARV","A","PENDING","","","0.2.0","EXEC-1.1","2b4f41b124ab8772","",""
"A_d27ead126db2","A-HARV","A","PENDING","","","0.2.0","EXEC-1.1","2b4f41b124ab8772","",""
"A_0650b051e1f9","A-HARV","A","PENDING","","","0.2.0","EXEC-1.1","2b4f41b124ab8772","",""
"A_36f8eda65808","A-HARV","A","PENDING","","","0.2.0","EXEC-1.1","2b4f41b124ab8772","",""
"A_2bb2e9a39df6","A-HARV","A","PENDING","","","0.2.0","EXEC-1.1","2b4f41b124ab8772","",""
"A_d7a9d37ccfc6","A-HARV","A","PENDING","","","0.2.0","EXEC-1.1","2b4f41b124ab8772","",""
"A_37ff391ca6e5","A-HARV","A","PENDING","","","0.2.0","EXEC-1.1","2b4f41b124ab8772","",""
"A_e18c75bb1611","A-HARV","A","PENDING","","","0.2.0","EXEC-1.1","2b4f41b124ab8772","",""
"A_7b54e7cfaa24","A-HARV","A","PENDING","","","0.2.0","EXEC-1.1","2b4f41b124ab8772","",""
"A_324021fc47f8","A-HARV","A","PENDING","","","0.2.0","EXEC-1.1","2b4f41b124ab8772","",""
"A_36a5a013d130","A-HARV","A","PENDING","","","0.2.0","EXEC-1.1","2b4f41b124ab8772","",""
"A_0f39c591cfd0","A-HARV-CORE","A","PENDING","","","0.2.0","EXEC-1.1","2b4f41b124ab8772","",""
"A_7d0fd1a6dace","A-HARV-CORE","A","PENDING","","","0.2.0","EXEC-1.1","2b4f41b124ab8772","",""
"A_156fbd48bb33","A-HARV","A","PENDING","","","0.2.0","EXEC-1.1","2b4f41b124ab8772","",""
"A_f95466163e9b","A-HARV","A","PENDING","","","0.2.0","EXEC-1.1","2b4f41b124ab8772","",""
"A_0bba29769dec","A-HARV","A","PENDING","","","0.2.0","EXEC-1.1","2b4f41b124ab8772","",""
"A_9f355a9549cd","A-HARV","A","PENDING","","","0.2.0","EXEC-1.1","2b4f41b124ab8772","",""
"A_494eb96ceb2b","A-HARV","A","PENDING","","","0.2.0","EXEC-1.1","2b4f41b124ab8772","",""
"A_404b58141aa5","A-HARV","A","PENDING","","","0.2.0","EXEC-1.1","2b4f41b124ab8772","",""
"A_fea7add376c2","A-HARV","A","PENDING","","","0.2.0","EXEC-1.1","2b4f41b124ab8772","",""
"A_5fae09440e09","A-HARV","A","PENDING","","","0.2.0","EXEC-1.1","2b4f41b124ab8772","",""
"A_625bf06be01a","A-HARV","A","PENDING","","","0.2.0","EXEC-1.1","2b4f41b124ab8772","",""
"A_6d70012c0d39","A-HARV","A","PENDING","","","0.2.0","EXEC-1.1","2b4f41b124ab8772","",""
"A_6cf53cded4a9","A-HARV","A","PENDING","","","0.2.0","EXEC-1.1","2b4f41b124ab8772","",""
"A_adccf4a6dfd8","A-HARV","A","PENDING","","","0.2.0","EXEC-1.1","2b4f41b124ab8772","",""
"A_fc6cccbdd4b3","A-HARV","A","PENDING","","","0.2.0","EXEC-1.1","2b4f41b124ab8772","",""
"A_f7c7e3c7c695","A-HARV","A","PENDING","","","0.2.0","EXEC-1.1","2b4f41b124ab8772","",""
"A_0305abfad62f","A-HARV","A","PENDING","","","0.2.0","EXEC-1.1","2b4f41b124ab8772","",""
"A_f3ddb336cdee","A-HARV","A","PENDING","","","0.2.0","EXEC-1.1","2b4f41b124ab8772","",""
"A_7cc27724d5df","A-HARV","A","PENDING","","","0.2.0","EXEC-1.1","2b4f41b124ab8772","",""
"A_2a64175e1fee","A-HARV","A","PENDING","","","0.2.0","EXEC-1.1","2b4f41b124ab8772","",""
"A_b5a2f403570c","A-HARV","A","PENDING","","","0.2.0","EXEC-1.1","2b4f41b124ab8772","",""
"A_14752652ca4d","A-HARV","A","PENDING","","","0.2.0","EXEC-1.1","2b4f41b124ab8772","",""
"A_45f0c997d5e8","A-HARV","A","PENDING","","","0.2.0","EXEC-1.1","2b4f41b124ab8772","",""
"A_0f7a73c70f72","A-HARV","A","PENDING","","","0.2.0","EXEC-1.1","2b4f41b124ab8772","",""
"A_545b2d457272","A-HARV","A","PENDING","","","0.2.0","EXEC-1.1","2b4f41b124ab8772","",""
"A_a0504a84d148","A-HARV","A","PENDING","","","0.2.0","EXEC-1.1","2b4f41b124ab8772","",""
"A_379b17d1cee6","A-HARV","A","PENDING","","","0.2.0","EXEC-1.1","2b4f41b124ab8772","",""
"A_5647e45f4c6f","A-HARV","A","PENDING","","","0.2.0","EXEC-1.1","2b4f41b124ab8772","",""
"A_9e067f70ab2b","A-HARV","A","PENDING","","","0.2.0","EXEC-1.1","2b4f41b124ab8772","",""
"A_392b55e12a96","A-HARV","A","PENDING","","","0.2.0","EXEC-1.1","2b4f41b124ab8772","",""
"A_29c1d14bb709","A-HARV","A","PENDING","","","0.2.0","EXEC-1.1","2b4f41b124ab8772","",""
"A_015782b211d0","A-HARV","A","PENDING","","","0.2.0","EXEC-1.1","2b4f41b124ab8772","",""
"A_cd31a8a121ec","A-HARV","A","PENDING","","","0.2.0","EXEC-1.1","2b4f41b124ab8772","",""
"A_d2f8ae0d80bc","A-HARV","A","PENDING","","","0.2.0","EXEC-1.1","2b4f41b124ab8772","",""
"A_cb53fa8045de","A-HARV","A","PENDING","","","0.2.0","EXEC-1.1","2b4f41b124ab8772","",""
"A_b6046ebd0a2d","A-HARV","A","PENDING","","","0.2.0","EXEC-1.1","2b4f41b124ab8772","",""
"A_b9d2827ac188","A-HARV-CORE","A","PENDING","","","0.2.0","EXEC-1.1","2b4f41b124ab8772","",""
"A_362e9ac492c8","A-HARV-CORE","A","PENDING","","","0.2.0","EXEC-1.1","2b4f41b124ab8772","",""
"A_694566f29b56","A-SALV","A","PENDING","","","0.2.0","EXEC-1.1","2b4f41b124ab8772","",""
"A_00dc48bb30d0","A-SALV","A","PENDING","","","0.2.0","EXEC-1.1","2b4f41b124ab8772","",""
"A_e454af5213ed","A-SALV","A","PENDING","","","0.2.0","EXEC-1.1","2b4f41b124ab8772","",""
"A_8c3403562e05","A-SALV","A","PENDING","","","0.2.0","EXEC-1.1","2b4f41b124ab8772","",""
"A_b3668a04f43c","A-SALV","A","PENDING","","","0.2.0","EXEC-1.1","2b4f41b124ab8772","",""
"A_55d0e2ea7804","A-SALV","A","PENDING","","","0.2.0","EXEC-1.1","2b4f41b124ab8772","",""
"A_72357ca6722e","A-SALV","A","PENDING","","","0.2.0","EXEC-1.1","2b4f41b124ab8772","",""
"A_bf6635d9a57f","A-SALV","A","PENDING","","","0.2.0","EXEC-1.1","2b4f41b124ab8772","",""
"A_d9296fd62261","A-SALV","A","PENDING","","","0.2.0","EXEC-1.1","2b4f41b124ab8772","",""
"A_a52a97fdea33","A-SALV","A","PENDING","","","0.2.0","EXEC-1.1","2b4f41b124ab8772","",""
"A_29d68942a123","A-SALV","A","PENDING","","","0.2.0","EXEC-1.1","2b4f41b124ab8772","",""
"A_926e12ca6d14","A-SALV","A","PENDING","","","0.2.0","EXEC-1.1","2b4f41b124ab8772","",""
"A_4eeb4a8573d1","A-SALV","A","PENDING","","","0.2.0","EXEC-1.1","2b4f41b124ab8772","",""
"A_86ec979722bc","A-SALV","A","PENDING","","","0.2.0","EXEC-1.1","2b4f41b124ab8772","",""
"A_c8880b4675d2","A-SALV","A","PENDING","","","0.2.0","EXEC-1.1","2b4f41b124ab8772","",""
"A_ec5a5ad1495e","A-SALV","A","PENDING","","","0.2.0","EXEC-1.1","2b4f41b124ab8772","",""
"A_dc0cd454e4b7","A-SALV","A","PENDING","","","0.2.0","EXEC-1.1","2b4f41b124ab8772","",""
"A_f83ac2b9ec69","A-SALV","A","PENDING","","","0.2.0","EXEC-1.1","2b4f41b124ab8772","",""
"A_56b2004f41a0","A-SALV","A","PENDING","","","0.2.0","EXEC-1.1","2b4f41b124ab8772","",""
"A_281ef19b8ced","A-SALV","A","PENDING","","","0.2.0","EXEC-1.1","2b4f41b124ab8772","",""
"A_ad3069cdc0db","A-SALV","A","PENDING","","","0.2.0","EXEC-1.1","2b4f41b124ab8772","",""
"A_b06ffecddd31","A-SALV","A","PENDING","","","0.2.0","EXEC-1.1","2b4f41b124ab8772","",""
"A_0e7d03388cca","A-SALV","A","PENDING","","","0.2.0","EXEC-1.1","2b4f41b124ab8772","",""
"A_2f93bba114e6","A-SALV","A","PENDING","","","0.2.0","EXEC-1.1","2b4f41b124ab8772","",""
"A_fac57a40d196","A-SALV","A","PENDING","","","0.2.0","EXEC-1.1","2b4f41b124ab8772","",""
"A_e37a4021475c","A-SALV","A","PENDING","","","0.2.0","EXEC-1.1","2b4f41b124ab8772","",""
"A_d94d706dde93","A-SALV","A","PENDING","","","0.2.0","EXEC-1.1","2b4f41b124ab8772","",""
"A_670bca646638","A-SALV","A","PENDING","","","0.2.0","EXEC-1.1","2b4f41b124ab8772","",""
"A_99dc81115dcb","A-SALV","A","PENDING","","","0.2.0","EXEC-1.1","2b4f41b124ab8772","",""
"A_323e7b31e4ef","A-SALV","A","PENDING","","","0.2.0","EXEC-1.1","2b4f41b124ab8772","",""
"A_f087bcd0b3a7","A-SALV","A","PENDING","","","0.2.0","EXEC-1.1","2b4f41b124ab8772","",""
"A_4342c93231c4","A-SALV","A","PENDING","","","0.2.0","EXEC-1.1","2b4f41b124ab8772","",""
"A_a067678a6197","A-SALV","A","PENDING","","","0.2.0","EXEC-1.1","2b4f41b124ab8772","",""
"A_794b24059908","A-SALV","A","PENDING","","","0.2.0","EXEC-1.1","2b4f41b124ab8772","",""
"A_1a61f7cd3a2f","A-SALV","A","PENDING","","","0.2.0","EXEC-1.1","2b4f41b124ab8772","",""
"A_2818a2f43482","A-SALV","A","PENDING","","","0.2.0","EXEC-1.1","2b4f41b124ab8772","",""
"A_08efb394ce21","A-SALV","A","PENDING","","","0.2.0","EXEC-1.1","2b4f41b124ab8772","",""
"A_2a87a21b85e1","A-SALV","A","PENDING","","","0.2.0","EXEC-1.1","2b4f41b124ab8772","",""
"A_1f079a0a013d","A-SALV","A","PENDING","","","0.2.0","EXEC-1.1","2b4f41b124ab8772","",""
"A_a09b92f2619f","A-SALV","A","PENDING","","","0.2.0","EXEC-1.1","2b4f41b124ab8772","",""
"A_05851cbd0620","A-SALV","A","PENDING","","","0.2.0","EXEC-1.1","2b4f41b124ab8772","",""
"A_96c6d2798da8","A-SALV","A","PENDING","","","0.2.0","EXEC-1.1","2b4f41b124ab8772","",""
"A_55d559be02d1","A-SALV","A","PENDING","","","0.2.0","EXEC-1.1","2b4f41b124ab8772","",""
"A_36ce71d3129f","A-SALV","A","PENDING","","","0.2.0","EXEC-1.1","2b4f41b124ab8772","",""
"A_52344802286b","A-SALV","A","PENDING","","","0.2.0","EXEC-1.1","2b4f41b124ab8772","",""
"A_aba24fa3fd6f","A-SALV","A","PENDING","","","0.2.0","EXEC-1.1","2b4f41b124ab8772","",""
"A_6627e189edb3","A-SALV","A","PENDING","","","0.2.0","EXEC-1.1","2b4f41b124ab8772","",""
"A_57ce6530cf54","A-SALV","A","PENDING","","","0.2.0","EXEC-1.1","2b4f41b124ab8772","",""
"A_875f48eae32c","A-SALV","A","PENDING","","","0.2.0","EXEC-1.1","2b4f41b124ab8772","",""
"A_bdaa6fbd57b3","A-SALV","A","PENDING","","","0.2.0","EXEC-1.1","2b4f41b124ab8772","",""
"A_fff01ee71da9","A-SALV","A","PENDING","","","0.2.0","EXEC-1.1","2b4f41b124ab8772","",""
"A_d1f4ac18650f","A-SALV","A","PENDING","","","0.2.0","EXEC-1.1","2b4f41b124ab8772","",""
"A_b97fd72f14f0","A-SALV","A","PENDING","","","0.2.0","EXEC-1.1","2b4f41b124ab8772","",""
"A_d7c1b6f7730b","A-SALV","A","PENDING","","","0.2.0","EXEC-1.1","2b4f41b124ab8772","",""
"A_10b6b8def2f8","A-SALV","A","PENDING","","","0.2.0","EXEC-1.1","2b4f41b124ab8772","",""
"A_c847e6ef5aec","A-SALV","A","PENDING","","","0.2.0","EXEC-1.1","2b4f41b124ab8772","",""
"A_9197c171855a","A-SALV","A","PENDING","","","0.2.0","EXEC-1.1","2b4f41b124ab8772","",""
"A_0505da60b425","A-SALV","A","PENDING","","","0.2.0","EXEC-1.1","2b4f41b124ab8772","",""
"A_644ec608f07e","A-SALV","A","PENDING","","","0.2.0","EXEC-1.1","2b4f41b124ab8772","",""
"A_8733abf71014","A-SALV","A","PENDING","","","0.2.0","EXEC-1.1","2b4f41b124ab8772","",""
"A_4a35ea33aa36","A-SALV","A","PENDING","","","0.2.0","EXEC-1.1","2b4f41b124ab8772","",""
"A_ffa7571aa580","A-SALV","A","PENDING","","","0.2.0","EXEC-1.1","2b4f41b124ab8772","",""
"A_847d3d448790","A-SALV","A","PENDING","","","0.2.0","EXEC-1.1","2b4f41b124ab8772","",""
"A_2bc1e771b080","A-SALV","A","PENDING","","","0.2.0","EXEC-1.1","2b4f41b124ab8772","",""
"A_4de37d844237","A-SALV","A","PENDING","","","0.2.0","EXEC-1.1","2b4f41b124ab8772","",""
"A_c8c41b5236bb","A-SALV","A","PENDING","","","0.2.0","EXEC-1.1","2b4f41b124ab8772","",""
"A_60c71f0d1bd8","A-SALV","A","PENDING","","","0.2.0","EXEC-1.1","2b4f41b124ab8772","",""
"A_4d7edc338fa4","A-SALV","A","PENDING","","","0.2.0","EXEC-1.1","2b4f41b124ab8772","",""
"A_afe6f4f741d2","A-SALV","A","PENDING","","","0.2.0","EXEC-1.1","2b4f41b124ab8772","",""
"A_d9fafb9df672","A-SALV","A","PENDING","","","0.2.0","EXEC-1.1","2b4f41b124ab8772","",""
"A_08958ed81e0f","A-SALV","A","PENDING","","","0.2.0","EXEC-1.1","2b4f41b124ab8772","",""
"A_8ab2f8064a8b","A-SALV","A","PENDING","","","0.2.0","EXEC-1.1","2b4f41b124ab8772","",""
"A_d781fc733280","A-SALV","A","PENDING","","","0.2.0","EXEC-1.1","2b4f41b124ab8772","",""
"A_e4f7be192441","A-SALV","A","PENDING","","","0.2.0","EXEC-1.1","2b4f41b124ab8772","",""
"A_c4a68d4f19b8","A-SALV","A","PENDING","","","0.2.0","EXEC-1.1","2b4f41b124ab8772","",""
"A_e1f9f96fd1e7","A-SALV","A","PENDING","","","0.2.0","EXEC-1.1","2b4f41b124ab8772","",""
"A_6568bb01a77a","A-SALV","A","PENDING","","","0.2.0","EXEC-1.1","2b4f41b124ab8772","",""
"A_1b639af2180b","A-SALV","A","PENDING","","","0.2.0","EXEC-1.1","2b4f41b124ab8772","",""
"A_c46091794da5","A-SALV","A","PENDING","","","0.2.0","EXEC-1.1","2b4f41b124ab8772","",""
"A_42b1a7c75a3d","A-SALV","A","PENDING","","","0.2.0","EXEC-1.1","2b4f41b124ab8772","",""
"A_6d0758dec833","A-SALV","A","PENDING","","","0.2.0","EXEC-1.1","2b4f41b124ab8772","",""
"A_77a039bff256","A-SALV","A","PENDING","","","0.2.0","EXEC-1.1","2b4f41b124ab8772","",""
"A_4baeb0327c33","A-SALV","A","PENDING","","","0.2.0","EXEC-1.1","2b4f41b124ab8772","",""
"A_a8ff84f6f678","A-SALV","A","PENDING","","","0.2.0","EXEC-1.1","2b4f41b124ab8772","",""
"A_22371a91dce0","A-SALV","A","PENDING","","","0.2.0","EXEC-1.1","2b4f41b124ab8772","",""
"A_aaa9a97813e9","A-SALV","A","PENDING","","","0.2.0","EXEC-1.1","2b4f41b124ab8772","",""
"A_dd04a06552e0","A-SALV","A","PENDING","","","0.2.0","EXEC-1.1","2b4f41b124ab8772","",""
"A_5c8099127771","A-SALV","A","PENDING","","","0.2.0","EXEC-1.1","2b4f41b124ab8772","",""
"A_ce47abfe7671","A-SALV","A","PENDING","","","0.2.0","EXEC-1.1","2b4f41b124ab8772","",""
"A_634e3fd2c62e","A-SALV","A","PENDING","","","0.2.0","EXEC-1.1","2b4f41b124ab8772","",""
"A_50ad018f2f0b","A-SALV","A","PENDING","","","0.2.0","EXEC-1.1","2b4f41b124ab8772","",""
"A_0eb46378690f","A-SALV","A","PENDING","","","0.2.0","EXEC-1.1","2b4f41b124ab8772","",""
"A_b6fc53c239b1","A-SALV","A","PENDING","","","0.2.0","EXEC-1.1","2b4f41b124ab8772","",""
"A_9dcd03782912","A-SALV","A","PENDING","","","0.2.0","EXEC-1.1","2b4f41b124ab8772","",""
"A_92e3bd587a83","A-CSM","A","PENDING","","","0.2.0","EXEC-1.1","2b4f41b124ab8772","",""
"A_ac782baef10c","A-CSM","A","PENDING","","","0.2.0","EXEC-1.1","2b4f41b124ab8772","",""
"A_10834447d325","A-CSM","A","PENDING","","","0.2.0","EXEC-1.1","2b4f41b124ab8772","",""
"A_94b5d80f3ff5","A-CSM","A","PENDING","","","0.2.0","EXEC-1.1","2b4f41b124ab8772","",""
"A_15b14fa3dffb","A-CSM","A","PENDING","","","0.2.0","EXEC-1.1","2b4f41b124ab8772","",""
"A_aec9a4ac0acb","A-CSM","A","PENDING","","","0.2.0","EXEC-1.1","2b4f41b124ab8772","",""
"A_be7d7602e049","A-CSM","A","PENDING","","","0.2.0","EXEC-1.1","2b4f41b124ab8772","",""
"A_83182d85349a","A-CSM","A","PENDING","","","0.2.0","EXEC-1.1","2b4f41b124ab8772","",""
"A_66bd17559c58","A-CSM","A","PENDING","","","0.2.0","EXEC-1.1","2b4f41b124ab8772","",""
"A_7320d339b2f1","A-CSM","A","PENDING","","","0.2.0","EXEC-1.1","2b4f41b124ab8772","",""
"A_02e745c37258","A-CSM","A","PENDING","","","0.2.0","EXEC-1.1","2b4f41b124ab8772","",""
"A_cee30006c2df","A-CSM","A","PENDING","","","0.2.0","EXEC-1.1","2b4f41b124ab8772","",""
"A_3453dcb550a2","A-CSM","A","PENDING","","","0.2.0","EXEC-1.1","2b4f41b124ab8772","",""
"A_a8d4a6589e9b","A-CSM","A","PENDING","","","0.2.0","EXEC-1.1","2b4f41b124ab8772","",""
"A_bfc832f52fcd","A-CSM","A","PENDING","","","0.2.0","EXEC-1.1","2b4f41b124ab8772","",""
"A_e4e875d1fd3a","A-CSM","A","PENDING","","","0.2.0","EXEC-1.1","2b4f41b124ab8772","",""
"A_6161167c1437","A-CSM","A","PENDING","","","0.2.0","EXEC-1.1","2b4f41b124ab8772","",""
"A_a7ea9f81c97c","A-CSM","A","PENDING","","","0.2.0","EXEC-1.1","2b4f41b124ab8772","",""
"A_f977bc5ca542","A-CSM","A","PENDING","","","0.2.0","EXEC-1.1","2b4f41b124ab8772","",""
"A_94f9e46e92e9","A-CSM","A","PENDING","","","0.2.0","EXEC-1.1","2b4f41b124ab8772","",""
"A_9468169509f5","A-CSM","A","PENDING","","","0.2.0","EXEC-1.1","2b4f41b124ab8772","",""
"A_70f02f561952","A-CSM","A","PENDING","","","0.2.0","EXEC-1.1","2b4f41b124ab8772","",""
"A_021db4e7b28a","A-CSM","A","PENDING","","","0.2.0","EXEC-1.1","2b4f41b124ab8772","",""
"A_ed6751e2c09b","A-CSM","A","PENDING","","","0.2.0","EXEC-1.1","2b4f41b124ab8772","",""
"A_f0a291d4d3bc","A-CSM","A","PENDING","","","0.2.0","EXEC-1.1","2b4f41b124ab8772","",""
"A_7e1c10338b00","A-CSM","A","PENDING","","","0.2.0","EXEC-1.1","2b4f41b124ab8772","",""
"A_222534f27d9d","A-CSM","A","PENDING","","","0.2.0","EXEC-1.1","2b4f41b124ab8772","",""
"A_d555f0d03986","A-CSM","A","PENDING","","","0.2.0","EXEC-1.1","2b4f41b124ab8772","",""
"A_0f41e7a10f51","A-CSM","A","PENDING","","","0.2.0","EXEC-1.1","2b4f41b124ab8772","",""
"A_53ac321e6a59","A-CSM","A","PENDING","","","0.2.0","EXEC-1.1","2b4f41b124ab8772","",""
"A_25ebe6aeafb9","A-CSM","A","PENDING","","","0.2.0","EXEC-1.1","2b4f41b124ab8772","",""
"A_1c3b529233d0","A-CSM","A","PENDING","","","0.2.0","EXEC-1.1","2b4f41b124ab8772","",""
"A_76e30122a2d8","A-CSM","A","PENDING","","","0.2.0","EXEC-1.1","2b4f41b124ab8772","",""
"A_8070e80b13fd","A-CSM","A","PENDING","","","0.2.0","EXEC-1.1","2b4f41b124ab8772","",""
"A_299253148226","A-CSM","A","PENDING","","","0.2.0","EXEC-1.1","2b4f41b124ab8772","",""
"A_a8807cd76447","A-CSM","A","PENDING","","","0.2.0","EXEC-1.1","2b4f41b124ab8772","",""
"A_64d73c20d050","A-CSM","A","PENDING","","","0.2.0","EXEC-1.1","2b4f41b124ab8772","",""
"A_bc5b362c3ae7","A-CSM","A","PENDING","","","0.2.0","EXEC-1.1","2b4f41b124ab8772","",""
"A_5bcf4bf19f96","A-CSM","A","PENDING","","","0.2.0","EXEC-1.1","2b4f41b124ab8772","",""
"A_a90c5bbfcd78","A-CSM","A","PENDING","","","0.2.0","EXEC-1.1","2b4f41b124ab8772","",""
"A_7d5b0b0776d8","A-CSM","A","PENDING","","","0.2.0","EXEC-1.1","2b4f41b124ab8772","",""
"A_338e01bb7ed4","A-CSM","A","PENDING","","","0.2.0","EXEC-1.1","2b4f41b124ab8772","",""
"A_287c3a3e74c5","A-CSM","A","PENDING","","","0.2.0","EXEC-1.1","2b4f41b124ab8772","",""
"A_44e134ac5691","A-CSM","A","PENDING","","","0.2.0","EXEC-1.1","2b4f41b124ab8772","",""
"A_59e17edebce6","A-CSM","A","PENDING","","","0.2.0","EXEC-1.1","2b4f41b124ab8772","",""
"A_d83521a5c068","A-CSM","A","PENDING","","","0.2.0","EXEC-1.1","2b4f41b124ab8772","",""
"A_6f8800f1353b","A-CSM","A","PENDING","","","0.2.0","EXEC-1.1","2b4f41b124ab8772","",""
"A_0d1706b74368","A-CSM","A","PENDING","","","0.2.0","EXEC-1.1","2b4f41b124ab8772","",""
"A_8e0430f8385f","A-CSM","A","PENDING","","","0.2.0","EXEC-1.1","2b4f41b124ab8772","",""
"A_532e6f6f271f","A-CSM","A","PENDING","","","0.2.0","EXEC-1.1","2b4f41b124ab8772","",""
"A_3e4b73f8cf42","A-CSM","A","PENDING","","","0.2.0","EXEC-1.1","2b4f41b124ab8772","",""
"A_213e6d9f53d4","A-NULL-A","A","PENDING","","","0.2.0","EXEC-1.1","2b4f41b124ab8772","",""
"A_a4079bbd086d","A-NULL-A","A","PENDING","","","0.2.0","EXEC-1.1","2b4f41b124ab8772","",""
"A_ca8ebc16573b","A-NULL-A","A","PENDING","","","0.2.0","EXEC-1.1","2b4f41b124ab8772","",""
"A_8ff4096e0607","A-NULL-A","A","PENDING","","","0.2.0","EXEC-1.1","2b4f41b124ab8772","",""
"A_ec4ebe4c4d79","A-NULL-A","A","PENDING","","","0.2.0","EXEC-1.1","2b4f41b124ab8772","",""
"A_3d6100ea353f","A-NULL-A","A","PENDING","","","0.2.0","EXEC-1.1","2b4f41b124ab8772","",""
"A_93cd6811626c","A-NULL-A","A","PENDING","","","0.2.0","EXEC-1.1","2b4f41b124ab8772","",""
"A_94c5bf61b3be","A-NULL-A","A","PENDING","","","0.2.0","EXEC-1.1","2b4f41b124ab8772","",""
"A_3b06e9f910e5","A-NULL-A","A","PENDING","","","0.2.0","EXEC-1.1","2b4f41b124ab8772","",""
"A_8dbd6c73b20d","A-NULL-B","A","PENDING","","","0.2.0","EXEC-1.1","2b4f41b124ab8772","",""
"A_04e46ce649fe","A-NULL-B","A","PENDING","","","0.2.0","EXEC-1.1","2b4f41b124ab8772","",""
"A_24cbdff4d1e6","A-NULL-B","A","PENDING","","","0.2.0","EXEC-1.1","2b4f41b124ab8772","",""
"A_1882247cb7fe","A-NULL-B","A","PENDING","","","0.2.0","EXEC-1.1","2b4f41b124ab8772","",""
"A_0a7fea73fd70","A-NULL-B","A","PENDING","","","0.2.0","EXEC-1.1","2b4f41b124ab8772","",""
"A_d9834bbac517","A-NULL-B","A","PENDING","","","0.2.0","EXEC-1.1","2b4f41b124ab8772","",""
"A_74640fc38560","A-NULL-C","A","PENDING","","","0.2.0","EXEC-1.1","2b4f41b124ab8772","",""
"A_2833381a09aa","A-NULL-C","A","PENDING","","","0.2.0","EXEC-1.1","2b4f41b124ab8772","",""
"A_590c049557a7","A-NULL-C","A","PENDING","","","0.2.0","EXEC-1.1","2b4f41b124ab8772","",""
"A_e52425b880a3","A-NULL-C","A","PENDING","","","0.2.0","EXEC-1.1","2b4f41b124ab8772","",""
"A_47f28f36e559","A-NULL-C","A","PENDING","","","0.2.0","EXEC-1.1","2b4f41b124ab8772","",""
"A_a03660ee63eb","A-NULL-C","A","PENDING","","","0.2.0","EXEC-1.1","2b4f41b124ab8772","",""
"A_8794bec7ac00","A-NULL-C","A","PENDING","","","0.2.0","EXEC-1.1","2b4f41b124ab8772","",""
"A_75e0cbb8b04a","A-NULL-C","A","PENDING","","","0.2.0","EXEC-1.1","2b4f41b124ab8772","",""
"A_6f8c8ba09dcd","A-NULL-C","A","PENDING","","","0.2.0","EXEC-1.1","2b4f41b124ab8772","",""
"A_84c206dc0e34","A-NULL-C","A","PENDING","","","0.2.0","EXEC-1.1","2b4f41b124ab8772","",""
"A_456d2734ccf9","A-NULL-C","A","PENDING","","","0.2.0","EXEC-1.1","2b4f41b124ab8772","",""
"A_08fe2adff222","A-NULL-C","A","PENDING","","","0.2.0","EXEC-1.1","2b4f41b124ab8772","",""
"A_dae88e517891","A-NULL-C","A","PENDING","","","0.2.0","EXEC-1.1","2b4f41b124ab8772","",""
"A_d1dacaf40dcd","A-NULL-C","A","PENDING","","","0.2.0","EXEC-1.1","2b4f41b124ab8772","",""
"A_0aa748c18a30","A-NULL-C","A","PENDING","","","0.2.0","EXEC-1.1","2b4f41b124ab8772","",""
"A_3612f23ea0fb","A-NULL-C","A","PENDING","","","0.2.0","EXEC-1.1","2b4f41b124ab8772","",""
"A_54b9deff6b57","A-NULL-C","A","PENDING","","","0.2.0","EXEC-1.1","2b4f41b124ab8772","",""
"A_2fd1793a5a6f","A-NULL-C","A","PENDING","","","0.2.0","EXEC-1.1","2b4f41b124ab8772","",""
"A_b5f4f121ee65","A-NULL-C","A","PENDING","","","0.2.0","EXEC-1.1","2b4f41b124ab8772","",""
"A_789930e3769f","A-NULL-C","A","PENDING","","","0.2.0","EXEC-1.1","2b4f41b124ab8772","",""
"A_882ce4a15f22","A-NULL-C","A","PENDING","","","0.2.0","EXEC-1.1","2b4f41b124ab8772","",""
"A_1ca761c7799b","A-NULL-C","A","PENDING","","","0.2.0","EXEC-1.1","2b4f41b124ab8772","",""
"A_c7011a1411e0","A-NULL-C","A","PENDING","","","0.2.0","EXEC-1.1","2b4f41b124ab8772","",""
"A_2291399dfff2","A-NULL-C","A","PENDING","","","0.2.0","EXEC-1.1","2b4f41b124ab8772","",""
"A_3fff624f865c","A-NULL-C","A","PENDING","","","0.2.0","EXEC-1.1","2b4f41b124ab8772","",""
"A_9fca53107301","A-NULL-C","A","PENDING","","","0.2.0","EXEC-1.1","2b4f41b124ab8772","",""
"A_ddf64240c23d","A-NULL-C","A","PENDING","","","0.2.0","EXEC-1.1","2b4f41b124ab8772","",""
"A_be42426d100f","A-NULL-C","A","PENDING","","","0.2.0","EXEC-1.1","2b4f41b124ab8772","",""
"A_ef1e2c3ba65b","A-NULL-C","A","PENDING","","","0.2.0","EXEC-1.1","2b4f41b124ab8772","",""
"A_7653d99c6223","A-NULL-C","A","PENDING","","","0.2.0","EXEC-1.1","2b4f41b124ab8772","",""
"A_3884748b6c94","A-STRUCT","A","RUNNING","2026-09-30 01:55:02","","0.2.0","EXEC-1.1","2b4f41b124ab8772","",""
"A_0bd98552a42f","A-STRUCT","A","RUNNING","2026-09-30 01:55:02","","0.2.0","EXEC-1.1","2b4f41b124ab8772","",""
