name,horizon_weeks,ann_pnl_p05,ann_pnl_p50,ann_pnl_p95,p_ann_loss,wk_mean_p50,maxdd_p50,maxdd_p05,maxdd_p01,losing_streak_p50,losing_streak_p95,underwater_weeks_p50,underwater_weeks_p95
A_SALV_cap14,52,-20443.420999995036,23461.760000000035,55320.59450000516,0.1796,451.187692307693,-24111.684999999925,-50777.724499998236,-65929.22180000003,4.0,8.0,17.0,47.0
A_SALV_cap14,369,5425.773924121196,20322.250352305877,34101.670319786914,0.0124,390.81250677511304,-50386.79999999932,-89259.67599998949,-111419.30159999548,7.0,9.0,82.0,217.0
A_SALV_cap16,52,-23381.155999993705,25556.485000006593,61734.041500004525,0.1866,491.4708653847422,-26910.51499999744,-56100.92099999614,-73719.48659999753,4.0,8.0,17.0,47.0
A_SALV_cap16,369,5211.239680222281,21988.310623311052,37436.91966938131,0.014,422.8521273713664,-56415.874999997584,-99612.66899999177,-125867.47959999023,7.0,9.0,85.0,220.05000000000018
A_SALV_cap8,52,-8377.490000001131,11313.120000002018,27490.17550000023,0.1652,217.5600000000388,-11539.839999999705,-21526.653499999225,-28120.156600000686,4.0,5.0,17.0,46.0
A_SALV_cap8,369,3335.9946124653093,10236.494525745775,16898.380249322716,0.006,196.85566395664952,-22073.669999999925,-38060.890000001076,-47576.5101999986,5.0,7.0,77.0,202.05000000000018
A_PASSIVE_4,52,-11755.839999999998,11367.659999999989,29245.659999999978,0.199,218.60884615384595,-12284.959999999992,-26675.134000000005,-34885.219199999985,4.0,7.0,18.0,47.0
A_PASSIVE_4,369,1927.927761517627,9928.778536585374,17322.922059620592,0.02,190.93804878048797,-26837.420000000013,-47960.00600000004,-60344.791599999975,7.0,9.0,89.5,240.0
A_PASSIVE_8,52,-23511.680000000048,22735.319999999963,58491.320000000036,0.199,437.2176923076916,-24569.920000000013,-53350.26800000003,-69770.43840000003,4.0,7.0,18.0,47.0
A_PASSIVE_8,369,3855.855523035195,19857.557073170734,34645.8441192412,0.02,381.87609756097567,-53674.84000000001,-95920.01199999999,-120689.58319999992,7.0,9.0,89.5,240.0
B_B7F_x1,52,-465.3000000000001,444.6849999999997,1252.3854999999999,0.2104,8.55163461538461,-391.1250000000001,-860.3195000000005,-1130.5101000000004,3.0,5.0,20.0,48.0
B_B7F_x1,369,110.67164227642253,430.9602168021678,745.8264173441731,0.013,8.287696476964765,-840.5900000000004,-1565.4834999999953,-2052.225000000002,5.0,6.0,87.0,222.0
AB_G16_SALV8_B7F8,52,-5890.780999999781,14507.040000000005,32250.487499999803,0.1126,278.98153846153855,-11503.209999999981,-21110.104500000012,-27622.121199998895,4.0,5.0,16.0,44.0
AB_G16_SALV8_B7F8,369,6163.169647697744,13678.11945799422,20790.97081300748,0.001,263.04075880758114,-20918.365000000515,-35067.49750000005,-43646.7359999999,5.0,7.0,64.0,161.0
AB_G16_PASSIVE4_B7F12,52,-7970.519999999983,15928.159999999996,36902.882000000034,0.1296,306.31076923076915,-13020.259999999984,-25635.014000000083,-33367.32760000001,4.0,5.0,17.0,45.0
AB_G16_PASSIVE4_B7F12,369,6104.725875338757,15086.969972899718,23263.794102981017,0.0028,290.1340379403792,-25195.180000000008,-43515.88000000001,-54707.94600000002,5.0,7.0,68.0,172.0
AB_G16_PASSIVE8_B7F8,52,-19922.307999999943,25622.439999999988,63197.65600000008,0.1682,492.7392307692305,-24583.000000000007,-51098.14800000004,-66647.08639999996,4.0,7.0,17.0,47.0
AB_G16_PASSIVE8_B7F8,369,7117.350200541996,23291.749810298104,38393.7854092141,0.0098,447.91826558265586,-50880.640000000036,-89427.90800000014,-110529.14879999995,7.0,9.0,79.0,203.05000000000018
AB_G20_SALV8_B7F12,52,-5266.472500000391,16220.719999998848,35306.725000001614,0.1056,311.93692307690094,-11044.399999999958,-21719.674999998657,-28939.059699999285,3.0,5.0,16.0,44.0
AB_G20_SALV8_B7F12,369,7298.861273713094,15402.707913279552,23116.43674254648,0.0008,296.2059214092221,-21518.69499999885,-36203.410499999416,-45343.60519999617,5.0,7.0,61.0,151.0
AB_G20_PASSIVE20_only,52,-58779.19999999998,56838.30000000002,146228.30000000005,0.1992,1093.044230769231,-61424.79999999999,-133375.66999999998,-174426.096,4.0,7.0,18.0,47.0
AB_G20_PASSIVE20_only,369,9639.638807588077,49638.3650406504,86614.61029810293,0.02,954.5839430894308,-134187.09999999998,-239800.03,-301723.95800000004,7.0,9.0,89.5,240.0
AB_G16_B7F16_only,52,-7444.800000000002,7114.9599999999955,20038.167999999998,0.2104,136.82615384615377,-6258.000000000002,-13765.112000000008,-18088.161600000007,3.0,5.0,20.0,48.0
AB_G16_B7F16_only,369,1770.7462764227605,6895.363468834685,11933.22267750677,0.013,132.60314363143624,-13449.440000000006,-25047.735999999924,-32835.600000000035,5.0,6.0,87.0,222.0
