Candidate,Max contracts,Split core/rec,Total MTM,Max DD,Min equity,Worst fresh min equity,Longest no-entry (full),Longest no-entry (fresh),Longest underwater,Trades/day,Activity %,Recycle P&L,Rec trades/day,Total costs,Peak notional,Wk mean,2t P&L,2t DD,2t worst fresh,3t P&L,3t DD,3t worst fresh,Unseen-data status,"Pareto (MTM, fresh depth, no-entry)",Tier worst fresh
BASE,32,32/0,480297.3100000273,-204875.1899999999,16760.51000000001,-49722.87,616.0611111111111,616.0611111111111,617.9534722222222,1.939650310208686,43.76762549351382,,,10700.189999999437,1108200.0,1301.6187262873368,477627.1500000269,-204915.1899999999,-49785.37,485084.0800000264,-203961.42999999988,-48846.63999999999,NOT DONE (no post-2026-05-27 ES / MES); YM same-period cross-market only,True,<75k
C32_mkt,32,16/16,306464.84000005067,-122339.25999999464,102681.76000000013,28440.22000000012,5.764583333333333,5.764583333333333,708.1444444444444,4.053017484489565,96.55950366610264,84352.94000000002,2.985899605188945,19758.90999999968,592240.0,830.5280216803541,271377.830000047,-147686.8699999948,9728.210000000108,277570.14000004565,-149344.55999999557,1508.0500000000757,NOT DONE (no post-2026-05-27 ES / MES); YM same-period cross-market only,True,<75k
C32_lmt,32,16/16,303771.3500000481,-127501.52999999502,101953.37000000008,23295.4500000001,7.779861111111111,7.779861111111111,708.7194444444444,3.8550479413423577,95.93908629441624,83467.12000000001,2.7986463620981388,15067.399999999116,612850.0,823.2285907860382,280700.34000004694,-140702.7299999951,16729.850000000093,283956.9600000475,-134237.75999999506,16632.350000000093,NOT DONE,False,<75k
C32_harv5,32,16/16,184125.1100000448,-106706.93999999417,121771.17000000468,43571.88000000012,7.779861111111111,7.779861111111111,707.4027777777778,4.545967287084038,97.0107163000564,94018.62,3.024252679075014,24463.64000000108,533860.0,498.98403794050085,180423.3600000432,-120527.9599999946,29761.480000000127,176548.39000004122,-128045.06999999538,22220.090000000084,NOT DONE,True,<75k
C32_harv5_lmt,32,16/16,180779.1200000422,-113448.2099999948,113784.86000000354,36846.8600000001,7.779861111111111,7.779861111111111,708.3430555555556,4.346305696559504,96.4467005076142,91489.10000000002,2.8398195149464187,19655.88000000051,533860.0,489.916314363258,178940.32000004203,-113683.85999999483,36620.5800000001,176759.70000004186,-113100.8299999949,37181.8300000001,NOT DONE,False,<75k
C24_mkt,24,12/12,265043.070000043,-116991.51999999554,104401.94,33787.96000000008,160.05555555555554,160.05555555555554,744.6791666666667,3.611393119007332,87.9864636209814,77198.80000000002,2.681895093062605,17763.17999999879,500543.75,718.273902439141,248881.5700000405,-116713.12999999589,34154.48000000007,242163.4600000392,-125142.6099999966,32252.47000000006,NOT DONE,False,<75k
C20_mkt,20,10/10,220173.110000037,-98084.82999999564,113790.46000000002,52810.21000000008,298.0965277777778,298.0965277777778,736.8784722222222,3.359842075578116,85.6175972927242,74693.56000000001,2.59785673998872,16401.889999998886,461191.25,596.6750948510488,213280.52000003503,-103598.69999999696,47268.91000000006,206358.0400000332,-99346.03999999794,45051.590000000026,NOT DONE,False,<75k
C14_mkt,14,8/6,171592.90000002395,-70933.3199999982,121397.24999999994,79846.16000000003,453.9604166666667,453.9604166666667,749.09375,2.676818950930626,70.16356457980824,59542.56,2.047941342357586,13065.84999999915,393945.0,465.021409214157,164662.060000021,-74147.98999999906,76587.75,161876.4400000212,-74293.1399999992,76428.85,NOT DONE (no post-2026-05-27 ES / MES); YM same-period cross-market only,False,75-90k
C14_lmt,14,8/6,178479.57000002265,-66384.7299999989,121355.23999999992,83600.72000000003,453.9604166666667,453.9604166666667,749.5520833333334,2.5645798082346305,68.75352509870277,58798.65,1.897913141567964,9972.929999999194,393945.0,483.6844715447768,170446.7400000224,-72894.07999999891,77859.16,167150.98000002315,-66225.32999999885,77827.91,NOT DONE,True,75-90k
C10_mkt,10,5/5,116338.1600000086,-47896.10999999993,132385.37999999983,96543.51,462.1020833333333,462.1020833333333,749.5645833333333,2.273547659334461,65.59503666102651,52464.06999999999,1.8510998307952624,10966.839999999307,283810.0,315.27956639568725,113869.15000000864,-47907.36999999994,95650.77000000002,111165.24000000788,-47909.86999999994,95504.38,NOT DONE (no post-2026-05-27 ES / MES); YM same-period cross-market only,True,90-105k
C10_lmt,10,5/5,117362.60000000848,-47893.60999999993,131702.18999999986,95100.57,462.1020833333333,462.1020833333333,750.0888888888888,2.177100958826847,64.57980823463056,52790.83,1.7388606880992667,8101.149999999345,283810.0,318.0558265582886,117895.580000008,-47893.60999999993,95130.59,115132.3500000079,-47893.60999999993,95104.34,NOT DONE,False,90-105k
C14_bs70,14,8/6,153653.6800000104,-67859.11999999944,120503.62999999992,82864.69,27.813194444444445,27.813194444444445,758.8340277777778,1.1816130851663846,45.96728708403835,7844.090000000002,0.3716864072194021,6198.81999999973,356125.0,416.4056368563968,148831.8900000098,-74384.08999999947,76429.1,147479.3300000095,-74747.84999999948,76407.85,NOT DONE,True,75-90k
C14_rpos60,14,8/6,157964.72000000812,-55550.10999999975,120989.66999999993,95159.94,84.0125,84.0125,763.76875,0.9627749576988156,36.49182177100958,2645.78,0.1144952058657642,5140.279999999814,305010.0,428.08867208674286,151242.05000000773,-55769.48999999976,95029.94,150630.59000000753,-55771.98999999976,95013.69,NOT DONE,True,90-105k
C32_bs70,32,16/16,275113.6100000197,-99755.29999999989,95522.96000000002,57832.35999999999,28.89305555555556,28.89305555555556,758.8284722222222,1.6204173716864072,49.68979131415679,8521.720000000001,0.3790186125211506,8483.88999999956,577820.0,745.565338753441,266396.5000000194,-106085.15999999944,51294.26000000001,255105.69000001837,-106771.57999999984,51268.01000000001,NOT DONE,True,<75k
