name,total_mtm,max_mtm_dd,worst_fresh_min_equity,fresh_ne,trades_day,rec_pnl,rec_trades_day,pareto
J_C32_f_not_persist,309057.6500000474,-118984.87999999525,31767.080000000104,5.90625,3.790186125211506,77058.67000000001,2.674562887760857,True
L_C32_cool5,308014.05000004906,-122904.73999999504,27874.740000000107,5.764583333333333,3.9396503102086857,81167.84000000001,2.8392554991539765,True
P4_C32_A_tp,306464.84000005067,-122339.25999999464,28440.22000000012,5.764583333333333,4.053017484489565,84352.94000000002,2.985899605188945,True
J_C32_f_deep_or_multi,289659.39000003634,-119215.96999999932,39108.59999999995,9.978472222222225,2.918781725888325,46207.29,1.7507050197405527,True
J_C32_f_rpos5d_50,288986.26000003243,-109289.0199999992,48891.10999999996,25.810416666666665,2.603496897913141,35003.28000000001,1.383530738860688,True
J_C32_f_bs50,288810.5800000326,-117280.20999999724,33471.75000000006,8.010416666666666,2.623237450648618,37417.09000000001,1.4574168076706149,True
J_C32_f_not_late,284638.0700000413,-115113.3799999961,35652.340000000084,6.9631944444444445,3.333897349125776,54227.15,2.236322617033277,True
J_C32_f_below_pdl,284444.2500000281,-107418.01999999944,50817.149999999965,16.82986111111111,2.2820078962210943,25923.97,1.0699379582628314,True
J_C32_f_rpos60_05,277813.0800000163,-97962.93999999964,52747.10999999999,84.0125,1.3722504230118444,2850.78,0.1144952058657642,True
J_C32_f_bs70,275113.6100000197,-99755.29999999989,57832.35999999999,28.89305555555556,1.6204173716864072,8521.720000000001,0.3790186125211506,True
J_C32_f_bull_engulf,274841.2200000256,-105027.94999999796,45682.73000000004,13.172916666666667,2.107163000564016,27134.26,0.9452904681331076,True
AF_C32_core_deep,215119.81000003812,-106786.73999999458,43653.97000000012,7.779861111111111,3.578680203045685,88989.43000000002,2.9994359842075577,True
N_C14_tp_atr0.3,177015.48000002664,-70955.8199999982,79807.41000000003,453.9604166666667,3.0383530738860687,55415.56999999999,2.358714043993232,True
N_C14_tp_vol,176884.17000002594,-70933.3199999982,79846.16000000003,453.9604166666667,2.9244218838127467,59448.9,2.2645234066553863,True
J_C14_f_rpos5d_50,173287.5600000198,-68861.16999999734,81890.16000000003,164.10763888888889,1.958262831359278,27110.9,1.1787930062041738,True
J_C14_f_below_pdl,171400.21000001737,-72008.0499999979,78715.76000000004,161.1861111111111,1.7529610829103217,21932.81,0.934010152284264,True
N_C14_tp_inv,171023.8600000192,-62588.949999999255,83394.43000000005,617.9381944444444,2.2769317540891145,68180.13999999998,1.6999435984207558,True
J_C14_f_rpos60_05,157964.72000000812,-55550.10999999975,95159.94,84.0125,0.9627749576988156,2645.78,0.1144952058657642,True
J_C14_f_bs70,153653.6800000104,-67859.11999999944,82864.69,27.813194444444445,1.1816130851663846,7844.090000000002,0.3716864072194021,True
L_C32_cool1,306259.2300000502,-122423.09999999474,28356.38000000012,5.764583333333333,4.018612521150592,83627.22,2.945290468133108,False
N_C32_late_tp2,306082.9300000512,-122344.2599999946,28430.22000000012,5.764583333333333,4.086858432036097,79874.6,3.009024252679075,False
N_C32_tp_vol,306079.50000005064,-122339.2599999946,28440.22000000012,5.764583333333333,4.14156796390299,79123.16,3.068809926677947,False
L_C32_cool2,304336.2400000498,-122654.45999999484,28125.020000000102,5.764583333333333,3.990975747320925,82845.56000000001,2.922165820642978,False
Z_C32_volcap,304075.38000004884,-123881.92999999598,26897.55000000008,32.74444444444445,3.943598420755781,81958.5,2.8764805414551606,False
L_C32_cool3,303963.28000004945,-122738.29999999488,28041.18000000011,5.764583333333333,3.965031020868584,82448.84000000001,2.895657078398195,False
N_C32_tp_atr0.3,301130.13000005134,-122363.00999999464,28400.22000000012,5.764583333333333,4.2148900169204735,75424.52,3.1455160744500845,False
Y_C32_no_gapdown_core,300978.23000005,-122339.25999999464,28440.22000000012,5.764583333333333,4.033276931754089,85009.21000000002,2.987027636773829,False
N_C32_tp_inv,294609.7800000473,-135335.5999999948,15493.88000000012,25.010416666666668,3.786802030456853,98813.8,2.822899041173153,False
J_C32_f_rpos1d_30,288749.6800000356,-119242.2499999993,39054.79999999996,9.978472222222225,2.8646362098138747,44631.28,1.6937394247038915,False
AA_C32_gov_mom30,278702.2000000487,-127684.1999999946,23780.9200000001,5.764583333333333,3.8984771573604062,85112.88,2.982515510434292,False
J_C14_f_deep_or_multi,173284.28000002116,-73040.43999999727,77854.01000000004,299.1777777777778,2.19063733784546,36890.87000000001,1.4591088550479414,False
L_C14_cool5,172181.95000002452,-71494.08999999834,79561.00000000003,453.9604166666667,2.6943034404963337,59836.55,2.0614777213761983,False
P4_C14_A_tp,171592.90000002395,-70933.3199999982,79846.16000000003,453.9604166666667,2.676818950930626,59542.56,2.047941342357586,False
Z_C14_volcap,171592.90000002395,-70933.3199999982,79846.16000000003,453.9604166666667,2.676818950930626,59542.56,2.047941342357586,False
L_C14_cool1,171217.48000002373,-70964.59999999823,79814.88000000003,453.9604166666667,2.6531302876480543,59052.1,2.021996615905245,False
J_C14_f_rpos1d_30,171175.91000002023,-73136.79999999737,77757.65000000005,299.1777777777778,2.141567963902989,35428.780000000006,1.4117315284827976,False
L_C14_cool2,171088.62000002374,-71125.87999999826,79653.60000000003,453.9604166666667,2.64692611393119,58770.7,2.0135363790186127,False
J_C14_f_not_persist,171060.69000002416,-71122.2799999984,79629.68000000002,453.9604166666667,2.623237450648618,57387.27,1.961082910321489,False
L_C14_cool3,170234.7100000236,-71432.76999999827,79622.32000000004,453.9604166666667,2.6379018612521152,58434.25,2.002256063169769,False
N_C14_late_tp2,169873.1400000243,-71189.5599999982,79836.16000000003,453.9604166666667,2.692047377326565,56139.13,2.065989847715736,False
AA_C14_gov_mom30,164973.55000002426,-71206.42999999819,79933.67000000004,453.9604166666667,2.712351945854484,61417.81999999999,2.1331077270163563,False
Y_C14_no_gapdown_core,164898.6500000232,-70933.3199999982,79846.16000000003,453.9604166666667,2.649746192893401,59541.25,2.044557247602933,False
J_C14_f_bull_engulf,162027.79000001348,-76942.63999999926,73768.04000000001,454.8902777777778,1.5465313028764804,22798.49,0.7608573040045121,False
J_C14_f_not_late,161903.76000002155,-71633.80999999866,79174.41,453.92291666666665,2.3750705019740552,41925.19,1.7027636773829666,False
J_C14_f_bs50,160706.39000001625,-72051.58999999892,78742.87,454.0944444444444,1.890016920473773,29147.63,1.135363790186125,False
AF_C14_core_deep,135976.81000001053,-63671.50000000102,85838.33000000002,453.9604166666667,2.4049633389734915,64758.66,2.039481105470953,False
