name,weeks,wk_mean,wk_median,wk_p10,wk_p25,wk_p75,wk_p90,wk_pos,wk_ge1k,wk_ge2k,wk_ge3k,wk_ge4k,wk_le_m2k,wk_le_m4k,wk_worst,wk_worst_4w,wk_longest_losing,weeks_to_4k_gap
A_SALV_cap14,369,429.370650406571,757.1500000002561,-4275.8459999999495,-1521.780000000057,2393.2799999999115,4485.8540000000785,0.6124661246612466,0.45528455284552843,0.2845528455284553,0.18699186991869918,0.11382113821138211,0.2140921409214092,0.12466124661246612,-18084.71999999974,-41121.949999999895,8,3570.629349593429
A_SALV_cap16,369,460.3719241193396,777.689999999915,-4679.211999999848,-1679.839999999851,2727.1799999998766,4949.524000000046,0.6070460704607046,0.45799457994579945,0.3035230352303523,0.20596205962059622,0.14363143631436315,0.23035230352303523,0.14092140921409213,-19717.829999999696,-41121.949999999895,8,3539.6280758806606
A_SALV_cap8,369,214.32230352303444,370.7599999999802,-2087.312000000081,-642.3500000000931,1171.429999999993,2204.4779999998864,0.6287262872628726,0.3008130081300813,0.1111111111111111,0.05962059620596206,0.03523035230352303,0.11382113821138211,0.032520325203252036,-8859.720000000147,-15145.98999999999,5,3785.6776964769656
A_PASSIVE_4,369,213.61420054200545,350.0,-2286.0,-915.0,1390.0,2343.9999999999977,0.5663956639566395,0.34417344173441733,0.13550135501355012,0.07859078590785908,0.04878048780487805,0.13279132791327913,0.024390243902439025,-10115.0,-21209.96000000002,7,3786.3857994579944
A_PASSIVE_8,369,426.93707317073176,700.0,-4572.0,-1830.0,2780.0,4687.999999999995,0.5663956639566395,0.47696476964769646,0.34417344173441733,0.2222222222222222,0.13550135501355012,0.23848238482384823,0.13279132791327913,-20230.0,-42419.92000000001,7,3573.0629268292682
B_B7F_x1,369,8.192493224932246,7.519999999999996,-68.72999999999999,-18.72,43.76,87.52,0.5474254742547425,0.0,0.0,0.0,0.0,0.0,0.0,-413.72,-478.69999999999993,5,3991.807506775068
AB_G16_SALV8_B7F8,369,279.8622493224923,477.3099999998904,-2162.543999999882,-752.3899999999849,1384.5600000000395,2094.980000000095,0.6178861788617886,0.33604336043360433,0.11653116531165311,0.06504065040650407,0.04607046070460705,0.12466124661246612,0.03523035230352303,-9259.320000000147,-12605.059999999912,5,3720.137750677508
AB_G16_PASSIVE4_B7F12,369,311.92411924119233,505.12,-2607.88,-954.8800000000001,1590.2399999999998,2806.1679999999997,0.5772357723577236,0.36314363143631434,0.1842818428184282,0.0948509485094851,0.056910569105691054,0.13008130081300814,0.04065040650406504,-10714.400000000001,-14593.880000000023,5,3688.0758807588077
AB_G16_PASSIVE8_B7F8,369,492.47701897018965,850.0799999999999,-4591.92,-1899.8400000000001,2960.16,4798.239999999993,0.5772357723577236,0.4742547425474255,0.36314363143631434,0.24390243902439024,0.14363143631436315,0.24932249322493225,0.13279132791327913,-20629.6,-38009.20000000001,7,3507.5229810298106
AB_G20_SALV8_B7F12,369,312.6322222222213,533.9100000000326,-2173.720000000002,-816.4399999999641,1478.4400000000114,2364.166000000027,0.6233062330623306,0.35501355013550134,0.14905149051490515,0.07588075880758807,0.04878048780487805,0.12737127371273713,0.037940379403794036,-9459.120000000148,-14084.699999999912,5,3687.367777777779
AB_G20_PASSIVE20_only,369,1066.6042005420054,1750.0,-11430.0,-4575.0,6950.0,11719.999999999989,0.5663956639566395,0.5338753387533876,0.4932249322493225,0.43902439024390244,0.3875338753387534,0.3523035230352303,0.28184281842818426,-50575.0,-106049.80000000002,7,2933.3957994579946
AB_G16_B7F16_only,369,131.07989159891594,120.31999999999994,-1099.6799999999998,-299.52,700.16,1400.32,0.5474254742547425,0.17886178861788618,0.037940379403794036,0.0027100271002710027,0.0027100271002710027,0.04065040650406504,0.013550135501355014,-6619.52,-7659.199999999999,5,3868.9201084010842
