name,cfg,exec,label,total_mtm,realized,unreal_end,open_qty_end,max_mtm_dd,min_equity,min_equity_dt,max_inv,underwater_days,underwater_recovered,no_entry_days,active_share,trades_day,fills_total,peak_notional,avg_notional,cost,commission,slippage,roll_cost,inv_avg,rec_pnl,rec_trades_day,rec_winrate,rec_full_share,core_pnl,core_trades_day,core_winrate,core_full_share,wk_mean,wk_median,wk_p10,wk_p25,wk_best,wk_worst,wk_pos,wk_ge1k,wk_ge2k,wk_ge3k,wk_ge4k,wk_le_m2k,wk_le_m4k,wk_worst_4w,wk_longest_losing,n_weeks,top1_day_share,top5_day_share,top10_day_share,pnl_ex_best5,pnl_ex_best10,pnl_ex_2020,pnl_ex_2022,pnl_ex_2025,contract_cap,profit_per_avg_contract,profit_per_peak_contract,wk_mean_over_dd,wk_mean_over_avg_notional,fs2020_total_mtm,fs2020_realized,fs2020_unreal_end,fs2020_open_qty_end,fs2020_max_mtm_dd,fs2020_min_equity,fs2020_min_equity_dt,fs2020_max_inv,fs2020_underwater_days,fs2020_underwater_recovered,fs2020_no_entry_days,fs2020_active_share,fs2020_trades_day,fs2020_fills_total,fs2020_peak_notional,fs2020_avg_notional,fs2020_cost,fs2020_commission,fs2020_slippage,fs2020_roll_cost,fs2020_inv_avg,fs2020_n_weeks,fs2020_contract_cap,fs2022_total_mtm,fs2022_realized,fs2022_unreal_end,fs2022_open_qty_end,fs2022_max_mtm_dd,fs2022_min_equity,fs2022_min_equity_dt,fs2022_max_inv,fs2022_underwater_days,fs2022_underwater_recovered,fs2022_no_entry_days,fs2022_active_share,fs2022_trades_day,fs2022_fills_total,fs2022_peak_notional,fs2022_avg_notional,fs2022_cost,fs2022_commission,fs2022_slippage,fs2022_roll_cost,fs2022_inv_avg,fs2022_n_weeks,fs2022_contract_cap,fs2025_total_mtm,fs2025_realized,fs2025_unreal_end,fs2025_open_qty_end,fs2025_max_mtm_dd,fs2025_min_equity,fs2025_min_equity_dt,fs2025_max_inv,fs2025_underwater_days,fs2025_underwater_recovered,fs2025_no_entry_days,fs2025_active_share,fs2025_trades_day,fs2025_fills_total,fs2025_peak_notional,fs2025_avg_notional,fs2025_cost,fs2025_commission,fs2025_slippage,fs2025_roll_cost,fs2025_inv_avg,fs2025_n_weeks,fs2025_contract_cap,worst_fresh_min_equity,lineage,runtime_s
FQ_10_5_5,"{""core_cap"": 5, ""max_total"": 10, ""rec_activation"": ""always"", ""rec_anchor"": ""low60"", ""rec_cap"": 5, ""rec_spacing"": ""float"", ""rec_step"": 5.0, ""rec_tp"": 3.0, ""recovery"": {""h"": 5, ""layer_x"": 5.0, ""rec_step"": 10.0, ""rec_tp"": 2.0}}",{},ES-signal / MES-economics proxy backtest,116338.16000000859,116153.16000000859,185.0,2,-47896.10999999993,132385.37999999983,2020-03-22,9,749.5645833333333,True,462.1020833333333,0.6559503666102651,2.2735476593344615,8064,283810.0,126615.41059856383,10966.839999999307,4999.679999999307,5571.25,395.9100000000001,5.611684378335823,52464.06999999999,1.8510998307952622,1.0,0.34485922655153384,64086.23999999999,0.4224478285391991,0.9973297730307076,0.030267201985873626,315.27956639568725,563.8699999999371,-3871.392000000039,-1307.979999999865,10710.080000000016,-17701.25,0.5962059620596206,0.4010840108401084,0.22764227642276422,0.14905149051490515,0.1002710027100271,0.2032520325203252,0.0975609756097561,-26127.010000000068,8.0,369.0,0.15967460719680138,0.41646928230596403,0.6396874421943284,67886.8900000086,41918.10000000856,96435.99000000849,149459.6200000093,91282.06000000308,10,20731.41541052053,12926.462222223177,0.006582571452998745,0.0024900568177698853,106261.80000000546,106076.80000000547,185.0,2,-47896.10999999993,122809.03000000003,2020-03-22,9,749.5645833333333,True,462.1020833333333,0.6403785488958991,2.3085173501577287,7320,283810.0,133447.24628172163,9914.449999999388,4538.3999999993885,5015.0,361.05000000000007,5.73142896514574,330.0,10,60854.949999996345,60669.94999999635,185.0,2,-53924.04999999999,96543.51000000001,2022-10-13,9,750.18125,True,462.1020833333333,0.514959202175884,1.9274705349048051,4254,283810.0,165503.27507079605,5812.549999999723,2637.479999999723,2881.25,293.82000000000005,6.742918146266913,230.0,10,39676.790000000095,39491.79000000009,185.0,2,-52670.79999999999,101148.69000000003,2025-04-06,9,124.40069444444444,True,6.823611111111111,0.9393939393939394,3.8666666666666667,2554,283810.0,155027.17237816105,3384.4599999999086,1583.4799999999084,1733.75,67.23,4.890564761582685,69.0,10,96543.51000000001,"{""dataset"": ""2b4f41b124ab"", ""engine"": ""0.2.0"", ""exec"": ""EXEC-1.1"", ""roll"": ""ROLL-1.0""}",107.13749122619629
FQ_10_6_4,"{""core_cap"": 6, ""max_total"": 10, ""rec_activation"": ""always"", ""rec_anchor"": ""low60"", ""rec_cap"": 4, ""rec_spacing"": ""float"", ""rec_step"": 5.0, ""rec_tp"": 3.0, ""recovery"": {""h"": 6, ""layer_x"": 5.0, ""rec_step"": 10.0, ""rec_tp"": 2.0}}",{},ES-signal / MES-economics proxy backtest,123534.08000000985,123214.08000000987,320.0,3,-49459.01000000039,128400.85999999978,2020-03-22,9,759.2555555555556,True,617.9381944444444,0.5786802030456852,2.0705019740552735,7345,291127.5,136599.3280428302,10098.419999999387,4553.899999999386,5113.75,430.77000000000015,6.019826516231883,47433.18000000001,1.589396503102087,1.0,0.4457078737311618,76213.52999999998,0.4811054709531867,0.9976553341148886,0.027934753068606218,334.7807046070728,612.6399999999558,-4098.739999999944,-1540.0,10710.079999999987,-17701.25,0.5934959349593496,0.4092140921409214,0.24932249322493225,0.16531165311653118,0.10840108401084012,0.21680216802168023,0.10298102981029811,-30762.600000000093,8.0,369.0,0.1503734839810886,0.4032390899741676,0.6227029010941261,73720.31000000986,46609.050000009855,103160.63000000958,158477.95000001029,96517.75000000474,10,20521.202673683718,13726.008888889985,0.006768851713915627,0.002450822485027917,113269.17000000743,112949.17000000743,320.0,3,-49459.01000000039,117705.94000000003,2020-03-22,9,759.2555555555556,True,617.9381944444444,0.5589905362776025,2.094006309148265,6641,291127.5,145093.09688976858,9117.079999999463,4117.419999999463,4603.75,395.91000000000014,6.218439654119467,330.0,10,64856.619999996445,64536.61999999645,320.0,3,-55944.01999999999,95012.99000000002,2022-10-13,9,758.925,True,617.9381944444444,0.41523118766999095,1.6772438803263825,3703,291127.5,176127.25342180967,5153.379999999784,2295.859999999783,2551.25,306.27000000000004,7.106346923180654,230.0,10,43711.59999999954,43391.59999999953,320.0,3,-56420.97999999998,98399.76000000004,2025-04-06,9,126.81319444444445,True,48.109027777777776,0.8333333333333334,3.609090909090909,2385,291127.5,177811.36601472963,3173.399999999927,1478.6999999999268,1620.0,74.69999999999999,5.594446323225491,69.0,10,95012.99000000002,"{""dataset"": ""2b4f41b124ab"", ""engine"": ""0.2.0"", ""exec"": ""EXEC-1.1"", ""roll"": ""ROLL-1.0""}",108.68080258369446
FQ_12_6_6,"{""core_cap"": 6, ""max_total"": 12, ""rec_activation"": ""always"", ""rec_anchor"": ""low60"", ""rec_cap"": 6, ""rec_spacing"": ""float"", ""rec_step"": 5.0, ""rec_tp"": 3.0, ""recovery"": {""h"": 6, ""layer_x"": 5.0, ""rec_step"": 10.0, ""rec_tp"": 2.0}}",{},ES-signal / MES-economics proxy backtest,135573.78000001592,135253.78000001592,320.0,3,-59123.5299999993,129482.99999999974,2020-03-22,11,747.5548611111111,True,453.9604166666667,0.7349125775521714,2.6085730400451212,9253,319286.25,149594.45058570383,12571.219999999179,5736.8599999991775,6363.75,470.61000000000007,6.622919357504882,59639.02,2.1302876480541455,1.0,0.26056746450895296,76087.22999999998,0.47828539199097575,0.9976415094339622,0.027934753068606218,367.408617886222,627.6199999999953,-4674.397999999998,-1637.979999999865,13455.0,-22758.75,0.5989159891598916,0.4146341463414634,0.2682926829268293,0.1842818428184282,0.13279132791327913,0.2222222222222222,0.1111111111111111,-32444.009999999747,8.0,369.0,0.17616791388421268,0.45310214113667685,0.6902887859288798,74145.01000001593,41988.72000001589,113410.50000001525,175980.14000001698,104387.49000000855,12,20470.39570946731,12324.889090910538,0.006214253747809481,0.002456031065642577,124205.47000001022,123885.4700000102,320.0,3,-59123.52999999933,117714.70000000001,2020-03-22,11,747.5548611111111,True,453.9604166666667,0.7154574132492113,2.639116719242902,8369,319286.25,159050.20543116058,11355.779999999275,5188.779999999274,5731.25,435.7500000000001,6.85310725616268,330.0,12,73290.05999999592,72970.05999999594,320.0,3,-64714.02999999997,86242.98000000004,2022-10-13,11,747.7520833333333,True,453.9604166666667,0.6065276518585675,2.314596554850408,5109,319286.25,195725.22994954375,6978.689999999629,3167.5799999996298,3465.0,346.11,7.993772194003686,230.0,12,47106.05999999837,46786.05999999837,320.0,3,-59157.53999999998,95663.20000000004,2025-04-06,11,111.73333333333333,True,5.1875,0.9696969696969697,4.203030303030303,2777,324500.0,179482.69106263857,3668.939999999884,1721.739999999884,1872.5,74.69999999999999,5.65362792620148,69.0,12,86242.98000000004,"{""dataset"": ""2b4f41b124ab"", ""engine"": ""0.2.0"", ""exec"": ""EXEC-1.1"", ""roll"": ""ROLL-1.0""}",111.85424304008484
FQ_12_8_4,"{""core_cap"": 8, ""max_total"": 12, ""rec_activation"": ""always"", ""rec_anchor"": ""low60"", ""rec_cap"": 4, ""rec_spacing"": ""float"", ""rec_step"": 5.0, ""rec_tp"": 3.0, ""recovery"": {""h"": 8, ""layer_x"": 5.0, ""rec_step"": 10.0, ""rec_tp"": 2.0}}",{},ES-signal / MES-economics proxy backtest,162888.0500000185,162328.0500000185,560.0,4,-62503.33999999933,119436.09999999989,2020-03-22,11,758.9472222222222,True,617.9381944444444,0.5769881556683587,2.2357586012408346,7932,378730.0,170783.666889872,11053.199999999322,4917.839999999322,5602.5,532.8599999999999,7.5343759543428375,49120.840000000004,1.5984207557811618,1.0,0.45165316694730767,113742.54999999999,0.6373378454596729,0.9876106194690265,0.023198410852821774,441.4310298103482,761.3099999999977,-5185.411999999965,-1675.0,13387.599999999977,-20230.0,0.6043360433604336,0.44715447154471544,0.3035230352303523,0.2222222222222222,0.15176151761517614,0.23848238482384823,0.14092140921409213,-42043.2399999999,8.0,369.0,0.13033491407133665,0.3762096728396779,0.5875128347352012,101607.99000001844,67189.23000001843,139198.20000001776,207062.40000001766,130378.89000001317,12,21619.315386847575,14808.004545456228,0.007062519055947298,0.0025847379778711523,149361.67000001308,148801.67000001308,560.0,4,-62503.340000000375,105909.72000000003,2020-03-22,11,758.9472222222222,True,617.9381944444444,0.5570977917981073,2.266876971608833,7190,378730.0,180378.05363121317,10004.579999999403,4457.799999999403,5056.25,490.53000000000003,7.718447483722255,330.0,12,86990.38000000111,86430.3800000011,560.0,4,-62503.34,88656.17000000001,2022-10-13,11,758.9472222222222,True,617.9381944444444,0.4170444242973708,1.8322756119673618,4046,378730.0,207718.52146075875,5704.619999999746,2508.519999999746,2847.5,348.6000000000001,8.28184923809952,230.0,12,56338.64999999755,55778.64999999756,560.0,4,-70069.08999999997,85602.32000000004,2025-04-06,11,126.9486111111111,True,48.109027777777776,0.8636363636363636,4.012121212121212,2652,378730.0,232563.20758651788,3590.099999999898,1644.2399999998977,1848.75,97.11000000000001,7.294540262277834,69.0,12,85602.32000000004,"{""dataset"": ""2b4f41b124ab"", ""engine"": ""0.2.0"", ""exec"": ""EXEC-1.1"", ""roll"": ""ROLL-1.0""}",123.36438608169556
FQ_14_8_6,"{""core_cap"": 8, ""max_total"": 14, ""rec_activation"": ""always"", ""rec_anchor"": ""low60"", ""rec_cap"": 6, ""rec_spacing"": ""float"", ""rec_step"": 5.0, ""rec_tp"": 3.0, ""recovery"": {""h"": 8, ""layer_x"": 5.0, ""rec_step"": 10.0, ""rec_tp"": 2.0}}",{},ES-signal / MES-economics proxy backtest,174620.26000002574,174060.2600000257,560.0,4,-71273.34999999823,120642.09999999992,2020-03-22,12,749.4444444444445,True,453.9604166666667,0.7309644670050761,2.7738296672306824,9840,393945.0,184126.6829494482,13533.489999999114,6100.799999999113,6857.5,575.1899999999998,8.151925776292233,61196.69,2.139875916525663,1.0,0.2671109293092869,113441.23999999999,0.6339537507050197,0.9875444839857651,0.023198410852821774,473.2256368564383,839.0500000002794,-5778.9119999999175,-1921.0099999997765,15945.0,-25287.5,0.6070460704607046,0.45257452574525747,0.3170731707317073,0.22493224932249323,0.16531165311653118,0.24661246612466126,0.14905149051490515,-42034.479999999894,8.0,369.0,0.15197262906375292,0.4066828213403736,0.632737690345804,103605.20000002568,64131.44000002567,148959.27000002534,224257.10000002384,137920.48000001808,14,21420.737233386448,14551.688333335478,0.006639587403376578,0.0025701089558342934,159905.40000002115,159345.40000002115,560.0,4,-71273.34999999823,105927.24000000002,2020-03-22,12,749.4444444444445,True,453.9604166666667,0.7097791798107256,2.8069400630914827,8902,393945.0,194717.23828965458,12229.599999999216,5519.239999999216,6177.5,532.86,8.36881657119771,330.0,14,94955.02000000214,94395.02000000214,560.0,4,-71273.34999999998,79886.16000000003,2022-10-13,12,749.4444444444445,True,453.9604166666667,0.6056210335448776,2.4650951949229376,5442,393945.0,227534.1712815211,7519.979999999593,3374.0399999995934,3757.5,388.44,9.17624848294152,230.0,14,59206.539999996894,58646.539999996894,560.0,4,-72805.64999999997,82865.76000000004,2025-04-06,13,124.50833333333334,True,5.1875,0.9696969696969697,4.509090909090909,2980,393945.0,234176.04715740427,4005.9599999998622,1847.599999999862,2061.25,97.11000000000001,7.351910720324653,69.0,14,79886.16000000003,"{""dataset"": ""2b4f41b124ab"", ""engine"": ""0.2.0"", ""exec"": ""EXEC-1.1"", ""roll"": ""ROLL-1.0""}",121.4461989402771
FQ_16_8_8,"{""core_cap"": 8, ""max_total"": 16, ""rec_activation"": ""always"", ""rec_anchor"": ""low60"", ""rec_cap"": 8, ""rec_spacing"": ""float"", ""rec_step"": 5.0, ""rec_tp"": 3.0, ""recovery"": {""h"": 8, ""layer_x"": 5.0, ""rec_step"": 10.0, ""rec_tp"": 2.0}}",{},ES-signal / MES-economics proxy backtest,182118.09000002983,181558.09000002983,560.0,4,-78499.34999999683,121240.1399999999,2020-03-22,14,744.6743055555555,True,298.83680555555554,0.8178228990411731,3.068245910885505,10884,393945.0,192133.6551435752,14890.659999999,6748.0799999989995,7540.0,602.5799999999999,8.538184920472597,68721.91,2.434292160180485,1.0,0.16290019360026448,113441.23999999999,0.6339537507050197,0.9875444839857651,0.023198410852821774,493.54495934967434,839.0500000002794,-5938.301999999815,-1960.0,18179.410000000033,-29086.179999999935,0.6070460704607046,0.45799457994579945,0.3252032520325203,0.23577235772357724,0.17615176151761516,0.24932249322493225,0.14634146341463414,-42034.47999999992,8.0,369.0,0.17441639103504106,0.4491593339244147,0.6921166370676268,100318.05000002982,56071.13000002978,156430.8200000296,235673.41000002655,142441.80000002083,16,21329.836692029552,13008.435000002131,0.00628724899441453,0.002568758497728388,166805.1900000251,166245.19000002506,560.0,4,-78499.34999999686,105927.24000000002,2020-03-22,14,744.6743055555555,True,298.83680555555554,0.7987381703470031,3.1022082018927444,9838,393945.0,203590.40633485332,13449.809999999114,6099.559999999114,6790.0,560.25,8.795113388307584,330.0,16,101495.7200000032,100935.7200000032,560.0,4,-78499.34999999995,72660.16000000006,2022-10-13,14,744.6743055555555,True,298.83680555555554,0.7252946509519492,2.8585675430643698,6310,393945.0,240222.24048748147,8653.029999999499,3912.1999999994987,4325.0,415.83,9.785782352676765,230.0,16,59267.8599999969,58707.8599999969,560.0,4,-72779.36999999997,82892.04000000004,2025-04-06,14,124.48263888888889,True,5.1875,0.9696969696969697,4.53030303030303,2994,412212.5,234178.64765340247,4023.3899999998607,1856.2799999998604,2070.0,97.11000000000001,7.352000901814902,69.0,16,72660.16000000006,"{""dataset"": ""2b4f41b124ab"", ""engine"": ""0.2.0"", ""exec"": ""EXEC-1.1"", ""roll"": ""ROLL-1.0""}",118.90664577484131
FQ_14_10_4,"{""core_cap"": 10, ""max_total"": 14, ""rec_activation"": ""always"", ""rec_anchor"": ""low60"", ""rec_cap"": 4, ""rec_spacing"": ""float"", ""rec_step"": 5.0, ""rec_tp"": 3.0, ""recovery"": {""h"": 10, ""layer_x"": 5.0, ""rec_step"": 10.0, ""rec_tp"": 2.0}}",{},ES-signal / MES-economics proxy backtest,189139.16000002227,188562.9100000223,576.25,6,-75511.40999999933,110372.59999999992,2020-03-22,13,758.9722222222222,True,617.9381944444444,0.5815002820078963,2.344613649182177,8320,427545.0,202632.30478873476,11648.33999999928,5158.399999999279,5852.5,637.4399999999998,8.94867071424769,49795.57,1.5831923293852228,1.0,0.46368804301231925,139408.5,0.7614213197969543,0.9888888888888889,0.020217359023425353,512.5722493225536,868.8899999999558,-6201.0,-2010.0,16065.119999999995,-25287.5,0.6043360433604336,0.4742547425474255,0.34688346883468835,0.24932249322493225,0.18157181571815717,0.25474254742547425,0.16260162601626016,-51972.55999999991,8.0,369.0,0.14030674557292563,0.3944054737262828,0.6080114768405784,114541.64000002228,74140.38000002227,161173.29000002233,242453.43000002147,149003.16000001645,14,21136.00623373961,14549.166153847867,0.00678801057115154,0.0025295682732176562,173878.8800000184,173302.63000001837,576.25,6,-75511.40999999933,95112.32,2020-03-22,13,758.9722222222222,True,617.9381944444444,0.5627760252365931,2.3810725552050473,7554,427545.0,213941.82516066346,10561.119999999362,4683.479999999363,5290.0,587.64,9.161095643295825,330.0,14,96997.73000000409,96421.48000000409,576.25,6,-75511.41,75744.97,2022-10-13,13,758.9722222222222,True,617.9381944444444,0.4252039891205802,1.9075249320036265,4214,427545.0,247494.71857160516,5983.519999999728,2612.6799999997274,2957.5,413.3400000000001,9.885537375825955,230.0,14,62152.399999997055,61576.14999999707,576.25,6,-78557.23999999996,77307.92000000004,2025-04-06,12,127.45138888888889,True,48.172916666666666,0.8333333333333334,3.993939393939394,2642,427545.0,269158.71522376285,3590.099999999899,1638.0399999998988,1842.5,109.56,8.432585578476685,69.0,14,75744.97,"{""dataset"": ""2b4f41b124ab"", ""engine"": ""0.2.0"", ""exec"": ""EXEC-1.1"", ""roll"": ""ROLL-1.0""}",123.28822159767151
FQ_16_10_6,"{""core_cap"": 10, ""max_total"": 16, ""rec_activation"": ""always"", ""rec_anchor"": ""low60"", ""rec_cap"": 6, ""rec_spacing"": ""float"", ""rec_step"": 5.0, ""rec_tp"": 3.0, ""recovery"": {""h"": 10, ""layer_x"": 5.0, ""rec_step"": 10.0, ""rec_tp"": 2.0}}",{},ES-signal / MES-economics proxy backtest,198759.7300000289,198183.4800000289,576.25,6,-84281.41999999821,111814.85999999999,2020-03-22,14,749.7875,True,453.9604166666667,0.7027636773829667,2.790750141003948,9902,461191.25,215319.1708039034,13712.769999999107,6139.239999999107,6896.25,677.28,9.521695277106138,61488.869999999995,2.051325437112239,1.0,0.29771854275876175,137375.61,0.739424703891709,0.9877955758962624,0.020217359023425353,538.6442547426258,901.3700000001118,-6620.327999999839,-2145.540000000008,18602.5,-27816.25,0.6043360433604336,0.4878048780487805,0.35772357723577236,0.26287262872628725,0.2032520325203252,0.25474254742547425,0.17073170731707318,-51963.7999999999,8.0,369.0,0.14686702381813335,0.40511883367917795,0.6325290842364384,118238.42000002888,73038.42000002888,168722.6200000287,257536.490000027,156662.40000002243,16,20874.40568255998,14197.123571430637,0.006391020164855281,0.002501608438912217,182074.71000002394,181498.46000002392,576.25,6,-84281.41999999821,95129.84000000003,2020-03-22,14,749.7875,True,453.9604166666667,0.6782334384858044,2.817034700315457,8936,461191.25,228151.29623184705,12367.789999999211,5540.319999999212,6197.5,629.97,9.802659559475229,330.0,16,103821.9100000048,103245.66000000479,576.25,6,-84281.41999999995,66974.96000000005,2022-10-13,14,749.7875,True,453.9604166666667,0.5593834995466909,2.385312783318223,5268,461191.25,267476.5434328224,7360.589999999613,3266.1599999996124,3641.25,453.18000000000006,10.783919180114173,230.0,16,65295.28999999634,64719.039999996334,576.25,6,-86171.98999999996,69693.17000000004,2025-04-06,14,126.56111111111112,True,6.823611111111111,0.9454545454545454,4.490909090909091,2970,461191.25,273855.34792206815,4007.209999999863,1841.399999999863,2056.25,109.56,8.600924360275053,69.0,16,66974.96000000005,"{""dataset"": ""2b4f41b124ab"", ""engine"": ""0.2.0"", ""exec"": ""EXEC-1.1"", ""roll"": ""ROLL-1.0""}",137.19691967964172
FQ_18_10_8,"{""core_cap"": 10, ""max_total"": 18, ""rec_activation"": ""always"", ""rec_anchor"": ""low60"", ""rec_cap"": 8, ""rec_spacing"": ""float"", ""rec_step"": 5.0, ""rec_tp"": 3.0, ""recovery"": {""h"": 10, ""layer_x"": 5.0, ""rec_step"": 10.0, ""rec_tp"": 2.0}}",{},ES-signal / MES-economics proxy backtest,206862.4700000342,206286.22000003417,576.25,6,-91507.41999999684,112439.18,2020-03-22,16,744.9423611111112,True,298.83680555555554,0.8076706147772138,3.150028200789622,11176,461191.25,223764.94401597272,15363.779999998967,6929.119999998968,7727.5,707.1600000000001,9.923540503360687,69621.49,2.410603496897913,1.0,0.17496588881012884,137375.61,0.739424703891709,0.9877955758962624,0.020217359023425353,560.6028997290899,901.3700000001118,-6863.231999999795,-2240.0,20018.850000000093,-32873.75,0.6043360433604336,0.4878048780487805,0.3604336043360434,0.26287262872628725,0.2032520325203252,0.25474254742547425,0.17886178861788618,-51963.7999999999,8.0,369.0,0.16677143031306885,0.445132797650462,0.6876068916704732,114781.20000003421,64622.41000003417,176799.08000003424,269557.71000003093,161421.47000002547,18,20845.63165031458,12928.904375002137,0.0061263108470232175,0.0025053204924229467,189553.13000002928,188976.88000002928,576.25,6,-91507.41999999687,95129.84000000003,2020-03-22,16,744.9423611111112,True,298.83680555555554,0.7867507886435331,3.182965299684543,10096,461191.25,237514.55084309162,13874.369999999086,6259.5199999990855,6955.0,659.85,10.246350622140238,330.0,18,110932.48000000478,110356.23000000478,576.25,6,-91507.41999999993,59748.96000000008,2022-10-13,16,744.9423611111112,True,298.83680555555554,0.7071622846781505,2.8794197642792385,6358,461191.25,280868.01143693534,8777.519999999493,3941.9599999994934,4352.5,483.06000000000006,11.418418213691734,230.0,18,66270.96999999636,65694.71999999636,576.25,6,-86049.34999999998,69815.81000000003,2025-04-06,16,125.00555555555556,True,5.1875,0.9727272727272728,4.696969696969697,3106,471100.0,273927.77458385,4179.029999999849,1925.7199999998481,2143.75,109.56,8.603554653740654,69.0,18,59748.96000000008,"{""dataset"": ""2b4f41b124ab"", ""engine"": ""0.2.0"", ""exec"": ""EXEC-1.1"", ""roll"": ""ROLL-1.0""}",134.93913292884827
FQ_16_12_4,"{""core_cap"": 12, ""max_total"": 16, ""rec_activation"": ""always"", ""rec_anchor"": ""low60"", ""rec_cap"": 4, ""rec_spacing"": ""float"", ""rec_step"": 5.0, ""rec_tp"": 3.0, ""recovery"": {""h"": 12, ""layer_x"": 5.0, ""rec_step"": 10.0, ""rec_tp"": 2.0}}",{},ES-signal / MES-economics proxy backtest,225981.6600000261,225421.6600000261,560.0,4,-88221.34999999934,101791.58000000007,2020-03-22,15,758.9520833333333,True,617.9381944444444,0.5871404399323181,2.464749012972363,8744,482020.0,234025.3424024504,12388.339999999233,5421.279999999233,6235.0,732.0600000000001,10.332765513937257,51069.32,1.5831923293852228,1.0,0.4639051778965093,175086.88,0.8815566835871405,0.9756877799104287,0.012775936411698947,612.4164227642984,1108.4700000003213,-7356.391999999899,-2400.0,18742.639999999985,-30345.0,0.6097560975609756,0.5149051490514905,0.38482384823848237,0.2872628726287263,0.23306233062330622,0.26287262872628725,0.1951219512195122,-62577.53999999989,8.0,369.0,0.14091851524586696,0.39360521557364325,0.606534618782711,137034.10000002608,88915.96000002607,191727.2900000263,288577.7200000253,180026.0900000201,16,21870.394687193162,15065.44400000174,0.006941816496395748,0.0026168807893938843,207599.91000002192,207039.91000002195,560.0,4,-88221.34999999934,83409.83000000002,2020-03-22,15,758.9520833333333,True,617.9381944444444,0.5690851735015773,2.504731861198738,7944,482020.0,247247.4284178565,11240.08999999932,4925.27999999932,5645.0,669.8100000000001,10.586269695365814,330.0,16,119745.61000000633,119185.61000000633,560.0,4,-88221.35,63035.03,2022-10-13,15,758.9520833333333,True,617.9381944444444,0.42973708068902994,2.0344514959202176,4492,482020.0,288013.4318559806,6426.8899999996975,2785.039999999697,3168.75,473.1000000000001,11.516035870004945,230.0,16,76371.0499999979,75811.04999999791,560.0,4,-85359.10999999999,70259.80000000002,2025-04-06,14,127.43819444444445,True,48.172916666666666,0.8636363636363636,4.333333333333333,2864,482020.0,302940.1328204261,3907.6999999998748,1775.6799999998746,2012.5,119.52000000000001,9.479547589523916,69.0,16,63035.03,"{""dataset"": ""2b4f41b124ab"", ""engine"": ""0.2.0"", ""exec"": ""EXEC-1.1"", ""roll"": ""ROLL-1.0""}",138.40458250045776
FQ_18_12_6,"{""core_cap"": 12, ""max_total"": 18, ""rec_activation"": ""always"", ""rec_anchor"": ""low60"", ""rec_cap"": 6, ""rec_spacing"": ""float"", ""rec_step"": 5.0, ""rec_tp"": 3.0, ""recovery"": {""h"": 12, ""layer_x"": 5.0, ""rec_step"": 10.0, ""rec_tp"": 2.0}}",{},ES-signal / MES-economics proxy backtest,235732.18000003172,235172.18000003172,560.0,4,-96991.35999999818,102442.54000000004,2020-03-22,16,754.9659722222223,True,453.9604166666667,0.6982515510434292,2.90975747320925,10322,508743.75,244562.36211584636,14411.569999999061,6399.639999999061,7247.5,764.4300000000002,10.835602276133935,62552.579999999994,2.0490693739424706,1.0,0.30301803480321976,173386.50999999998,0.8606880992667795,0.9750982961992136,0.012775936411698947,638.840596206048,1108.4700000003213,-7793.977999999979,-2480.0,21260.0,-30345.0,0.6124661246612466,0.5176151761517616,0.3902439024390244,0.2872628726287263,0.23577235772357724,0.2682926829268293,0.2005420054200542,-62568.77999999991,8.0,369.0,0.13508974464154921,0.3859891339399984,0.6031370854839629,144742.12000003166,93553.36000003165,199464.10000003266,303790.7300000298,188256.55000002508,18,21755.33708165406,14733.261250001982,0.006586572208143694,0.0026121787125340102,215711.90000002738,215151.90000002738,560.0,4,-96991.35999999821,83432.35,2020-03-22,16,754.9659722222223,True,453.9604166666667,0.6738170347003155,2.9369085173501577,9314,508743.75,259005.30983499895,13005.59999999917,5774.679999999171,6526.25,704.6700000000001,11.146087860670653,330.0,18,125353.40000000654,124793.40000000657,560.0,4,-96991.35999999996,54265.02000000005,2022-10-13,16,754.9659722222223,True,453.9604166666667,0.5584768812330009,2.502266545784225,5524,508743.75,304330.82471232075,7754.099999999585,3424.8799999995845,3823.75,505.4700000000001,12.290086303771295,230.0,18,78529.86999999799,77969.86999999799,560.0,4,-92973.85999999996,62645.05000000005,2025-04-06,15,126.76875,True,6.823611111111111,0.9454545454545454,4.733333333333333,3128,508743.75,306179.2438657799,4222.629999999846,1939.3599999998457,2163.75,119.52000000000001,9.602517566602788,69.0,18,54265.02000000005,"{""dataset"": ""2b4f41b124ab"", ""engine"": ""0.2.0"", ""exec"": ""EXEC-1.1"", ""roll"": ""ROLL-1.0""}",139.96248054504395
FQ_20_12_8,"{""core_cap"": 12, ""max_total"": 20, ""rec_activation"": ""always"", ""rec_anchor"": ""low60"", ""rec_cap"": 8, ""rec_spacing"": ""float"", ""rec_step"": 5.0, ""rec_tp"": 3.0, ""recovery"": {""h"": 12, ""layer_x"": 5.0, ""rec_step"": 10.0, ""rec_tp"": 2.0}}",{},ES-signal / MES-economics proxy backtest,244327.63000003726,243767.63000003726,560.0,4,-104217.3599999969,103066.86000000004,2020-03-22,18,747.6493055555555,True,298.83680555555554,0.8071065989847716,3.28087986463621,11638,508743.75,253096.31140714613,16118.619999998917,7215.559999998917,8108.75,794.31,11.241016919710525,71177.91,2.4201917653694305,1.0,0.17562850042446368,173386.50999999998,0.8606880992667795,0.9750982961992136,0.012775936411698947,662.1344986450874,1108.4700000003213,-8042.203999999986,-2520.0,22676.350000000093,-35402.5,0.6124661246612466,0.5176151761517616,0.39295392953929537,0.2953929539295393,0.24119241192411925,0.26558265582655827,0.2032520325203252,-62568.77999999991,8.0,369.0,0.1520601660974419,0.4157635384912649,0.649136325678663,142745.11000003724,85725.6900000372,208033.27000003826,316304.660000034,193473.29000002833,20,21735.367159853817,13573.757222224292,0.006353399267119289,0.002616136501412451,223683.03000003262,223123.0300000326,560.0,4,-104217.3599999969,83432.35,2020-03-22,18,747.6493055555555,True,298.83680555555554,0.7867507886435331,3.31608832807571,10516,508743.75,268467.1294190278,14568.219999999039,6519.91999999904,7313.75,734.55,11.593768888916728,330.0,20,132611.52000000677,132051.52000000677,560.0,4,-104217.35999999993,47039.02000000008,2022-10-13,18,747.6493055555555,True,298.83680555555554,0.7071622846781505,3.00090661831369,6624,508743.75,317790.01700791117,9184.729999999465,4106.879999999464,4542.5,535.3500000000001,12.926835078887041,230.0,20,79505.54999999807,78945.54999999805,560.0,4,-92851.21999999997,62767.69000000003,2025-04-06,17,125.73819444444445,True,5.1875,0.9727272727272728,4.9393939393939394,3264,508743.75,306251.67052756174,4394.449999999832,2023.679999999831,2251.25,119.52000000000001,9.605147860068387,69.0,20,47039.02000000008,"{""dataset"": ""2b4f41b124ab"", ""engine"": ""0.2.0"", ""exec"": ""EXEC-1.1"", ""roll"": ""ROLL-1.0""}",140.03893041610718
FQ_20_10_10,"{""core_cap"": 10, ""max_total"": 20, ""rec_activation"": ""always"", ""rec_anchor"": ""low60"", ""rec_cap"": 10, ""rec_spacing"": ""float"", ""rec_step"": 5.0, ""rec_tp"": 3.0, ""recovery"": {""h"": 10, ""layer_x"": 5.0, ""rec_step"": 10.0, ""rec_tp"": 2.0}}",{},ES-signal / MES-economics proxy backtest,211277.15000003728,210700.90000003725,576.25,6,-98118.6399999957,112465.45999999996,2020-03-22,18,736.5006944444444,True,298.0965277777778,0.856175972927242,3.3395375070501974,11848,461191.25,228881.70520052058,16229.099999998894,7345.759999998894,8158.75,724.5899999999999,10.175624297813801,74053.60000000002,2.6001128031584884,1.0,0.11788042732145208,137375.61,0.739424703891709,0.9877955758962624,0.020217359023425353,572.5668021681226,901.3700000001118,-6833.447999999765,-2318.250000000262,21274.530000000144,-34056.07999999984,0.6043360433604336,0.4878048780487805,0.3604336043360434,0.2682926829268293,0.2086720867208672,0.25474254742547425,0.18157181571815717,-51963.79999999993,8.0,369.0,0.17550710050752516,0.4649586573843067,0.7251384259962477,113042.01000003717,58071.97000003714,181213.76000003732,277276.09000003285,163332.3000000273,20,20763.065126670357,11737.619444446515,0.005835453917503827,0.0025015839586938747,193941.5300000324,193365.28000003236,576.25,6,-98118.6399999957,95129.84000000003,2020-03-22,18,736.5006944444444,True,298.0965277777778,0.8410094637223975,3.3930599369085175,10762,461191.25,243232.51561027055,14732.219999999013,6672.439999999013,7382.5,677.2799999999999,10.52801431877758,330.0,20,115320.88000000454,114744.63000000457,576.25,6,-98118.6399999999,53137.74000000011,2022-10-13,18,736.5006944444444,True,298.0965277777778,0.785131459655485,3.1813236627379875,7024,461191.25,289074.744336315,9635.36999999942,4354.879999999421,4780.0,500.49000000000007,11.822677214905381,230.0,20,66279.72999999637,65703.47999999636,576.25,6,-86049.34999999998,69815.81000000003,2025-04-06,16,125.00555555555556,True,5.1875,0.9727272727272728,4.7,3108,471100.0,273927.77458385,4181.519999999849,1926.959999999848,2145.0,109.56,8.603554653740654,69.0,20,53137.74000000011,"{""dataset"": ""2b4f41b124ab"", ""engine"": ""0.2.0"", ""exec"": ""EXEC-1.1"", ""roll"": ""ROLL-1.0""}",124.84257411956787
FQ_20_14_6,"{""core_cap"": 14, ""max_total"": 20, ""rec_activation"": ""always"", ""rec_anchor"": ""low60"", ""rec_cap"": 6, ""rec_spacing"": ""float"", ""rec_step"": 5.0, ""rec_tp"": 3.0, ""recovery"": {""h"": 14, ""layer_x"": 5.0, ""rec_step"": 10.0, ""rec_tp"": 2.0}}",{},ES-signal / MES-economics proxy backtest,254864.5000000334,254304.50000003344,560.0,4,-96953.83999999822,103065.20000000007,2020-03-22,17,754.9659722222223,True,453.9604166666667,0.6926113931190073,2.964467005076142,10516,550880.0,251758.87514323898,14674.24999999904,6519.91999999904,7365.0,789.3300000000002,11.142017421222063,62734.990000000005,2.0439932318104908,1.0,0.3111402803421485,192361.32,0.9204737732656514,0.9620098039215687,0.0046775056665200425,690.6897018971096,1168.2400000000198,-7793.977999999979,-2480.0,21260.0,-30345.0,0.6070460704607046,0.5284552845528455,0.3902439024390244,0.2953929539295393,0.24932249322493225,0.2764227642276423,0.20596205962059622,-63244.439999999886,8.0,369.0,0.12494874727549668,0.3607899884055567,0.5648249167694253,162911.94000003336,110910.68000003335,216078.84000003443,322885.53000003146,206588.67000002664,20,22874.178917957546,14992.02941176667,0.0071239024869682544,0.0027434572127959323,234549.11000002862,233989.1100000286,560.0,4,-96953.83999999822,82749.81000000003,2020-03-22,17,754.9659722222223,True,453.9604166666667,0.6656151419558359,2.991167192429022,9486,550880.0,266501.4686025099,13228.389999999152,5881.319999999152,6617.5,729.5700000000002,11.451577038593678,330.0,20,142091.9800000107,141531.98000001072,560.0,4,-96953.83999999997,54302.54000000004,2022-10-13,16,754.9659722222223,True,453.9604166666667,0.5457842248413418,2.5956482320942884,5730,550880.0,310783.6543775565,8026.769999999562,3552.599999999562,3956.25,517.9200000000001,12.494981345799433,230.0,20,82996.64999999863,82436.64999999861,560.0,4,-99730.15,56016.94000000003,2025-04-06,16,125.0625,True,6.823611111111111,0.9484848484848485,4.872727272727273,3220,550880.0,328343.97159283055,4354.599999999836,1996.3999999998357,2221.25,136.95,10.299703152594597,69.0,20,54302.54000000004,"{""dataset"": ""2b4f41b124ab"", ""engine"": ""0.2.0"", ""exec"": ""EXEC-1.1"", ""roll"": ""ROLL-1.0""}",134.35200929641724
FQ_24_16_8,"{""core_cap"": 16, ""max_total"": 24, ""rec_activation"": ""always"", ""rec_anchor"": ""low60"", ""rec_cap"": 8, ""rec_spacing"": ""float"", ""rec_step"": 5.0, ""rec_tp"": 3.0, ""recovery"": {""h"": 16, ""layer_x"": 5.0, ""rec_step"": 10.0, ""rec_tp"": 2.0}}",{},ES-signal / MES-economics proxy backtest,280537.34000004065,279977.34000004065,560.0,4,-116696.01999999682,99656.51000000004,2020-03-22,20,749.0166666666667,True,298.83680555555554,0.8071065989847716,3.4568527918781724,12262,619740.0,278883.6513997495,16951.40999999885,7602.439999998849,8470.0,878.97,12.375770828838874,72818.48000000001,2.4523406655386353,1.0,0.1782327181645238,208040.31,1.0045121263395376,0.9477821448624368,0.00135324063308127,760.2637940380506,1232.2300000003306,-9137.871999999881,-2661.8099999999686,25333.850000000093,-37931.25,0.6124661246612466,0.5338753387533876,0.4146341463414634,0.33062330623306235,0.2682926829268293,0.26558265582655827,0.2140921409214092,-68470.6499999999,8.0,369.0,0.14189287600714484,0.391628116242865,0.6189664092486757,170671.0300000406,106894.1500000406,242175.2500000419,361685.5100000374,219987.210000031,24,22668.272051896212,14026.867000002032,0.006514907655274544,0.002726096672293977,257947.5500000359,257387.55000003587,560.0,4,-116696.01999999685,77066.72000000003,2020-03-22,20,749.0166666666667,True,298.83680555555554,0.7873817034700316,3.500946372239748,11102,619740.0,296871.10526196286,15337.449999998977,6883.239999998976,7635.0,819.2100000000002,12.833079132229464,330.0,24,162635.54000001488,162075.54000001488,560.0,4,-116696.01999999993,34560.36000000007,2022-10-13,20,749.0166666666667,True,298.83680555555554,0.7080689029918404,3.229374433363554,7128,619740.0,352321.3501061941,9869.45999999941,4419.359999999409,4852.5,597.6000000000001,14.344086843169865,230.0,24,90543.11000000042,89983.11000000042,560.0,4,-112703.72999999998,43043.360000000044,2025-04-06,20,124.80833333333334,True,5.1875,0.9757575757575757,5.303030303030303,3504,619740.0,353352.5981475219,4711.889999999805,2172.479999999805,2392.5,146.91,11.121241498515763,69.0,24,34560.36000000007,"{""dataset"": ""2b4f41b124ab"", ""engine"": ""0.2.0"", ""exec"": ""EXEC-1.1"", ""roll"": ""ROLL-1.0""}",148.49436378479004
FQ_24_12_12,"{""core_cap"": 12, ""max_total"": 24, ""rec_activation"": ""always"", ""rec_anchor"": ""low60"", ""rec_cap"": 12, ""rec_spacing"": ""float"", ""rec_step"": 5.0, ""rec_tp"": 3.0, ""recovery"": {""h"": 12, ""layer_x"": 5.0, ""rec_step"": 10.0, ""rec_tp"": 2.0}}",{},ES-signal / MES-economics proxy backtest,249794.75000004144,249234.75000004147,560.0,4,-117350.91999999556,103093.14000000004,2020-03-22,22,744.8659722222222,True,160.05555555555554,0.8776085730400451,3.5341229554427525,12536,508743.75,262386.76806982496,17282.74999999882,7772.319999998819,8683.75,826.68,11.70317661331219,76677.40000000002,2.673434856175973,1.0,0.09811414850905383,173386.50999999998,0.8606880992667795,0.9750982961992136,0.012775936411698947,676.9505420055324,1108.4700000003213,-7982.059999999858,-2561.0499999998137,24942.5,-36558.549999999814,0.6124661246612466,0.5176151761517616,0.3956639566395664,0.3008130081300813,0.24390243902439024,0.26558265582655827,0.2086720867208672,-62568.77999999991,8.0,369.0,0.1590681549551919,0.44188562810059767,0.707656546024169,139414.04000004136,73025.86000004131,213500.39000004245,328290.3000000369,196375.2400000312,24,21344.183571142865,11354.306818183702,0.0057686002121292105,0.002579972103720512,229123.87000003667,228563.8700000367,560.0,4,-117350.91999999559,83432.35,2020-03-22,22,744.8659722222222,True,160.05555555555554,0.865615141955836,3.5974763406940062,11408,508743.75,278850.53389278456,15724.879999998942,7072.959999998942,7885.0,766.9199999999998,12.110259598310058,330.0,24,138017.3200000089,137457.3200000089,560.0,4,-117350.9199999999,33905.46000000011,2022-10-13,22,744.8659722222222,True,160.05555555555554,0.8195829555757026,3.4016319129646417,7508,508743.75,332691.74101564253,10331.429999999367,4654.959999999368,5108.75,567.72,13.668076594597025,230.0,24,79514.30999999805,78954.30999999805,560.0,4,-92851.21999999997,62767.69000000003,2025-04-06,17,125.73819444444445,True,5.1875,0.9727272727272728,4.942424242424242,3266,508743.75,306251.67052756174,4396.939999999831,2024.9199999998307,2252.5,119.52000000000001,9.605147860068387,69.0,24,33905.46000000011,"{""dataset"": ""2b4f41b124ab"", ""engine"": ""0.2.0"", ""exec"": ""EXEC-1.1"", ""roll"": ""ROLL-1.0""}",135.45187282562256
FQA_10_6_4,"{""add_trigger"": ""armed"", ""core_cap"": 6, ""max_total"": 10, ""rec_activation"": ""always"", ""rec_anchor"": ""low60"", ""rec_cap"": 4, ""rec_spacing"": ""float"", ""rec_step"": 5.0, ""rec_tp"": 3.0, ""recovery"": {""h"": 6, ""layer_x"": 5.0, ""rec_step"": 10.0, ""rec_tp"": 2.0}, ""reversal"": ""ll_fail""}",{},ES-signal / MES-economics proxy backtest,124972.33000001119,124904.83000001118,67.5,1,-49757.1500000004,128670.94999999978,2020-03-22,10,759.3291666666667,True,617.9381944444444,0.5843203609701072,2.113931190073322,7497,319286.25,137686.00516115612,10272.66999999937,4648.139999999369,5196.25,428.28000000000014,6.066310191891203,47548.4,1.601804850535815,1.0,0.4386264747661247,77785.32999999999,0.5121263395375071,0.9977973568281938,0.04571739964866175,338.6784010840412,602.5599999999977,-3929.3639999998727,-1343.4999999997672,10710.079999999987,-15172.5,0.5962059620596206,0.4173441734417344,0.24932249322493225,0.15718157181571815,0.10840108401084012,0.21951219512195122,0.1002710027100271,-30615.080000000075,8.0,369.0,0.12740820307982234,0.36810196305050813,0.5729373854195855,78969.77000001117,53371.010000011156,104635.79000001095,160177.4800000116,101095.52000000619,10,20601.045124112,12497.233000001119,0.006806627812968357,0.0024597881294299395,115027.35000000871,114959.85000000872,67.5,1,-49757.15000000037,117698.45000000001,2020-03-22,10,759.3291666666667,True,617.9381944444444,0.5646687697160884,2.1394321766561513,6783,319286.25,145852.39480537173,9275.149999999447,4205.459999999447,4681.25,388.4400000000001,6.239942875218055,330.0,10,64169.75999999608,64102.25999999609,67.5,1,-49419.649999999994,101129.84,2022-10-13,10,758.8597222222222,True,617.9381944444444,0.4242973708068903,1.7425203989120581,3845,319286.25,167238.17351777767,5307.739999999768,2383.8999999997677,2635.0,288.84,6.670384770980357,230.0,10,43337.0199999999,43269.5199999999,67.5,1,-56445.98999999999,99133.57000000004,2025-04-06,9,126.81388888888888,True,48.109027777777776,0.8696969696969697,3.7333333333333334,2465,319286.25,185419.7801826175,3300.479999999918,1528.299999999918,1692.5,79.68,5.814992672753918,69.0,10,99133.57000000004,"{""dataset"": ""2b4f41b124ab"", ""engine"": ""0.2.0"", ""exec"": ""EXEC-1.1"", ""roll"": ""ROLL-1.0""}",102.12596011161804
FQA_10_5_5,"{""add_trigger"": ""armed"", ""core_cap"": 5, ""max_total"": 10, ""rec_activation"": ""always"", ""rec_anchor"": ""low60"", ""rec_cap"": 5, ""rec_spacing"": ""float"", ""rec_step"": 5.0, ""rec_tp"": 3.0, ""recovery"": {""h"": 5, ""layer_x"": 5.0, ""rec_step"": 10.0, ""rec_tp"": 2.0}, ""reversal"": ""ll_fail""}",{},ES-signal / MES-economics proxy backtest,117276.68000000855,117190.43000000858,86.25,3,-47896.10999999993,132140.30999999982,2020-03-22,10,749.9194444444445,True,462.1020833333333,0.6570783981951495,2.298364354201918,8153,283810.0,127951.04157852859,11072.0699999993,5054.8599999992975,5633.75,383.4600000000001,5.680668831478115,52804.0,1.8471517202481669,1.0,0.34421342537984595,64771.75,0.4512126339537507,0.99875,0.049446516175848436,317.82298102983344,529.6099999998696,-3871.392000000062,-1340.0,10710.079999999987,-17701.25,0.5907859078590786,0.41192411924119243,0.22493224932249323,0.15718157181571815,0.1002710027100271,0.2032520325203252,0.0975609756097561,-26127.010000000097,8.0,369.0,0.15839679295149425,0.4131364394012216,0.6345682705205724,68825.41000000856,42856.62000000852,97218.82000000848,150519.41000000923,91301.74000000299,10,20644.871841524524,11727.668000000855,0.006635674192117772,0.002483942116522537,107854.13000000571,107767.8800000057,86.25,3,-47896.10999999993,122657.78000000003,2020-03-22,10,749.9194444444445,True,462.1020833333333,0.6416403785488959,2.3381703470031545,7415,283810.0,134651.50286093686,10043.369999999377,4597.299999999378,5090.0,356.0700000000001,5.787814632588059,330.0,10,62127.189999996306,62040.9399999963,86.25,3,-53961.54999999999,96480.99000000002,2022-10-13,10,750.18125,True,462.1020833333333,0.5167724388032638,1.9628286491387126,4333,283810.0,166460.80473490807,5906.559999999715,2686.4599999997145,2933.75,286.35,6.783649480828876,230.0,10,42142.7599999996,42056.50999999961,86.25,3,-52793.92999999999,102175.04000000004,2025-04-06,9,124.4173611111111,True,6.823611111111111,0.9424242424242424,3.9727272727272727,2625,283810.0,154483.95242926388,3472.2399999999006,1627.4999999999006,1780.0,64.74000000000001,4.875023484763085,69.0,10,96480.99000000002,"{""dataset"": ""2b4f41b124ab"", ""engine"": ""0.2.0"", ""exec"": ""EXEC-1.1"", ""roll"": ""ROLL-1.0""}",99.50576853752136
FQ_32_12_20,"{""core_cap"": 12, ""max_total"": 32, ""rec_activation"": ""always"", ""rec_anchor"": ""low60"", ""rec_cap"": 20, ""rec_spacing"": ""float"", ""rec_step"": 5.0, ""rec_tp"": 3.0, ""recovery"": {""h"": 12, ""layer_x"": 5.0, ""rec_step"": 10.0, ""rec_tp"": 2.0}}",{},ES-signal / MES-economics proxy backtest,255741.03000004613,255181.0300000461,560.0,4,-116428.05999999464,103093.14000000004,2020-03-22,27,708.0944444444444,True,5.764583333333333,0.9655950366610265,3.8155668358714045,13534,535795.0,263904.3368718148,18555.219999999004,8391.079999999003,9327.5,836.64,11.77931671154121,82633.64000000001,2.9548787366046247,1.0,0.0,173386.50999999998,0.8606880992667795,0.9750982961992136,0.012775936411698947,693.0651219513445,1108.4700000003213,-7982.059999999858,-2561.0499999998137,25497.590000000084,-36558.549999999814,0.6151761517615176,0.5176151761517616,0.3956639566395664,0.3008130081300813,0.24661246612466126,0.26558265582655827,0.2086720867208672,-62568.77999999991,8.0,369.0,0.15536963310108218,0.43514030580067664,0.6969559401554302,144457.80000004603,77500.80000004591,219446.67000004713,331117.3700000394,202321.52000003587,32,21711.02418440576,9471.89000000171,0.005952732717107684,0.0026261983041528576,235070.15000004135,234510.15000004135,560.0,4,-116428.05999999467,83432.35,2020-03-22,27,708.0944444444444,True,5.764583333333333,0.9640378548895899,3.912302839116719,12406,535795.0,280546.9024427578,16997.349999998834,7691.719999998833,8528.75,776.8799999999999,12.195370512463162,330.0,32,143963.6000000129,143403.60000001293,560.0,4,-116428.05999999988,34828.32000000012,2022-10-13,27,708.0944444444444,True,5.764583333333333,0.9610154125113327,3.85403445149592,8506,535795.0,335126.46108745,11603.89999999926,5273.719999999259,5752.5,577.6800000000001,13.790232390884164,230.0,32,79514.30999999805,78954.30999999805,560.0,4,-92851.21999999997,62767.69000000003,2025-04-06,17,125.73819444444445,True,5.1875,0.9727272727272728,4.942424242424242,3266,508743.75,306251.67052756174,4396.939999999831,2024.9199999998307,2252.5,119.52000000000001,9.605147860068387,69.0,32,34828.32000000012,"{""dataset"": ""2b4f41b124ab"", ""engine"": ""0.2.0"", ""exec"": ""EXEC-1.1"", ""roll"": ""ROLL-1.0""}",135.97197270393372
FQ_32_16_16,"{""core_cap"": 16, ""max_total"": 32, ""rec_activation"": ""always"", ""rec_anchor"": ""low60"", ""rec_cap"": 16, ""rec_spacing"": ""float"", ""rec_step"": 5.0, ""rec_tp"": 3.0, ""recovery"": {""h"": 16, ""layer_x"": 5.0, ""rec_step"": 10.0, ""rec_tp"": 2.0}}",{},ES-signal / MES-economics proxy backtest,292025.74000004947,291465.74000004947,560.0,4,-128924.23999999464,99742.87000000005,2020-03-22,28,712.8104166666667,True,5.764583333333333,0.9655950366610265,3.991539763113367,14158,619740.0,289700.1596309127,19389.259999999504,8777.959999999503,9690.0,921.3000000000001,12.914600149612939,84372.97,2.987591652566272,1.0,0.0017006564477853642,208016.55,1.0039481105470953,0.947752808988764,0.00135324063308127,791.3976693768278,1232.2300000003306,-9137.871999999881,-2661.8099999999686,27765.090000000084,-39087.299999999814,0.6151761517615176,0.5338753387533876,0.4146341463414634,0.3333333333333333,0.27371273712737126,0.2682926829268293,0.2140921409214092,-68470.6499999999,8.0,369.0,0.14515206775948186,0.41023602919379576,0.6609314644660006,172226.26000004937,99016.74000004923,253663.65000005075,376590.7400000427,228884.1600000385,32,22612.062055115326,10429.490714287482,0.006138470697029982,0.0027317819582325874,269349.59000004455,268789.59000004455,560.0,4,-128924.23999999464,77066.72000000003,2020-03-22,28,712.8104166666667,True,5.764583333333333,0.9634069400630915,4.09211356466877,12976,619740.0,308953.1794607596,17747.909999998774,8045.119999998771,8841.25,861.5400000000001,13.434751222200996,330.0,32,174002.5400000164,173442.5400000164,560.0,4,-128924.23999999987,22332.14000000013,2022-10-13,28,712.8104166666667,True,5.764583333333333,0.9601087941976428,4.0752493200362645,8994,619740.0,369661.09695689304,12269.959999999206,5576.279999999206,6053.75,639.9300000000001,15.207585292398974,230.0,32,90551.8700000004,89991.87000000042,560.0,4,-112703.72999999998,43043.360000000044,2025-04-06,20,124.80833333333334,True,5.1875,0.9757575757575757,5.306060606060606,3506,619740.0,353352.5981475219,4714.379999999805,2173.7199999998047,2393.75,146.91,11.121241498515763,69.0,32,22332.14000000013,"{""dataset"": ""2b4f41b124ab"", ""engine"": ""0.2.0"", ""exec"": ""EXEC-1.1"", ""roll"": ""ROLL-1.0""}",150.7156732082367
FQA_12_8_4,"{""add_trigger"": ""armed"", ""core_cap"": 8, ""max_total"": 12, ""rec_activation"": ""always"", ""rec_anchor"": ""low60"", ""rec_cap"": 4, ""rec_spacing"": ""float"", ""rec_step"": 5.0, ""rec_tp"": 3.0, ""recovery"": {""h"": 8, ""layer_x"": 5.0, ""rec_step"": 10.0, ""rec_tp"": 2.0}, ""reversal"": ""ll_fail""}",{},ES-signal / MES-economics proxy backtest,162207.79000001866,162039.0400000187,168.75,3,-62163.30999999927,120122.50999999992,2020-03-22,11,758.925,True,617.9381944444444,0.5888324873096447,2.257191201353638,8007,390238.75,171839.24903374977,11122.209999999313,4964.3399999993135,5627.5,530.37,7.600054353764558,49154.79000000001,1.6097010716300055,1.0,0.44398480335984714,113416.47999999998,0.6474901297236323,0.9939024390243902,0.024298093975977878,439.58750677511836,763.9299999998766,-4872.997999999998,-1760.0,13387.600000000006,-20230.0,0.5989159891598916,0.45799457994579945,0.3062330623306233,0.21138211382113822,0.14363143631436315,0.23577235772357724,0.13821138211382114,-42043.2399999999,8.0,369.0,0.1308815069855619,0.3777874046615949,0.5899767206000961,100927.73000001861,66508.9700000186,136712.69000001828,205778.9900000178,129609.6900000131,12,21342.977622215527,14746.162727274424,0.007071494532307297,0.0025581321452864472,148257.5800000137,148088.8300000137,168.75,3,-62163.310000000405,107291.06000000003,2020-03-22,11,758.925,True,617.9381944444444,0.5741324921135647,2.2876971608832806,7255,390238.75,180764.75770902692,10067.419999999394,4498.099999999396,5088.75,480.57000000000005,7.738583656173955,330.0,12,84640.04000000126,84471.29000000125,168.75,3,-62163.31,88616.17000000001,2022-10-13,11,758.925,True,617.9381944444444,0.44152311876699907,1.85766092475068,4101,390238.75,207530.0767350654,5759.95999999974,2542.61999999974,2866.25,351.09000000000003,8.28313030970468,230.0,12,54994.04999999728,54825.29999999729,168.75,3,-70161.59999999998,86133.64000000004,2025-04-06,11,126.9263888888889,True,48.109027777777776,0.8696969696969697,3.9484848484848483,2609,390238.75,231376.9897982189,3529.6999999999025,1617.5799999999024,1817.5,94.62,7.255626949235336,69.0,12,86133.64000000004,"{""dataset"": ""2b4f41b124ab"", ""engine"": ""0.2.0"", ""exec"": ""EXEC-1.1"", ""roll"": ""ROLL-1.0""}",110.1303641796112
FQA_12_6_6,"{""add_trigger"": ""armed"", ""core_cap"": 6, ""max_total"": 12, ""rec_activation"": ""always"", ""rec_anchor"": ""low60"", ""rec_cap"": 6, ""rec_spacing"": ""float"", ""rec_step"": 5.0, ""rec_tp"": 3.0, ""recovery"": {""h"": 6, ""layer_x"": 5.0, ""rec_step"": 10.0, ""rec_tp"": 2.0}, ""reversal"": ""ll_fail""}",{},ES-signal / MES-economics proxy backtest,136147.9200000196,136080.42000001957,67.5,1,-58527.1599999982,129861.86999999973,2020-03-22,12,748.0444444444445,True,453.9604166666667,0.7349125775521714,2.631697687535251,9333,319286.25,150736.11416812125,12655.82999999917,5786.459999999169,6401.25,468.1200000000001,6.66896596165538,59017.67999999999,2.1252115059221657,1.0,0.26215465046887126,77531.48,0.5064861816130851,0.9977728285077951,0.04571739964866175,368.9645528455816,652.689999999915,-4578.231999999767,-1550.0,13287.5,-20230.0,0.5989159891598916,0.4254742547425474,0.26287262872628725,0.18157181571815717,0.13279132791327913,0.22493224932249323,0.11653116531165311,-30606.320000000094,8.0,369.0,0.15593334073702297,0.4159080799764832,0.6475314496173524,79522.90000001961,47987.86000001957,113821.48000001893,176815.5600000178,108101.20000001238,12,20415.14693324732,11345.660000001633,0.006304159519197462,0.002447751521802284,124998.26000001119,124930.76000001116,67.5,1,-58527.16000000099,117707.21000000002,2020-03-22,12,748.0444444444445,True,453.9604166666667,0.714826498422713,2.6599369085173503,8433,319286.25,159928.6267385633,11415.489999999269,5228.459999999267,5758.75,428.2800000000001,6.878329538585849,330.0,12,71602.76999999562,71535.26999999562,67.5,1,-58189.659999999974,92359.83000000002,2022-10-13,12,747.0916666666667,True,453.9604166666667,0.6056210335448776,2.340888485947416,5165,319286.25,187004.31677023869,7024.729999999624,3202.2999999996237,3493.75,328.68000000000006,7.56302647547984,230.0,12,46007.30999999889,45939.809999998906,67.5,1,-59182.54999999999,96397.01000000004,2025-04-06,11,111.73333333333333,True,5.1875,0.9727272727272728,4.2,2773,324500.0,186998.84750873633,3690.1899999998845,1719.2599999998845,1891.25,79.68,5.8713861646563705,69.0,12,92359.83000000002,"{""dataset"": ""2b4f41b124ab"", ""engine"": ""0.2.0"", ""exec"": ""EXEC-1.1"", ""roll"": ""ROLL-1.0""}",103.93399167060852
FQA_14_8_6,"{""add_trigger"": ""armed"", ""core_cap"": 8, ""max_total"": 14, ""rec_activation"": ""always"", ""rec_anchor"": ""low60"", ""rec_cap"": 6, ""rec_spacing"": ""float"", ""rec_step"": 5.0, ""rec_tp"": 3.0, ""recovery"": {""h"": 8, ""layer_x"": 5.0, ""rec_step"": 10.0, ""rec_tp"": 2.0}, ""reversal"": ""ll_fail""}",{},ES-signal / MES-economics proxy backtest,171592.90000002395,171424.15000002395,168.75,3,-70933.3199999982,121397.24999999994,2020-03-22,12,749.09375,True,453.9604166666667,0.7016356457980824,2.676818950930626,9495,393945.0,185087.14811891146,13065.84999999915,5886.899999999151,6606.25,572.7,8.213935296606252,59542.56,2.047941342357586,1.0,0.29281689785694875,112456.14999999998,0.6288776085730401,0.9937219730941704,0.024298093975977878,465.021409214157,766.3700000001118,-5628.881999999982,-1918.589999999851,15945.0,-22758.75,0.5989159891598916,0.45799457994579945,0.31978319783197834,0.21680216802168023,0.15989159891598917,0.24390243902439024,0.14905149051490515,-42034.47999999992,8.0,369.0,0.13918845127040028,0.39144282776263284,0.6151919455874068,104424.09000002389,66030.33000002388,144201.70000002376,220626.59000002203,137019.77000001783,14,20890.461612343224,14299.408333335328,0.006555754181732489,0.002512445698906109,156412.99000001966,156244.24000001966,168.75,3,-70933.3199999982,107313.58000000002,2020-03-22,12,749.09375,True,453.9604166666667,0.6788643533123029,2.697160883280757,8553,393945.0,194914.16214637598,11764.509999999254,5302.859999999254,5938.75,522.9000000000001,8.379264393158806,330.0,14,90043.79000000248,89875.04000000247,168.75,3,-70933.31999999998,79846.16000000003,2022-10-13,12,749.09375,True,453.9604166666667,0.5602901178603807,2.2964641885766093,5069,393945.0,227221.9877820605,7029.959999999634,3142.779999999634,3496.25,390.93000000000006,9.170818537330875,230.0,14,57894.459999996994,57725.70999999699,168.75,3,-72898.15999999997,83397.08000000005,2025-04-06,13,124.46319444444444,True,5.1875,0.9757575757575757,4.451515151515151,2941,393945.0,232988.5942584451,3950.5399999998663,1823.4199999998661,2032.5,94.62,7.312967346785405,69.0,14,79846.16000000003,"{""dataset"": ""2b4f41b124ab"", ""engine"": ""0.2.0"", ""exec"": ""EXEC-1.1"", ""roll"": ""ROLL-1.0""}",112.68640208244324
FQA_14_10_4,"{""add_trigger"": ""armed"", ""core_cap"": 10, ""max_total"": 14, ""rec_activation"": ""always"", ""rec_anchor"": ""low60"", ""rec_cap"": 4, ""rec_spacing"": ""float"", ""rec_step"": 5.0, ""rec_tp"": 3.0, ""recovery"": {""h"": 10, ""layer_x"": 5.0, ""rec_step"": 10.0, ""rec_tp"": 2.0}, ""reversal"": ""ll_fail""}",{},ES-signal / MES-economics proxy backtest,198605.32000002282,197619.07000002282,986.25,7,-75477.59999999928,111732.61999999997,2020-03-22,13,764.1305555555556,True,617.9381944444444,0.5910885504794134,2.3739424703891707,8425,427545.0,203640.4770400873,11874.679999999269,5223.499999999268,6011.25,639.9299999999998,9.01145211405325,50519.64000000001,1.6012408347433729,1.0,0.4506151221138571,147743.7,0.7727016356457981,0.9919708029197081,0.014399544997352355,538.2257994580565,876.3999999999651,-6134.953999999957,-2010.0,16065.119999999995,-25287.5,0.6043360433604336,0.4796747967479675,0.3523035230352303,0.25474254742547425,0.17886178861788618,0.25745257452574527,0.15989159891598917,-51825.03999999989,8.0,369.0,0.13361928069196208,0.3757832871747416,0.5824054964891512,123972.7600000228,82936.49000002278,169276.70000002286,252187.75000002206,154776.06000001682,14,22039.21382329716,15277.332307694063,0.007130934203764582,0.0026430197339996652,182523.77000001865,181537.52000001867,986.25,7,-75477.59999999928,95651.07,2020-03-22,13,764.1305555555556,True,617.9381944444444,0.5722397476340694,2.415141955835962,7663,427545.0,214860.3734055014,10783.72999999935,4751.059999999351,5452.5,580.17,9.215578717260517,330.0,14,106561.6600000048,105575.41000000479,986.25,7,-75362.04000000001,75417.44,2022-10-13,13,758.9513888888889,True,617.9381944444444,0.4397098821396192,1.9782411604714416,4371,427545.0,247650.7651537286,6234.58999999971,2710.0199999997103,3106.25,418.32000000000005,9.904578145367914,230.0,14,69654.81999999715,68668.56999999715,986.25,7,-71944.82,84529.87000000002,2025-04-06,12,125.39236111111111,True,48.172916666666666,0.8666666666666667,4.163636363636364,2755,427545.0,256827.27112689288,3793.9299999998866,1708.0999999998864,1981.25,104.58,8.03268327509112,69.0,14,75417.44,"{""dataset"": ""2b4f41b124ab"", ""engine"": ""0.2.0"", ""exec"": ""EXEC-1.1"", ""roll"": ""ROLL-1.0""}",120.50939130783081
FQA_16_8_8,"{""add_trigger"": ""armed"", ""core_cap"": 8, ""max_total"": 16, ""rec_activation"": ""always"", ""rec_anchor"": ""low60"", ""rec_cap"": 8, ""rec_spacing"": ""float"", ""rec_step"": 5.0, ""rec_tp"": 3.0, ""recovery"": {""h"": 8, ""layer_x"": 5.0, ""rec_step"": 10.0, ""rec_tp"": 2.0}, ""reversal"": ""ll_fail""}",{},ES-signal / MES-economics proxy backtest,179431.61000002938,179262.86000002938,168.75,3,-78159.31999999683,121995.29000000004,2020-03-22,14,722.1756944444444,True,298.83680555555554,0.8048505358150028,3.020304568527919,10713,393945.0,193509.88828760426,14645.889999999019,6642.059999999018,7401.25,602.58,8.614729870195365,67411.15,2.3914269599548788,1.0,0.1747865774218945,112456.14999999998,0.6288776085730401,0.9937219730941704,0.024298093975977878,486.2645257453371,766.3700000001118,-5938.301999999815,-1960.0,17361.350000000093,-27816.25,0.5989159891598916,0.46612466124661245,0.32791327913279134,0.22764227642276422,0.17344173441734417,0.24661246612466126,0.14905149051490515,-42034.47999999992,8.0,369.0,0.16268733251624515,0.43345913242369755,0.6800540328428198,101655.34000002939,57408.42000002935,152014.1300000291,232383.7800000261,141514.810000021,16,20828.466208884183,12816.54357143067,0.006221452870180508,0.002512866551928478,163653.66000002442,163484.91000002442,168.75,3,-78159.31999999683,107313.58000000002,2020-03-22,14,722.1756944444444,True,298.83680555555554,0.7861198738170347,3.047318611987382,9663,393945.0,204252.083891845,13207.589999999132,5991.059999999133,6663.75,552.7800000000001,8.821809201975565,330.0,16,96951.65000000311,96782.90000000312,168.75,3,-78159.31999999995,72620.16000000006,2022-10-13,14,722.1756944444444,True,298.83680555555554,0.7062556663644606,2.771532184950136,6117,393945.0,240599.1767625972,8393.34999999952,3792.5399999995198,4180.0,420.81,9.804751202409314,230.0,16,57955.779999997,57787.029999996994,168.75,3,-72871.87999999998,83423.36000000004,2025-04-06,14,124.46319444444444,True,5.1875,0.9757575757575757,4.472727272727273,2955,412212.5,232991.1947544433,3967.9699999998647,1832.0999999998646,2041.25,94.62,7.313057528275655,69.0,16,72620.16000000006,"{""dataset"": ""2b4f41b124ab"", ""engine"": ""0.2.0"", ""exec"": ""EXEC-1.1"", ""roll"": ""ROLL-1.0""}",117.48078846931458
FQA_16_10_6,"{""add_trigger"": ""armed"", ""core_cap"": 10, ""max_total"": 16, ""rec_activation"": ""always"", ""rec_anchor"": ""low60"", ""rec_cap"": 6, ""rec_spacing"": ""float"", ""rec_step"": 5.0, ""rec_tp"": 3.0, ""recovery"": {""h"": 10, ""layer_x"": 5.0, ""rec_step"": 10.0, ""rec_tp"": 2.0}, ""reversal"": ""ll_fail""}",{},ES-signal / MES-economics proxy backtest,207665.8800000291,206679.63000002908,986.25,7,-84247.60999999815,113139.86000000004,2020-03-22,14,750.1826388888888,True,453.9604166666667,0.709531866892273,2.8217710095882684,10013,461191.25,213652.60076459497,13935.369999999095,6208.0599999990945,7057.5,669.81,9.496399763533107,62017.73999999999,2.0580936266215453,1.0,0.29509611370583405,145336.04,0.763677382966723,0.9918759231905465,0.016118412758005272,562.7801626017049,899.6200000002282,-6303.472000000002,-2046.8099999999977,18602.5,-25287.5,0.6043360433604336,0.4905149051490515,0.36314363143631434,0.2682926829268293,0.19241192411924118,0.25745257452574527,0.16531165311653118,-51816.27999999988,8.0,369.0,0.12778940864043858,0.3692231964152671,0.5822697498500142,130990.82000002908,86748.32000002908,176427.40000002945,266710.80000002723,164962.7000000223,16,21867.853625695265,14833.277142859222,0.0066800727356149,0.002634089922555087,190199.61000002373,189213.36000002376,986.25,7,-84247.60999999818,95673.59000000003,2020-03-22,14,750.1826388888888,True,453.9604166666667,0.6864353312302839,2.8542586750788645,9055,461191.25,226029.76800495456,12587.889999999199,5614.099999999199,6361.25,612.54,9.755296726286483,330.0,16,111435.70000000531,110449.4500000053,986.25,7,-84132.04999999999,66647.43000000002,2022-10-13,14,749.7861111111112,True,453.9604166666667,0.57116953762466,2.447869446962829,5407,461191.25,262847.30624353845,7578.049999999597,3352.3399999995972,3780.0,445.71000000000004,10.636966782038028,230.0,16,70277.35999999667,69291.10999999667,986.25,7,-79559.57,76915.12000000002,2025-04-06,13,124.7611111111111,True,6.823611111111111,0.9484848484848485,4.554545454545455,3013,461191.25,264117.5518073874,4120.139999999858,1868.0599999998583,2147.5,104.58,8.27760868748356,69.0,16,66647.43000000002,"{""dataset"": ""2b4f41b124ab"", ""engine"": ""0.2.0"", ""exec"": ""EXEC-1.1"", ""roll"": ""ROLL-1.0""}",124.25796627998352
FQA_16_12_4,"{""add_trigger"": ""armed"", ""core_cap"": 12, ""max_total"": 16, ""rec_activation"": ""always"", ""rec_anchor"": ""low60"", ""rec_cap"": 4, ""rec_spacing"": ""float"", ""rec_step"": 5.0, ""rec_tp"": 3.0, ""recovery"": {""h"": 12, ""layer_x"": 5.0, ""rec_step"": 10.0, ""rec_tp"": 2.0}, ""reversal"": ""ll_fail""}",{},ES-signal / MES-economics proxy backtest,240542.06000002718,239555.81000002718,986.25,7,-87861.94999999931,103091.62000000011,2020-03-22,15,758.9472222222222,True,617.9381944444444,0.5848843767625493,2.5222786238014665,8951,471185.0,234475.34114516937,12687.93999999921,5549.61999999921,6408.75,729.57,10.35418481960994,50765.34,1.5702199661590523,1.0,0.4715399205986759,189524.38,0.952058657642414,0.9751184834123223,0.01142689838927942,651.8755013550872,1057.570000000007,-7222.875999999884,-2187.3599999998696,18742.639999999956,-30345.0,0.6151761517615176,0.5094850948509485,0.3983739837398374,0.2872628726287263,0.23306233062330622,0.2682926829268293,0.18157181571815717,-62430.0199999999,8.0,369.0,0.13238848956393073,0.36963398417719523,0.5696744261688975,151629.5400000272,103511.40000002718,204652.56000002805,302464.97000002634,187107.89000002015,16,23231.385588603855,16036.137333335146,0.0074193152024863126,0.002780145230502065,221737.7700000233,220751.5200000233,986.25,7,-87861.94999999928,84591.08000000002,2020-03-22,15,758.9472222222222,True,617.9381944444444,0.5684542586750788,2.5652996845425866,8139,471185.0,247531.51327822337,11545.979999999297,5046.179999999299,5827.5,672.3000000000001,10.595914200080802,330.0,16,128267.06000000739,127280.81000000738,986.25,7,-87861.95000000001,62917.53,2022-10-13,15,758.9472222222222,True,617.9381944444444,0.42973708068902994,2.101541251133273,4643,471185.0,288806.7240583,6712.93999999968,2878.6599999996806,3343.75,490.5300000000001,11.54096282644851,230.0,16,83283.43999999858,82297.18999999858,986.25,7,-85537.29999999999,71368.63000000003,2025-04-06,14,125.73333333333333,True,48.172916666666666,0.8393939393939394,4.472727272727273,2959,471185.0,304900.44945139595,4105.309999999865,1834.5799999998642,2141.25,129.48000000000002,9.536805320707925,69.0,16,62917.53,"{""dataset"": ""2b4f41b124ab"", ""engine"": ""0.2.0"", ""exec"": ""EXEC-1.1"", ""roll"": ""ROLL-1.0""}",129.65963292121887
FQA_18_10_8,"{""add_trigger"": ""armed"", ""core_cap"": 10, ""max_total"": 18, ""rec_activation"": ""always"", ""rec_anchor"": ""low60"", ""rec_cap"": 8, ""rec_spacing"": ""float"", ""rec_step"": 5.0, ""rec_tp"": 3.0, ""recovery"": {""h"": 10, ""layer_x"": 5.0, ""rec_step"": 10.0, ""rec_tp"": 2.0}, ""reversal"": ""ll_fail""}",{},ES-signal / MES-economics proxy backtest,215758.43000003393,214772.18000003396,986.25,7,-91473.60999999678,113764.18000000002,2020-03-22,16,745.3284722222222,True,298.83680555555554,0.8076706147772138,3.170332769317541,11249,461191.25,222433.45566666013,15536.569999998961,6974.37999999896,7862.5,699.6899999999999,9.90941552892657,70261.45,2.4083474337281445,1.0,0.17483140526895308,145214.76,0.7619853355893965,0.9918578830495929,0.016118412758005272,584.7111924120161,899.6200000002282,-6826.855999999865,-2032.2299999997485,20018.850000000093,-30345.0,0.6070460704607046,0.4905149051490515,0.36585365853658536,0.2682926829268293,0.19241192411924118,0.25474254742547425,0.17344173441734417,-51816.27999999991,8.0,369.0,0.14759562349427086,0.40451499392161083,0.6369597702392368,128480.91000003391,78328.99000003387,184493.67000003468,278721.8300000307,169510.30000002496,18,21773.073232241964,13484.90187500212,0.006392129843919319,0.002628701652184315,197667.84000002895,196681.59000002893,986.25,7,-91473.60999999681,95673.59000000003,2020-03-22,16,745.3284722222222,True,298.83680555555554,0.7873817034700316,3.2082018927444795,10177,461191.25,235767.58358492458,14044.659999999078,6309.739999999077,7092.5,642.42,10.211474439478737,330.0,18,118544.84000000561,117558.59000000563,986.25,7,-91358.04999999996,59421.43000000005,2022-10-13,16,744.9319444444444,True,298.83680555555554,0.7080689029918404,2.925657298277425,6461,461191.25,276776.36444801546,8947.659999999483,4005.819999999482,4466.25,475.59000000000003,11.289387333123567,230.0,18,71253.03999999701,70266.789999997,986.25,7,-79436.93,77037.76000000004,2025-04-06,15,123.15347222222222,True,5.1875,0.9757575757575757,4.760606060606061,3149,461191.25,264189.9784691692,4291.959999999844,1952.3799999998434,2235.0,104.58,8.28023898094916,69.0,18,59421.43000000005,"{""dataset"": ""2b4f41b124ab"", ""engine"": ""0.2.0"", ""exec"": ""EXEC-1.1"", ""roll"": ""ROLL-1.0""}",125.77347660064697
FQA_18_12_6,"{""add_trigger"": ""armed"", ""core_cap"": 12, ""max_total"": 18, ""rec_activation"": ""always"", ""rec_anchor"": ""low60"", ""rec_cap"": 6, ""rec_spacing"": ""float"", ""rec_step"": 5.0, ""rec_tp"": 3.0, ""recovery"": {""h"": 12, ""layer_x"": 5.0, ""rec_step"": 10.0, ""rec_tp"": 2.0}, ""reversal"": ""ll_fail""}",{},ES-signal / MES-economics proxy backtest,251219.4600000335,250233.2100000335,986.25,7,-96631.95999999816,103751.36000000004,2020-03-22,16,754.9652777777778,True,453.9604166666667,0.7112239142695995,2.9994359842075577,10643,496667.5,243464.51675931088,14943.039999999026,6598.659999999026,7567.5,776.8800000000002,10.801201106127126,63177.88,2.065989847715736,1.0,0.2989541102933142,187836.55,0.9334461364918217,0.9752265861027191,0.010175921282300566,680.8115447155379,1097.6800000001676,-7461.48600000001,-2241.6199999998207,21260.0,-30345.0,0.6178861788617886,0.5094850948509485,0.4010840108401084,0.2899728997289973,0.23035230352303523,0.2764227642276423,0.1897018970189702,-61961.8899999999,8.0,369.0,0.12676167682231207,0.3621935179702557,0.56595464380021,160229.40000003343,109040.64000003343,213861.25000003458,318604.86000003153,195601.4500000258,18,23258.47445406103,15701.216250002093,0.007045407593052557,0.002796348124061908,232081.70000002952,231095.4500000295,986.25,7,-96631.95999999819,84613.6,2020-03-22,16,754.9652777777778,True,453.9604166666667,0.6864353312302839,3.039116719242902,9641,496667.5,257814.2109991826,13519.549999999137,5977.419999999135,6827.5,714.6300000000001,11.1097913880633,330.0,18,136481.49000000773,135495.24000000773,986.25,7,-96631.95999999999,54147.52000000002,2022-10-13,16,754.9652777777778,True,453.9604166666667,0.5702629193109701,2.6047144152311876,5753,496667.5,302716.6345068998,8157.25999999956,3566.8599999995595,4067.5,522.9000000000001,12.237443250775385,230.0,18,87430.00999999896,86443.75999999898,986.25,7,-93152.04999999999,63753.880000000034,2025-04-06,15,125.06180555555555,True,6.823611111111111,0.9484848484848485,4.948484848484848,3273,496667.5,306772.7546405892,4502.489999999831,2029.25999999983,2343.75,129.48000000000002,9.621801375267726,69.0,18,54147.52000000002,"{""dataset"": ""2b4f41b124ab"", ""engine"": ""0.2.0"", ""exec"": ""EXEC-1.1"", ""roll"": ""ROLL-1.0""}",182.78420567512512
FQA_20_12_8,"{""add_trigger"": ""armed"", ""core_cap"": 12, ""max_total"": 20, ""rec_activation"": ""always"", ""rec_anchor"": ""low60"", ""rec_cap"": 8, ""rec_spacing"": ""float"", ""rec_step"": 5.0, ""rec_tp"": 3.0, ""recovery"": {""h"": 12, ""layer_x"": 5.0, ""rec_step"": 10.0, ""rec_tp"": 2.0}, ""reversal"": ""ll_fail""}",{},ES-signal / MES-economics proxy backtest,259610.99000003887,258624.74000003887,986.25,7,-103857.95999999688,104375.66,2020-03-22,18,747.1694444444445,True,298.83680555555554,0.8099266779469825,3.3604060913705585,11923,496667.5,252518.51778825006,16609.009999998885,7392.259999998886,8407.5,809.25,11.23220964863373,71734.35,2.430908065425832,1.0,0.1751311914961574,187703.97999999998,0.9294980259447264,0.975121359223301,0.010175921282300566,703.5528184282896,1097.6800000001676,-7972.355999999865,-2340.4400000000314,22676.350000000093,-35402.5,0.6178861788617886,0.5121951219512195,0.4037940379403794,0.2981029810298103,0.23577235772357724,0.27371273712737126,0.19241192411924118,-61961.8899999999,8.0,369.0,0.1431083483792209,0.39128744125965076,0.6109215176136276,158028.47000003888,101009.05000003884,222138.97000003996,330914.87000003556,200448.0300000289,20,23113.082654366015,14422.832777779937,0.00677418291701773,0.0027861434661922706,239848.93000003474,238862.68000003474,986.25,7,-103857.95999999688,84613.6,2020-03-22,18,747.1694444444445,True,298.83680555555554,0.7892744479495268,3.408832807570978,10813,496667.5,267571.0700365799,15041.069999999008,6704.059999999007,7592.5,744.51,11.566922746875205,330.0,20,143793.34000000946,142807.09000000946,986.25,7,-103857.95999999996,46921.52000000005,2022-10-13,18,747.1694444444445,True,298.83680555555554,0.7089755213055303,3.101541251133273,6849,496667.5,316659.97173495305,9580.409999999441,4246.37999999944,4781.25,552.7800000000001,12.890430170360048,230.0,20,88405.6899999993,87419.43999999929,986.25,7,-93029.40999999997,63876.52000000005,2025-04-06,17,124.74097222222223,True,5.1875,0.9757575757575757,5.154545454545454,3409,500543.75,306845.181302371,4674.309999999816,2113.5799999998153,2431.25,129.48000000000002,9.624431668733326,69.0,20,46921.52000000005,"{""dataset"": ""2b4f41b124ab"", ""engine"": ""0.2.0"", ""exec"": ""EXEC-1.1"", ""roll"": ""ROLL-1.0""}",202.27768087387085
FQA_20_10_10,"{""add_trigger"": ""armed"", ""core_cap"": 10, ""max_total"": 20, ""rec_activation"": ""always"", ""rec_anchor"": ""low60"", ""rec_cap"": 10, ""rec_spacing"": ""float"", ""rec_step"": 5.0, ""rec_tp"": 3.0, ""recovery"": {""h"": 10, ""layer_x"": 5.0, ""rec_step"": 10.0, ""rec_tp"": 2.0}, ""reversal"": ""ll_fail""}",{},ES-signal / MES-economics proxy backtest,220173.110000037,219186.86000003704,986.25,7,-98084.82999999565,113790.46000000002,2020-03-22,18,736.8784722222222,True,298.0965277777778,0.856175972927242,3.359842075578116,11921,461191.25,227550.21685120798,16401.889999998886,7391.019999998886,8293.75,717.1199999999998,10.161499323379683,74693.56000000001,2.59785673998872,1.0,0.11788042732145208,145214.76,0.7619853355893965,0.9918578830495929,0.016118412758005272,596.6750948510488,899.6200000002282,-6816.095999999856,-2032.2299999997485,20407.5,-31527.32999999984,0.6070460704607046,0.4905149051490515,0.36585365853658536,0.27371273712737126,0.1978319783197832,0.25474254742547425,0.17344173441734417,-51816.27999999991,8.0,369.0,0.15636282741336682,0.42435422745304546,0.6740215914648942,126741.7200000369,71771.68000003687,188908.35000003775,286440.2100000326,171421.13000002678,20,21667.38421105441,12231.839444446501,0.006083255635464478,0.002622168869393812,202056.240000032,201069.99000003198,986.25,7,-98084.82999999565,95673.59000000003,2020-03-22,18,736.8784722222222,True,298.0965277777778,0.841640378548896,3.4182965299684542,10843,461191.25,241485.5483521035,14902.509999999003,6722.659999999004,7520.0,659.8499999999998,10.493138136116078,330.0,20,122933.24000000535,121946.99000000536,986.25,7,-97969.26999999993,52810.21000000008,2022-10-13,18,722.2020833333333,True,298.0965277777778,0.786038077969175,3.227561196736174,7127,461191.25,284983.09734739515,9805.509999999409,4418.7399999994095,4893.75,493.02000000000004,11.693646334337213,230.0,20,71261.79999999696,70275.54999999698,986.25,7,-79436.93,77037.76000000004,2025-04-06,15,123.15208333333334,True,5.1875,0.9757575757575757,4.763636363636364,3151,461191.25,264189.9784691692,4294.449999999843,1953.6199999998432,2236.25,104.58,8.28023898094916,69.0,20,52810.21000000008,"{""dataset"": ""2b4f41b124ab"", ""engine"": ""0.2.0"", ""exec"": ""EXEC-1.1"", ""roll"": ""ROLL-1.0""}",203.15912199020386
FQA_20_14_6,"{""add_trigger"": ""armed"", ""core_cap"": 14, ""max_total"": 20, ""rec_activation"": ""always"", ""rec_anchor"": ""low60"", ""rec_cap"": 6, ""rec_spacing"": ""float"", ""rec_step"": 5.0, ""rec_tp"": 3.0, ""recovery"": {""h"": 14, ""layer_x"": 5.0, ""rec_step"": 10.0, ""rec_tp"": 2.0}, ""reversal"": ""ll_fail""}",{},ES-signal / MES-economics proxy backtest,263569.9200000344,262583.6700000344,986.25,7,-102922.55999999825,99775.94000000006,2020-03-22,17,754.9652777777778,True,453.9604166666667,0.6909193457416808,3.0191765369430343,10713,543681.25,260675.1769229045,15005.07999999902,6642.059999999018,7558.75,804.27,11.56432515878864,62972.57,2.0485053581500283,1.0,0.31170903365170444,200419.71,0.9706711787930062,0.9703660662405578,0.008669985795175963,714.2816260163534,1097.6800000001676,-7970.315999999956,-2660.9799999997485,22588.75,-32873.75,0.6151761517615176,0.5121951219512195,0.4010840108401084,0.3170731707317073,0.24932249322493225,0.2845528455284553,0.1978319783197832,-67284.37999999989,8.0,369.0,0.13089031555647737,0.3723776977281294,0.580406026605692,165422.36000003433,110592.35000003432,223104.07000003563,335332.15000003244,203013.68000002665,20,22791.638628366214,15504.112941178493,0.006939990863192341,0.0027401213818974575,242526.95000002964,241540.70000002964,986.25,7,-102922.5599999982,79390.48000000001,2020-03-22,17,754.9652777777778,True,453.9604166666667,0.6649842271293376,3.046056782334385,9663,543681.25,275690.22338052496,13546.799999999132,5991.059999999133,6806.25,749.49,11.871589816505429,330.0,20,146254.45000000898,145268.20000000898,986.25,7,-102922.56,47856.92000000001,2022-10-13,17,754.9652777777778,True,453.9604166666667,0.5448776065276518,2.632819582955576,5815,543681.25,323184.6660560974,8259.299999999554,3605.2999999995527,4093.75,560.2500000000001,13.060641884299006,230.0,20,94188.11000000167,93201.86000000167,986.25,7,-93104.52999999997,63848.92000000004,2025-04-06,17,125.06180555555555,True,6.823611111111111,0.9454545454545454,5.127272727272727,3391,543681.25,315785.5850899936,4654.3899999998175,2102.4199999998173,2420.0,131.97000000000003,9.889136887987075,69.0,20,47856.92000000001,"{""dataset"": ""2b4f41b124ab"", ""engine"": ""0.2.0"", ""exec"": ""EXEC-1.1"", ""roll"": ""ROLL-1.0""}",221.91000938415527
FQA_24_16_8,"{""add_trigger"": ""armed"", ""core_cap"": 16, ""max_total"": 24, ""rec_activation"": ""always"", ""rec_anchor"": ""low60"", ""rec_cap"": 8, ""rec_spacing"": ""float"", ""rec_step"": 5.0, ""rec_tp"": 3.0, ""recovery"": {""h"": 16, ""layer_x"": 5.0, ""rec_step"": 10.0, ""rec_tp"": 2.0}, ""reversal"": ""ll_fail""}",{},ES-signal / MES-economics proxy backtest,295055.200000042,294068.950000042,986.25,7,-110111.03999999684,102580.40000000008,2020-03-22,19,747.6506944444444,True,298.83680555555554,0.8071065989847716,3.5188945290468134,12485,592240.0,271793.7561498203,17324.799999998824,7740.699999998825,8737.5,846.6000000000001,12.084536914331183,72900.97,2.451776649746193,1.0,0.17785588407518751,222018.91999999998,1.0671178793006204,0.9513742071881607,0.0005337315540413705,799.6075880759945,1223.460000000312,-8682.607999999902,-2661.8099999999686,24005.100000000093,-37931.25,0.6124661246612466,0.5230352303523035,0.4173441734417344,0.3224932249322493,0.26287262872628725,0.27371273712737126,0.20596205962059622,-66970.59999999989,8.0,369.0,0.13491119627782983,0.3685243303625374,0.5701498905966617,186320.18000004196,126829.51000004192,255516.7000000438,370767.14000003866,223420.9700000314,24,24415.92938908009,15529.221052633788,0.007261829404899068,0.0029419645226700076,271412.8300000378,270426.5800000378,986.25,7,-110111.03999999684,79621.77000000002,2020-03-22,19,747.6506944444444,True,298.83680555555554,0.78801261829653,3.5646687697160884,11307,592240.0,287864.5026479717,15695.919999998952,7010.339999998953,7896.25,789.33,12.434366005743797,330.0,24,170874.15000001487,169887.90000001487,986.25,7,-110111.03999999995,40668.44000000006,2022-10-13,19,747.6506944444444,True,298.83680555555554,0.7080689029918404,3.274705349048051,7231,592240.0,339581.6176226008,10123.349999999398,4483.219999999398,5050.0,590.1300000000001,13.805337798354834,230.0,24,109392.3600000038,108406.1100000038,986.25,7,-119136.84999999998,38056.610000000044,2025-04-06,21,124.80833333333334,True,5.1875,0.9757575757575757,5.636363636363637,3727,618318.75,345187.59971630404,5120.13999999978,2310.7399999997806,2660.0,149.40000000000003,10.91806260098448,69.0,24,38056.610000000044,"{""dataset"": ""2b4f41b124ab"", ""engine"": ""0.2.0"", ""exec"": ""EXEC-1.1"", ""roll"": ""ROLL-1.0""}",170.5325412750244
FQA_24_12_12,"{""add_trigger"": ""armed"", ""core_cap"": 12, ""max_total"": 24, ""rec_activation"": ""always"", ""rec_anchor"": ""low60"", ""rec_cap"": 12, ""rec_spacing"": ""float"", ""rec_step"": 5.0, ""rec_tp"": 3.0, ""recovery"": {""h"": 12, ""layer_x"": 5.0, ""rec_step"": 10.0, ""rec_tp"": 2.0}, ""reversal"": ""ll_fail""}",{},ES-signal / MES-economics proxy backtest,265043.070000043,264056.820000043,986.25,7,-116991.51999999554,104401.94,2020-03-22,22,744.6791666666667,True,160.05555555555554,0.8798646362098139,3.611393119007332,12813,500543.75,261808.288327459,17763.17999999879,7944.059999998789,8977.5,841.62,11.694335721350102,77198.80000000002,2.6818950930626055,1.0,0.09811414850905383,187703.97999999998,0.9294980259447264,0.975121359223301,0.010175921282300566,718.273902439141,1097.6800000001676,-7898.327999999839,-2340.4400000000314,24942.5,-36558.549999999814,0.6178861788617886,0.5121951219512195,0.4065040650406504,0.3035230352303523,0.23848238482384823,0.27371273712737126,0.1978319783197832,-61961.8899999999,8.0,369.0,0.14991672862827,0.4164632940600263,0.6669440178155626,154662.36000004297,88274.18000004292,227571.0500000441,342865.47000003845,203314.94000003173,24,22664.22619594882,12047.412272729229,0.006139538168571264,0.0027435109370592334,245254.73000003886,244268.4800000389,986.25,7,-116991.51999999554,84613.6,2020-03-22,22,744.6791666666667,True,160.05555555555554,0.8675078864353313,3.687697160883281,11697,500543.75,277953.7075478937,16187.76999999891,7252.139999998911,8158.75,776.88,12.083375874175152,330.0,24,149199.1400000127,148212.89000001267,986.25,7,-116991.51999999993,33787.96000000008,2022-10-13,22,744.6791666666667,True,160.05555555555554,0.8213961922030825,3.502266545784225,7733,500543.75,331561.6957426844,10727.109999999344,4794.459999999343,5347.5,585.1500000000001,13.631671686070032,230.0,24,88414.44999999931,87428.1999999993,986.25,7,-93029.40999999997,63876.52000000005,2025-04-06,17,124.74097222222223,True,5.1875,0.9757575757575757,5.157575757575757,3411,500543.75,306845.181302371,4676.799999999816,2114.819999999815,2432.5,129.48000000000002,9.624431668733326,69.0,24,33787.96000000008,"{""dataset"": ""2b4f41b124ab"", ""engine"": ""0.2.0"", ""exec"": ""EXEC-1.1"", ""roll"": ""ROLL-1.0""}",151.7820599079132
FQA_32_16_16,"{""add_trigger"": ""armed"", ""core_cap"": 16, ""max_total"": 32, ""rec_activation"": ""always"", ""rec_anchor"": ""low60"", ""rec_cap"": 16, ""rec_spacing"": ""float"", ""rec_step"": 5.0, ""rec_tp"": 3.0, ""recovery"": {""h"": 16, ""layer_x"": 5.0, ""rec_step"": 10.0, ""rec_tp"": 2.0}, ""reversal"": ""ll_fail""}",{},ES-signal / MES-economics proxy backtest,306464.84000005067,305478.59000005067,986.25,7,-122339.25999999465,102681.76000000013,2020-03-22,27,708.1444444444444,True,5.764583333333333,0.9655950366610265,4.0530174844895654,14379,592240.0,282606.3974888701,19758.90999999968,8914.97999999968,9955.0,888.9300000000001,12.623205135029881,84352.94000000002,2.9858996051889455,1.0,0.0017006564477853642,222018.91999999998,1.0671178793006204,0.9513742071881607,0.0005337315540413705,830.5280216803541,1223.460000000312,-8748.87199999988,-2709.8799999998882,26631.340000000084,-39087.299999999814,0.6151761517615176,0.5230352303523035,0.42005420054200543,0.3252032520325203,0.2682926829268293,0.27371273712737126,0.2086720867208672,-66970.59999999989,8.0,369.0,0.138313223794263,0.38545442929107476,0.6148755269934686,188336.6100000506,118027.11000005048,266926.3400000526,385593.61000004393,232239.1600000388,32,24277.894300362663,11350.549629631507,0.006788728505308847,0.0029388153596666645,282721.1100000465,281734.8600000465,986.25,7,-122339.25999999463,79621.77000000002,2020-03-22,27,708.1444444444444,True,5.764583333333333,0.9640378548895899,4.155205047318612,13179,592240.0,299942.5045098512,18102.639999998748,8170.979999998749,9100.0,831.6600000000001,13.035875239977326,330.0,32,182147.39000001654,181161.14000001652,986.25,7,-122339.2599999999,28440.220000000118,2022-10-13,27,708.1444444444444,True,5.764583333333333,0.9601087941976428,4.119673617407072,9095,592240.0,356915.5196346698,12520.109999999195,5638.899999999195,6248.75,632.4600000000002,14.668602508203353,230.0,32,109401.12000000384,108414.87000000382,986.25,7,-119136.84999999998,38056.610000000044,2025-04-06,21,124.80833333333334,True,5.1875,0.9757575757575757,5.63939393939394,3729,618318.75,345187.59971630404,5122.62999999978,2311.9799999997804,2661.25,149.40000000000003,10.91806260098448,69.0,32,28440.220000000118,"{""dataset"": ""2b4f41b124ab"", ""engine"": ""0.2.0"", ""exec"": ""EXEC-1.1"", ""roll"": ""ROLL-1.0""}",153.9719421863556
FQA_32_12_20,"{""add_trigger"": ""armed"", ""core_cap"": 12, ""max_total"": 32, ""rec_activation"": ""always"", ""rec_anchor"": ""low60"", ""rec_cap"": 20, ""rec_spacing"": ""float"", ""rec_step"": 5.0, ""rec_tp"": 3.0, ""recovery"": {""h"": 12, ""layer_x"": 5.0, ""rec_step"": 10.0, ""rec_tp"": 2.0}, ""reversal"": ""ll_fail""}",{},ES-signal / MES-economics proxy backtest,270989.35000004765,270003.10000004765,986.25,7,-116068.65999999462,104401.94,2020-03-22,27,707.9673611111111,True,5.764583333333333,0.9678510998307953,3.892836999435984,13811,535795.0,263325.8571294488,19035.649999999227,8562.819999999225,9621.25,851.58,11.770475819579122,83155.04000000001,2.9633389734912576,1.0,0.0,187703.97999999998,0.9294980259447264,0.975121359223301,0.010175921282300566,734.388482384953,1097.6800000001676,-7898.327999999839,-2340.4400000000314,25497.590000000084,-36558.549999999814,0.6205962059620597,0.5121951219512195,0.4065040650406504,0.3035230352303523,0.24119241192411925,0.27371273712737126,0.1978319783197832,-61961.8899999999,8.0,369.0,0.14662712759742413,0.4106553633933603,0.6577388742397767,159706.12000004758,92749.12000004746,233517.33000004874,345692.5400000409,209261.22000003635,32,23022.80333895095,10036.642592594357,0.006327190150941581,0.002788896200284402,251201.01000004355,250214.76000004352,986.25,7,-116068.65999999462,84613.6,2020-03-22,27,707.9673611111111,True,5.764583333333333,0.9659305993690852,4.002523659305994,12695,535795.0,279650.0760978669,17460.2399999988,7870.899999998802,8802.5,786.84,12.168486788328254,330.0,32,155145.42000001436,154159.17000001436,986.25,7,-116068.65999999989,34710.82000000012,2022-10-13,27,707.9673611111111,True,5.764583333333333,0.9628286491387126,3.954669084315503,8731,535795.0,333996.41581449186,11999.579999999234,5413.2199999992345,5991.25,595.1100000000001,13.753827482357172,230.0,32,88414.44999999931,87428.1999999993,986.25,7,-93029.40999999997,63876.52000000005,2025-04-06,17,124.74097222222223,True,5.1875,0.9757575757575757,5.157575757575757,3411,500543.75,306845.181302371,4676.799999999816,2114.819999999815,2432.5,129.48000000000002,9.624431668733326,69.0,32,34710.82000000012,"{""dataset"": ""2b4f41b124ab"", ""engine"": ""0.2.0"", ""exec"": ""EXEC-1.1"", ""roll"": ""ROLL-1.0""}",138.55252313613892
