name,start,total_mtm,realized,unreal_end,open_qty_end,max_mtm_dd,min_equity,lock32,gt24,trades_day
BASE,2022-01-01,309757.63000001496,309197.63000001496,560.0,4,-204875.18999999983,-10453.200000000012,616.0604166666667,621.1097222222222,2.030825022665458
BASE,2023-01-01,380929.64000002015,380369.6400000202,560.0,4,-204875.1899999999,148571.92,121.16597222222222,122.16666666666667,3.251173708920188
BASE,2025-01-01,177343.3400000066,176783.34000000663,560.0,4,-204875.19000000003,-40273.4200000001,121.16597222222222,122.16666666666667,3.857142857142857
FQ_16_16_add,2022-01-01,182119.87000001653,181133.62000001653,986.25,7,-122339.2599999999,28412.7000000001,0.0,24.867361111111112,4.117860380779692
FQ_16_16_add,2023-01-01,222723.5000000241,221737.2500000241,986.25,7,-100879.989999999,138724.37000000005,0.0,0.0,5.014084507042254
FQ_16_16_add,2025-01-01,110390.56000000398,109404.31000000398,986.25,7,-93937.49000000017,64952.36999999988,0.0,0.0,5.537142857142857
FQ_12_20,2022-01-01,143936.08000001294,143376.08000001294,560.0,4,-116428.05999999988,34800.800000000105,0.0,6.913888888888889,3.8522212148685404
FQ_12_20,2023-01-01,180828.9100000203,180268.9100000203,560.0,4,-94026.24999999895,148497.57,0.0,0.0,4.575117370892019
FQ_12_20,2025-01-01,81453.97999999818,80893.97999999819,560.0,4,-91601.23999999999,66177.30000000005,0.0,0.0,4.928571428571429
FQ_16_16,2022-01-01,173975.02000001637,173415.02000001637,560.0,4,-128924.23999999987,22304.62000000011,0.0,42.975,4.073436083408885
FQ_16_16,2023-01-01,215264.72000002407,214704.72000002407,560.0,4,-100879.98999999894,145173.83000000016,0.0,0.0,4.948356807511737
FQ_16_16,2025-01-01,94743.10000000132,94183.1000000013,560.0,4,-102123.63000000009,56182.49999999994,0.0,0.0,5.368571428571428
FQ_20_12,2022-01-01,187250.500000018,186690.500000018,560.0,4,-129698.27999999988,21530.580000000104,0.0,0.0,3.769718948322756
FQ_20_12,2023-01-01,240891.96000002616,240331.96000002613,560.0,4,-100591.21999999892,145447.68000000017,0.0,0.0,5.192488262910798
FQ_20_12,2025-01-01,103993.90000000282,103433.90000000282,560.0,4,-138497.42000000016,23958.43999999977,0.0,0.0,5.548571428571429
FQ_18_14_add,2022-01-01,199873.78000001737,198887.5300000174,986.25,7,-122343.10999999987,28408.850000000122,0.0,24.867361111111112,4.131459655485041
FQ_18_14_add,2023-01-01,245076.4400000255,244090.1900000255,986.25,7,-100854.98999999894,140223.89000000013,0.0,0.0,5.207746478873239
FQ_18_14_add,2025-01-01,123453.94000000588,122467.69000000585,986.25,7,-93927.4900000002,67499.91999999975,0.0,0.0,5.771428571428571
FLOAT_16_16,2022-01-01,244028.0800000215,243468.08000002152,560.0,4,-168726.57999999987,-17497.719999999885,58.80625,453.09444444444443,4.047144152311876
FLOAT_16_16,2023-01-01,307549.5600000305,306989.5600000305,560.0,4,-161449.75999999885,145922.83000000025,0.0,6.0125,5.455399061032864
FLOAT_16_16,2025-01-01,130251.09000000614,129691.09000000614,560.0,4,-140877.9700000002,22537.889999999665,0.0,0.7326388888888888,5.8
FLOAT_16_16_S1,2022-01-01,203478.43000001792,202918.43000001792,560.0,4,-149787.30999999988,1441.5500000001048,0.0,297.2270833333333,3.7787851314596557
FLOAT_16_16_S1,2023-01-01,251218.98000002524,250658.98000002527,560.0,4,-130946.73999999894,142589.4600000002,0.0,0.0,4.974178403755869
FLOAT_16_16_S1,2025-01-01,113243.35000000446,112683.35000000446,560.0,4,-121096.14000000019,40315.799999999756,0.0,0.0,5.405714285714286
CAP16,2022-01-01,185534.20000000682,184974.20000000685,560.0,4,-106662.92999999993,49176.850000000006,0.0,0.0,1.1958295557570262
CAP16,2023-01-01,254404.77000001143,253844.77000001143,560.0,4,-106662.92999999993,148571.92,0.0,0.0,2.147887323943662
CAP16,2025-01-01,105974.85000000149,105414.8500000015,560.0,4,-106662.93000000002,54646.10999999996,0.0,0.0,2.2714285714285714
CAP20_add,2022-01-01,235477.09000000975,234490.84000000978,986.25,7,-131469.11999999997,25800.72,0.0,0.0,1.4741613780598368
CAP20_add,2023-01-01,302114.96000001417,301128.71000001417,986.25,7,-131469.12,144560.7500000001,0.0,0.0,2.5082159624413145
CAP20_add,2025-01-01,141658.08000000415,140671.83000000415,986.25,7,-131469.12000000002,35165.2699999999,0.0,0.0,2.974285714285714
QC24_gov,2022-01-01,179257.44000000833,178697.4400000083,560.0,4,-112561.48999999976,75369.11000000002,0.0006944444444444445,3.811111111111111,1.4206708975521305
QC24_gov,2023-01-01,253344.24000001326,252784.24000001326,560.0,4,-112561.48999999976,148571.92,0.0006944444444444445,4.847222222222222,2.5539906103286385
QC24_gov,2025-01-01,98495.27000000136,97935.27000000134,560.0,4,-113770.14000000004,45072.51999999996,0.0,0.011805555555555555,2.382857142857143
ADD_llfail,2022-01-01,330384.7300000156,329398.4800000156,986.25,7,-204025.18999999983,-26889.809999999998,732.7965277777778,733.8902777777778,2.0507706255666363
ADD_llfail,2023-01-01,408387.60000002105,407401.350000021,986.25,7,-204025.18999999994,147228.79999999952,121.07083333333334,129.01041666666666,3.3615023474178405
ADD_llfail,2025-01-01,197610.90000000782,196624.65000000785,986.25,7,-204025.18999999997,-32133.139999999956,121.07083333333334,122.04861111111111,4.045714285714285
