name,y2019,y2020,y2021,y2022,y2023,y2024,y2025,y2026,pos_years,worst_year,roll12_min,roll12_share_pos,roll12_worst_dd,roll12_median_dd,top10_dd_sum,top10_worst_days_underwater
BASE,28947.750000000116,47707.849999999715,93423.46000000651,-107072.2599999992,121984.78000000038,107370.6000000072,99580.37000000663,88354.76000000595,7,-107072.2599999992,-144942.5199999992,0.7817154596815614,-190336.37999999983,-84959.68000000005,-785774.1699999995,618
FQ_16_16_add,21321.819999999774,39538.49999999811,61258.9500000104,-79128.76999999327,85079.94000000681,58924.36000001128,74225.68000001187,45244.36000000569,7,-79128.76999999327,-107393.73999999417,0.7940421160760144,-111155.39999999455,-43393.69999999838,-432969.94999999076,709
FQ_12_20,17021.44999999972,36294.359999999,57245.350000007835,-75376.33999999327,81347.50000000687,49187.85000001051,53419.510000010254,36601.350000005215,7,-75376.33999999327,-101741.30999999418,0.7919876733436055,-105734.20999999455,-40738.70999999833,-411668.76999999,709
FQ_16_16,18736.649999999703,38362.089999998716,59708.1900000092,-84564.99999999325,88899.98000000679,67496.65000001166,63141.58000001096,40245.60000000568,7,-84564.99999999325,-113245.60999999417,0.7940421160760144,-117327.88999999454,-46048.689999998314,-451971.419999991,714
FQ_20_12,21225.629999999772,39158.53999999806,71074.00000001088,-87929.14999999537,86160.51000000437,76825.6700000125,66185.0700000113,46858.43000000599,7,-87929.14999999537,-115331.01999999513,0.7935285053929122,-118202.5599999954,-46048.68999999837,-481929.02999999176,746
FQ_18_14_add,21444.38999999978,37694.75999999858,60726.31000001021,-79081.38999999332,84163.99000000593,68157.27000001166,77188.42000001209,51739.94000000623,7,-79081.38999999332,-106519.51999999426,0.7966101694915254,-111090.49999999459,-43393.69999999832,-442934.93999999086,709
FLOAT_16_16,25608.26999999996,48261.66999999777,84579.37000001245,-111609.47999999474,114813.3500000051,94024.69000001269,94493.57000001264,53549.740000005986,7,-111609.47999999474,-149936.0999999948,0.7925012840267077,-153559.59999999515,-58558.20999999909,-627544.3199999924,715
FLOAT_16_16_S1,22848.0799999999,46982.56999999762,68103.10000001133,-98025.24999999482,103353.23000000505,77866.09000001178,79502.34000001161,41632.05000000523,7,-98025.24999999482,-133865.08999999496,0.7919876733436055,-136035.3399999952,-50445.469999998226,-537449.2899999911,709
CAP16,18235.919999999925,32216.46999999971,70155.79000000338,-73508.60999999987,61120.640000000014,81217.06000000512,71762.49000000418,45797.00000000285,7,-73508.60999999987,-91297.95999999967,0.783256291730868,-99224.11999999994,-43384.27999999991,-468503.91999999963,765
CAP20_add,22236.290000000037,45996.12999999916,84525.56000000608,-89484.66999999981,76400.80000000005,97676.45000000572,96602.42000000586,55921.50000000361,7,-89484.66999999981,-112490.28999999963,0.79301489470981,-122121.61999999994,-53099.79999999999,-557922.0699999996,760
QC24_gov,21683.650000000023,33484.09999999945,56613.68000000302,-53808.25999999943,45840.47999999998,79351.83000000549,69635.81000000559,39141.960000002815,7,-53808.25999999943,-67852.6499999993,0.7971237801746276,-102031.46999999974,-34818.06999999954,-410076.6099999975,760
ADD_llfail,31085.530000000115,77774.56000000148,91012.91000000655,-122920.7199999995,122241.28000000003,123563.34000000742,118274.18000000727,90275.42000000598,7,-122920.7199999995,-160762.84999999945,0.7909604519774012,-189352.6899999999,-84959.68,-803042.3499999994,661
