family,is_end,oos,pick,is_score,oos_pnl,oos_dd,ctrl,ctrl_oos_pnl,ctrl_oos_dd,family_median_oos_dd,oos_rank_by_dd,n
EXPO,2021-12-31,2022-01-01..2022-12-31,cap16,1.3729209370699942,-73508.60999999987,-94121.89999999985,cap32,-107072.2599999992,-154973.68999999994,-138451.61999999988,1,5
EXPO,2022-12-31,2023-01-01..2023-12-31,cap16,0.5004103189587463,61120.64000000004,-42479.84,cap32,121984.78000000038,-84959.68000000011,-63719.76000000004,1,5
EXPO,2023-12-31,2024-01-01..2024-12-31,cap16,1.1497877752149432,81217.06000000509,-32004.29999999993,cap32,107370.6000000072,-58480.0,-45033.00999999989,1,5
EXPO,2024-12-31,2025-01-01..2026-05-31,cap16,2.012680045770523,117559.49000000703,-99224.12,cap32,187935.13000001258,-190336.3799999999,-145828.99999999988,1,5
GOV,2021-12-31,2022-01-01..2022-12-31,x1.65,2.976109154588919,-105890.37999999916,-154239.30999999994,off,-107072.2599999992,-154973.68999999994,-154973.68999999994,2,6
GOV,2022-12-31,2023-01-01..2023-12-31,x1.8,0.6312556666877384,121951.03000000044,-84959.68,off,121984.78000000038,-84959.68000000011,-84959.68,5,6
GOV,2023-12-31,2024-01-01..2024-12-31,x1.8,1.4181700777726163,89206.4200000068,-58480.0,off,107370.6000000072,-58480.0,-29059.29999999993,5,6
GOV,2024-12-31,2025-01-01..2026-05-31,x1.65,1.9945380979726623,171600.11000001087,-188398.87999999977,off,187935.13000001258,-190336.3799999999,-188398.8799999998,3,6
AGE,2021-12-31,2022-01-01..2022-12-31,off,1.0385151544794105,-107072.2599999992,-154973.68999999994,off,-107072.2599999992,-154973.68999999994,-70758.05999999982,6,6
AGE,2022-12-31,2023-01-01..2023-12-31,age12.0,0.5169998794167254,49660.52000000002,-34514.869999999995,off,121984.78000000038,-84959.68000000011,-34514.869999999995,1,6
AGE,2023-12-31,2024-01-01..2024-12-31,off,1.1295720900685295,107370.6000000072,-58480.0,off,107370.6000000072,-58480.0,-46391.83999999997,6,6
AGE,2024-12-31,2025-01-01..2026-05-31,off,1.7851848106794637,187935.13000001258,-190336.3799999999,off,187935.13000001258,-190336.3799999999,-190336.37999999977,6,6
TIERS,2021-12-31,2022-01-01..2022-12-31,top20,1.1756853504037696,-88359.67999999993,-113783.00999999995,off,-107072.2599999992,-154973.68999999994,-136964.70999999985,1,6
TIERS,2022-12-31,2023-01-01..2023-12-31,off,0.3847241196844473,121984.78000000038,-84959.68000000011,off,121984.78000000038,-84959.68000000011,-66374.75000000001,6,6
TIERS,2023-12-31,2024-01-01..2024-12-31,off,1.1295720900685295,107370.6000000072,-58480.0,off,107370.6000000072,-58480.0,-40216.22999999995,6,6
TIERS,2024-12-31,2025-01-01..2026-05-31,off,1.7851848106794637,187935.13000001258,-190336.3799999999,off,187935.13000001258,-190336.3799999999,-144494.61999999994,6,6
