cand,base_dd,base_pnl,base_rd,nb_dd_min,nb_dd_max,nb_pnl_min,nb_pnl_max,nb_rd_min,nb_rd_max,nb_gt24_max,base_gt24,nb_mineq_min,n
B_16_16_newlow0_hi,-207.22781999990843,314.7229200003341,1.5187290972827547,-213.34430999990087,-197.5313699999199,276.25288000035346,316.05549000029276,1.2948687499586082,1.6000268210584525,17.815277777777776,12.180555555555555,61.054040000002104,2
C_atr1.5,-162.47522999999987,273.1448200000126,1.6811474586003836,-176.20892999999987,-145.85838999999984,258.65795000001145,322.85336000001564,1.770709389482492,1.933049171871515,447.7319444444444,443.9041666666666,46.86885000000012,4
C_convex0.2,-180.7201699999998,341.9980900000174,1.892417929885844,-186.03580999999986,-175.19143999999983,335.3159600000164,361.39642000001805,1.8941780617399309,1.9579969200523533,444.9993055555556,444.0319444444444,43.75328,4
C_fixed15.0,-179.3132899999999,270.04745000001304,1.506009119569515,-185.05453999999983,-169.3539099999998,241.6496600000109,325.47980000001496,1.4268915314681023,1.758831747656746,451.8958333333333,444.19166666666666,33.05672999999995,4
C_tiersT3,-150.78654999999992,334.48281000001685,2.2182536174480885,-170.98148999999992,-129.87536999999995,315.7534300000154,356.25291000001846,2.0362076620107694,2.4312033143775875,733.7194444444444,0.0,39.85611000000005,8
C_tiersT3_E8,-172.406809999999,399.683210000023,2.318256512025397,-176.2306499999991,-172.86062999999908,394.23769000002267,397.13289000002277,2.2458267434818,2.294943152418788,453.1173611111111,453.0576388888889,40.41952000000022,4
C_volpct2.0,-202.95267999999987,400.43537000002175,1.973047953838412,-204.8751899999999,-202.95267999999987,396.9413000000217,417.6030300000229,1.955831773199654,2.0383289455400777,451.86805555555554,444.0027777777778,42.09417000000007,4
D_16_16al_low60_float,-168.72657999999524,403.7211800000519,2.3927538861989808,-186.7997099999988,-167.0340899999953,390.05255000005275,443.9953400000522,2.2966349116256994,2.425726746322081,616.9861111111111,453.0944444444444,61.14753999999963,8
I_S1,-153.66780999999995,343.01607000001746,2.232192090197795,-155.45155999999994,-151.24904999999993,337.768090000017,366.1004200000192,2.2231413493335026,2.366016748484173,0.0,0.0,48.48874000000011,4
I_S5_rec,-158.27022999999986,401.7148500000577,2.5381579972434367,-188.16202999999985,-130.62347999999992,341.4671800000577,450.08602000005675,2.3920129900812466,2.6240124448368256,746.2222222222222,0.0,26.744680000000223,4
I_S6_recovexit,-130.1372099999999,313.5126300000158,2.4090929104751515,-139.85710999999998,-96.75103999999997,272.3559500000137,344.9156000000184,2.4029163799136857,2.939921872604483,89.96111111111111,0.0,38.11206000000011,8
J_age15_recovery,-204.8751899999999,394.5747500000221,1.9259274390423864,-204.8751899999999,-153.87581999999995,367.9891300000208,395.6147500000221,1.904573218455695,2.3914681981874795,107.01458333333332,107.0125,3.6074300000000514,6
L_armed_bull_hc,-205.98768999999987,534.1531600000285,2.5931314633414684,-207.8676999999999,-205.10643999999988,510.2269800000276,543.7292600000293,2.4796413836971074,2.650961422761906,757.1229166666667,757.0569444444444,17.3628400000002,4
L_armed_ll_fail,-204.0251899999999,531.3065000000294,2.6041220694367677,-204.9276899999999,-200.43454999999986,493.0611100000269,539.0989000000291,2.4275727479686084,2.6306786554810104,733.9763888888889,733.8902777777778,17.5828400000002,4
M_atr_spike1.5_core,-202.95267999999987,430.4046500000234,2.120714296554368,-202.95267999999987,-194.30962999999994,339.08643000001666,483.3663400000271,1.7450829894535682,2.381670150894422,749.2201388888889,617.0,93.81953000000006,4
N_cap16,-106.66292999999999,306.99676000001534,2.8781954517845643,-125.71350999999997,-87.36734999999997,263.0819400000127,350.0420500000179,2.7844425790037843,3.011215745928116,0.0,0.0,73.85700000000011,4
N_cap20,-131.99911999999995,352.32028000001844,2.6691108243753336,-156.81780999999995,-106.66292999999999,306.99676000001534,375.1388900000199,2.3921956951191965,2.8781954517845643,0.0,0.0,50.76907000000012,4
N_cap24,-156.81780999999995,375.1388900000199,2.3921956951191965,-187.07085999999995,-125.71350999999997,350.0420500000179,449.99464000002496,2.405476940663154,2.7844425790037843,756.06875,0.0,30.122330000000076,4
P_eth_gapdown_init,-203.9383099999999,400.8984000000208,1.9657826918347072,-203.9383099999999,-203.9383099999999,388.5248700000197,421.6151600000221,1.9051097854053016,2.067366155971491,282.23055555555555,282.23055555555555,12.173960000000108,4
Q_16_16_rec_layer,-97.71900999999924,251.5010000000185,2.5737162093641803,-127.74181999999864,-80.6933799999992,248.31631000001752,306.1054100000355,2.396281891083427,3.374655888748733,37.9875,3.154861111111111,45.28982000000138,8
Q_24_8_rec_confirm,-114.68456999999997,312.24901000001995,2.722676729746819,-114.71456999999997,-98.96261999999965,270.5436500000197,321.1884500000215,2.6083951672400314,2.8251371358384705,5.845833333333333,5.845833333333333,60.15967000000004,7
