exp,name,family,module,control,cfg,exec,realized,unreal_end,total_mtm,open_qty_end,max_mtm_dd,max_dd_trough,worst_cycle,min_equity,underwater_days,pf,trades,trades_day,cost,roll_cost,inv_avg,inv_p95,inv_max,share16,share_gt24,share32,lock32_days,gt24_days,sat_days,peak_notional,avg_notional,min_excess_2500,ret_over_dd,ret_per_avg_notional,no_fill_days,no_entry_days,active_day_share,core_trades_day,p1921_mtm,p1921_dd,p22_mtm,p22_dd,p23p_mtm,p23p_dd,worst_year_mtm,pos_years,n_years,w20_dd,w20_lock,w20_share32,w20_trades,w20_rec_trades,w20_gt24_days,w2223_dd,w2223_lock,w2223_share32,w2223_trades,w2223_rec_trades,w2223_gt24_days,w25_dd,w25_lock,w25_share32,w25_trades,w25_rec_trades,w25_gt24_days,runtime_s,rec_trades_day,rec_pnl,rec_loss_realized,rec_rotations,rec_full_share,rec_zero_free_days,rec_free_avg,rec_max,emerg_trades_day,emerg_pnl,emerg_loss_realized,emerg_rotations,emerg_full_share,emerg_zero_free_days,emerg_free_avg,emerg_max
FACTORY_S4v2,X_cap20+add,X,N_cap20|L_armed_ll_fail,BASE,"{""add_trigger"": ""armed"", ""cap_total"": 20, ""reversal"": ""ll_fail""}",{},388888.23000002065,986.25,389874.4800000207,7,-131469.11999999994,2025-04-06,-127102.5,70653.87000000011,751.0534722222222,10.966869709185435,2746,1.5487873660462492,8564.269999999588,961.1399999999999,13.928040098509195,20.0,20,0.5819383000720048,0.0,0.0,0.0,0.0,756.1326388888889,716575.0,313660.6685635617,20653.87000000011,2.9655213330706167,1.2429817285842286,756.1326388888889,756.1333333333333,0.3542019176536943,1.5487873660462492,152852.34000000526,-107414.06,-89484.66999999981,-124949.39999999997,326601.17000001523,-131469.11999999994,-89484.66999999981,7,8,-107414.06,0.0,0.0,119,0,0.0,-124949.39999999997,0.0,0.0,10,0,0.0,-131469.11999999994,0.0,0.0,168,0,0.0,21.27689528465271,,,,,,,,,,,,,,,,
FACTORY_S4v2,X_cap24+gov,X,N_cap24|M_atr_spike1.5_core,BASE,"{""cap_total"": 24, ""gov"": ""atr_spike"", ""gov_action"": ""core"", ""gov_x"": 1.5}",{},374096.15000001935,560.0,374656.15000001935,4,-155404.04999999993,2025-04-06,-150170.0,108788.5700000001,758.8194444444445,5.627945786835957,2609,1.4715172024816694,8272.599999999617,943.71,13.94039857559516,24.0,24,0.4709599603273554,0.0,0.0,0.0,0.0,756.1402777777778,835110.0,318968.039895383,48788.570000000094,2.4108519050823936,1.1745883698031354,756.1402777777778,756.1409722222222,0.3998871968415116,1.4715172024816694,167398.09000000614,-68901.68,-108260.74999999988,-149992.31999999995,315591.3000000131,-155404.04999999993,-108260.74999999988,7,8,-68901.68,0.0,0.0,341,0,0.0,-149992.31999999995,0.0,0.0,8,0,0.0,-155404.04999999993,0.0,0.0,124,0,0.0,22.158616542816162,,,,,,,,,,,,,,,,
FACTORY_S4v2,X_gov+S6,X,M_atr_spike1.5_core|I_S6_recovexit,BASE,"{""gov"": ""atr_spike"", ""gov_action"": ""core"", ""gov_x"": 1.5, ""state"": {""mult"": [1.0, 1.5, 3.0, Infinity], ""rec_exit_x"": 5.0, ""recovery_exit"": ""all_ind"", ""t"": [8, 16, 24]}}",{},320127.1800000161,560.0,320687.1800000161,4,-123528.45999999996,2025-04-06,-118082.5,111573.33000000005,757.9298611111111,6.087259824365278,2278,1.2848279751833052,7176.56999999969,779.3699999999999,11.388027042398738,21.0,24,0.41276360875375784,0.0,0.0,0.0,0.0,0.0,794580.0,259886.59048150713,59306.46000000002,2.5960590782076958,1.2339504681863738,663.7486111111111,750.7951388888889,0.4032712915961647,1.2848279751833052,151877.000000005,-62097.95999999999,-81387.17999999988,-114818.14000000001,250269.85000001098,-123528.45999999996,-81387.17999999988,7,8,-62097.95999999999,0.0,0.0,312,0,0.0,-114818.14000000001,0.0,0.0,14,0,0.0,-123528.45999999996,0.0,0.0,84,0,0.0,52.066195249557495,,,,,,,,,,,,,,,,
FACTORY_S4v2,X_gov+age,X,M_atr_spike1.5_core|J_age15_recovery,BASE,"{""gov"": ""atr_spike"", ""gov_action"": ""core"", ""gov_x"": 1.5, ""state"": {""age"": 15.0, ""mult"": [1, 1, 1, Infinity], ""rec_exit_x"": 5.0, ""recovery_exit"": ""all_ind"", ""recovery_until"": 1, ""t"": [1, 33, 33]}}",{},282606.0800000136,560.0,283166.0800000136,4,-77265.57999999978,2022-10-13,-77721.25,102413.5499999999,740.6993055555556,9.351734472104175,2099,1.1838691483361534,6477.669999999729,639.9300000000002,9.168110029950606,19.0,32,0.09160430459401381,0.02935943808293712,0.015315714121612346,20.725,25.939583333333335,20.725,1108200.0,210495.75675884858,74913.5499999999,3.664841188016894,1.3452341479948153,664.0,742.8208333333333,0.34461364918217713,1.1838691483361534,88135.9000000006,-64137.369999999995,-49653.809999999416,-77265.57999999978,244756.48000001238,-72378.12,-49653.809999999416,7,8,-64137.369999999995,0.0,0.0,51,0,0.0,-77265.57999999978,11.001388888888888,0.017916895261537245,59,0,12.997222222222222,-20741.22000000003,0.0,0.0,73,0,0.0,54.174931049346924,,,,,,,,,,,,,,,,
FACTORY_S4v2,X_S6+age,X,I_S6_recovexit|J_age15_recovery,BASE,"{""state"": {""age"": 15.0, ""mult"": [1.0, 1.5, 3.0, Infinity], ""rec_exit_x"": 5.0, ""recovery_exit"": ""all_ind"", ""t"": [8, 16, 24]}}",{},285303.0600000139,560.0,285863.0600000139,4,-114759.40000000002,2022-10-13,-112765.0,68227.82,763.6520833333333,12.142974928192398,2106,1.1878172588832487,6681.939999999728,804.2700000000001,11.363787784972025,19.0,24,0.4092600323320847,0.0,0.0,0.0,0.0,0.0,788280.0,254216.76141394034,20727.820000000007,2.4909772968490063,1.1244854918694522,663.7472222222223,752.0145833333333,0.3513818386914834,1.1878172588832487,115660.61000000278,-103407.19999999998,-81258.43999999989,-114759.40000000002,251533.380000011,-54102.739999999874,-81258.43999999989,7,8,-103407.19999999998,0.0,0.0,73,0,0.0,-114759.40000000002,0.0,0.0,13,0,0.0,-54102.739999999874,0.0,0.0,86,0,0.0,65.22055721282959,,,,,,,,,,,,,,,,
FACTORY_S4v2,X_cap20+gov,X,N_cap20|M_atr_spike1.5_core,BASE,"{""cap_total"": 20, ""gov"": ""atr_spike"", ""gov_action"": ""core"", ""gov_x"": 1.5}",{},343172.5900000176,560.0,343732.5900000176,4,-131999.11999999994,2025-04-06,-127797.5,106970.92000000004,758.8604166666667,6.463384655749537,2427,1.3688663282571911,7581.159999999657,821.6999999999998,12.468018132864135,20.0,20,0.4851871982875762,0.0,0.0,0.0,0.0,756.9840277777778,746750.0,284773.0689651912,56970.92000000004,2.604052133074961,1.2070403681397037,756.9840277777778,756.9847222222222,0.3795826283135928,1.3688663282571911,149468.1600000047,-68100.45000000001,-91097.17999999982,-126213.70999999985,285434.1000000127,-131999.11999999994,-91097.17999999982,7,8,-68100.45000000001,0.0,0.0,269,0,0.0,-126213.70999999985,0.0,0.0,8,0,0.0,-131999.11999999994,0.0,0.0,133,0,0.0,18.83543348312378,,,,,,,,,,,,,,,,
FACTORY_S4v2,X_tiers+float,X,C_tiersT3|D_16_16al_low60_float,BASE,"{""core_cap"": 24, ""rec_activation"": ""always"", ""rec_anchor"": ""low60"", ""rec_cap"": 8, ""rec_spacing"": ""float"", ""rec_step"": 5.0, ""rec_tp"": 3.0, ""spacing"": ""tiers"", ""tiers"": [[8, 5.0], [16, 10.0], [24, 20.0]]}",{},415054.3600000483,560.0,415614.3600000483,4,-200096.97999999922,2025-04-06,-194453.75,42513.16000000035,737.2652777777778,7.148956755952832,6545,3.691483361534123,18658.13999999876,1279.8600000000006,18.341362654480964,32.0,32,0.545271922918517,0.42620495852023277,0.22937428730727527,453.9013888888889,739.9611111111111,453.9013888888889,1023968.75,409872.0480810179,-24986.839999999647,2.077064631360503,1.014010011041044,453.9013888888889,453.9604166666667,0.763677382966723,1.3372814438804286,176905.72000001412,-139921.04999999993,-130250.17999999784,-186182.78999999823,369020.650000032,-200096.97999999922,-130250.17999999784,7,8,-139921.04999999993,0.0,0.0,572,372,97.06111111111112,-186182.78999999823,453.9013888888889,0.7329814207974378,433,425,709.04375,-200096.97999999922,46.919444444444444,0.31131276467029645,430,311,120.98402777777778,26.147303342819214,2.354201917653694,81395.49,0.0,0.0,0.23592615732893274,453.9013888888889,4.1224864886067225,8.0,,,,,,,,
FACTORY_S4v2,X_tiers+add,X,C_tiersT3|L_armed_ll_fail,BASE,"{""add_trigger"": ""armed"", ""reversal"": ""ll_fail"", ""spacing"": ""tiers"", ""tiers"": [[8, 5.0], [16, 10.0], [24, 20.0]]}",{},356380.26000001817,986.25,357366.51000001817,7,-152074.67999999993,2025-04-06,-147057.5,54863.770000000106,741.9152777777778,6.655831660694747,2536,1.4303440496333897,8097.239999999633,1055.76,14.778096553579083,24.0,24,0.5257297833414117,0.0,0.0,0.0,0.0,0.0,827700.0,331672.39112961973,-5136.229999999894,2.349940897459185,1.0774683680570718,733.7770833333333,733.7777777777778,0.38860688099266777,1.4303440496333897,150073.88000000472,-121815.24999999997,-101343.23999999987,-144621.13,308743.3600000133,-152074.67999999993,-101343.23999999987,7,8,-121815.24999999997,0.0,0.0,216,0,0.0,-144621.13,0.0,0.0,10,0,0.0,-152074.67999999993,0.0,0.0,112,0,0.0,21.628403186798096,,,,,,,,,,,,,,,,
FACTORY_S4v2,X_S1+gov,X,I_S1|M_atr_spike1.5_core,BASE,"{""gov"": ""atr_spike"", ""gov_action"": ""core"", ""gov_x"": 1.5, ""state"": {""mult"": [1.0, 1.5, 3.0, Infinity], ""t"": [8, 16, 24]}}",{},336654.96000001696,560.0,337214.96000001696,4,-149840.29999999993,2025-04-06,-145908.75,111573.33000000005,747.2166666666667,5.18301655642638,2371,1.3372814438804286,7576.28999999967,928.77,13.415377632585361,24.0,24,0.44672910812196537,0.0,0.0,0.0,0.0,0.0,826470.0,305635.3418981371,59306.46000000002,2.2504957611538225,1.1033244974411525,741.0402777777778,741.0409722222222,0.4027072758037225,1.3372814438804286,151877.000000005,-62097.95999999999,-104794.49999999988,-148148.02000000002,290204.9500000118,-149840.29999999993,-104794.49999999988,7,8,-62097.95999999999,0.0,0.0,312,0,0.0,-148148.02000000002,0.0,0.0,8,0,0.0,-149840.29999999993,0.0,0.0,121,0,0.0,20.302937746047974,,,,,,,,,,,,,,,,
FACTORY_S4v2,X_cap24+age,X,N_cap24|J_age15_recovery,BASE,"{""cap_total"": 24, ""state"": {""age"": 15.0, ""mult"": [1, 1, 1, Infinity], ""rec_exit_x"": 5.0, ""recovery_exit"": ""all_ind"", ""recovery_until"": 1, ""t"": [1, 33, 33]}}",{},306508.38000001584,560.0,307068.38000001584,4,-149949.8199999999,2022-10-13,-149332.5,40404.74000000002,765.6958333333333,10.434843867483005,2342,1.3209249858996053,7356.619999999676,918.8100000000001,13.220688891939673,24.0,24,0.43752539077274805,0.0,0.0,0.0,0.0,745.9902777777778,835110.0,292622.0828383592,-19595.25999999998,2.0478075932336304,1.0493684448607954,745.9902777777778,764.0291666666667,0.34743372814438805,1.3209249858996053,115519.07000000263,-129931.54999999996,-108415.12999999983,-149949.8199999999,300028.18000001303,-69109.13,-108415.12999999983,7,8,-129931.54999999996,0.0,0.0,72,0,0.0,-149949.8199999999,0.0,0.0,7,0,0.0,-20741.22000000003,0.0,0.0,74,0,0.0,71.5652060508728,,,,,,,,,,,,,,,,
FACTORY_S4v2,X_Q16+gov,X,Q_16_16_rec_layer|M_atr_spike1.5_core,BASE,"{""core_cap"": 16, ""gov"": ""atr_spike"", ""gov_action"": ""core"", ""gov_x"": 1.5, ""rec_activation"": ""core_full"", ""rec_anchor"": ""runhigh"", ""rec_cap"": 16, ""rec_spacing"": ""ladder"", ""rec_step"": 5.0, ""rec_tp"": 3.0, ""recovery"": {""h"": 16, ""layer_x"": 5.0, ""rec_step"": 10.0, ""rec_tp"": 2.0}}",{},260762.06000002509,560.0,261322.06000002509,4,-198247.7899999965,2025-04-06,-194663.75,102962.70999999996,763.7756944444444,13.418280754094049,3538,1.9954878736604624,10035.439999999415,724.5899999999999,10.234065801676001,20.0,32,0.0576514130577915,0.042772770445000434,0.03325946077703469,68.93055555555556,94.88888888888889,68.93055555555556,961240.0,237920.0161870554,44244.490000011516,1.3181587547585258,1.0983609710019975,751.0555555555555,764.7763888888888,0.3728144388042865,1.1291596164692612,96035.4100000016,-65164.70999999996,-55364.99999999988,-77251.44999999995,220724.14000002336,-198247.7899999965,-55364.99999999988,7,8,-65164.70999999996,0.0,0.0,89,19,0.0,-77251.44999999995,0.0,0.0,12,0,0.0,-198247.7899999965,68.93055555555556,0.4787658802177858,1016,911,94.88888888888889,46.03591322898865,0.8663282571912013,16701.61,0.0,0.0,0.03325946077703469,68.93055555555556,15.297631688805085,16.0,,,,,,,,
FACTORY_S4v2,X_QC24+gov,X,Q_24_8_rec_confirm|M_atr_spike1.5_core,BASE,"{""core_cap"": 24, ""gov"": ""atr_spike"", ""gov_action"": ""core"", ""gov_x"": 1.5, ""rec_activation"": ""core_full"", ""rec_anchor"": ""runhigh"", ""rec_cap"": 8, ""rec_spacing"": ""ladder"", ""rec_step"": 5.0, ""rec_tp"": 3.0, ""recovery"": {""confirm"": ""vwap"", ""h"": 24, ""layer_x"": 5.0, ""rec_step"": 10.0, ""rec_tp"": 2.0}}",{},291383.25000001694,560.0,291943.25000001694,4,-112561.48999999976,2025-04-06,-107792.5,107184.22000000012,758.8604166666667,11.74432131761326,2444,1.3784545967287085,7315.4999999996535,632.46,9.797600869660233,19.0,32,0.11385152456706106,0.0018841704466814786,1.400870220581025e-06,0.0006944444444444445,3.811111111111111,0.0006944444444444445,930880.0,224373.09016736195,42443.59000000011,2.593633488682653,1.301150907991033,477.0798611111111,484.0104166666667,0.39199097574732095,1.2662154540327129,111853.92000000249,-68940.99999999997,-53808.25999999943,-75767.8399999995,233970.08000001387,-112561.48999999976,-53808.25999999943,7,8,-68940.99999999997,0.0,0.0,84,16,0.008333333333333333,-75767.8399999995,0.0,0.0,61,0,0.0,-112561.48999999976,0.0,0.0,117,4,0.004861111111111111,42.40602946281433,0.11223914269599548,2578.2400000000002,0.0,0.0,1.400870220581025e-06,0.0006944444444444445,7.9942228112103235,8.0,,,,,,,,
FACTORY_S4v2,X_Q16+add,X,Q_16_16_rec_layer|L_armed_ll_fail,BASE,"{""add_trigger"": ""armed"", ""core_cap"": 16, ""rec_activation"": ""core_full"", ""rec_anchor"": ""runhigh"", ""rec_cap"": 16, ""rec_spacing"": ""ladder"", ""rec_step"": 5.0, ""rec_tp"": 3.0, ""recovery"": {""h"": 16, ""layer_x"": 5.0, ""rec_step"": 10.0, ""rec_tp"": 2.0}, ""reversal"": ""ll_fail""}",{},292222.0500000256,986.25,293208.3000000256,7,-100067.30999999994,2025-04-06,-96746.25,89900.61000000002,758.81875,23.634893939838726,3454,1.9481105470953186,9996.699999999431,771.9000000000003,10.973637023318886,15.0,32,0.02081693147783403,0.002515962916163521,2.3814793749877423e-05,0.004166666666666667,4.066666666666666,0.004166666666666667,799920.0,248794.84065451458,52400.610000000015,2.930110742459508,1.1785143905262294,740.7506944444444,747.9881944444444,0.36999435984207557,1.2763677382966723,117066.5200000056,-82524.71999999997,-67156.70999999985,-94312.56999999995,243392.85000001983,-100067.30999999994,-67156.70999999985,7,8,-82524.71999999997,0.0,0.0,151,54,0.0,-94312.56999999995,0.0,0.0,16,0,0.0,-100067.30999999994,0.0,0.0,136,1,0.0,56.1692259311676,0.6717428087986463,14275.660000000003,0.0,0.0,2.3814793749877423e-05,0.004166666666666667,15.912760807013317,16.0,,,,,,,,
FACTORY_S4v2,X_float+gov,X,D_16_16al_low60_float|M_atr_spike1.5_core,BASE,"{""core_cap"": 16, ""gov"": ""atr_spike"", ""gov_action"": ""core"", ""gov_x"": 1.5, ""rec_activation"": ""always"", ""rec_anchor"": ""low60"", ""rec_cap"": 16, ""rec_spacing"": ""float"", ""rec_step"": 5.0, ""rec_tp"": 3.0}",{},395436.42000005295,560.0,395996.420000053,4,-168726.57999999524,2022-10-13,-175455.0,97220.59000000035,713.7666666666667,10.391729074156846,7212,4.067681895093062,20082.329999999718,1065.7200000000003,15.87489108234035,32.0,32,0.5508249724729002,0.20461110441806452,0.07399816766175148,58.80625,453.09444444444443,58.80625,796320.0,355537.48238405696,49720.590000000346,2.3469711766816124,1.113796546413893,58.80625,58.858333333333334,0.9120135363790186,1.2177100958826848,162464.69000001193,-84361.21999999988,-111609.47999999474,-168726.57999999524,345203.0400000358,-161449.75999999885,-111609.47999999474,7,8,-84361.21999999988,0.0,0.0,547,372,0.0,-168726.57999999524,58.80625,0.26108252645522256,1099,1091,453.09444444444443,-161449.75999999885,0.0,0.0,600,478,6.0125,25.31101679801941,2.849971799210378,97070.53,0.0,0.0,0.07399816766175148,58.80625,11.071483605615809,16.0,,,,,,,,
FACTORY_S4v2,X_atr+float,X,C_atr1.5|D_16_16al_low60_float,BASE,"{""atr_k"": 1.5, ""core_cap"": 16, ""rec_activation"": ""always"", ""rec_anchor"": ""low60"", ""rec_cap"": 16, ""rec_spacing"": ""float"", ""rec_step"": 5.0, ""rec_tp"": 3.0, ""spacing"": ""atr""}",{},302972.370000045,278.75,303251.120000045,2,-155320.35999999882,2025-04-06,-157530.0,76784.27000000031,469.9770833333333,7.583410914658377,6572,3.706711787930062,18225.129999998753,1030.86,14.42834548821728,32.0,32,0.4655147777799569,0.20263027392616292,0.07399816766175148,58.80625,453.09444444444443,58.80625,796320.0,314876.14609745576,29284.27000000031,1.952423494254374,0.9630806390338227,58.80625,58.858333333333334,0.9120135363790186,0.8567399887196842,123622.67000000743,-103156.7299999999,-90600.42999999452,-151702.6699999972,270231.34000003204,-155320.35999999882,-90600.42999999452,7,8,-103156.7299999999,0.0,0.0,434,372,0.0,-151702.6699999972,58.80625,0.26108252645522256,1160,1091,453.09444444444443,-155320.35999999882,0.0,0.0,559,478,6.0125,26.344794511795044,2.849971799210378,97070.53,0.0,0.0,0.07399816766175148,58.80625,11.071483605615809,16.0,,,,,,,,
FACTORY_S4v2,X_float+Q,X,D_16_16al_low60_float|Q_16_16_rec_layer,BASE,"{""core_cap"": 16, ""rec_activation"": ""always"", ""rec_anchor"": ""low60"", ""rec_cap"": 16, ""rec_spacing"": ""float"", ""rec_step"": 5.0, ""rec_tp"": 3.0, ""recovery"": {""h"": 16, ""layer_x"": 5.0, ""rec_step"": 10.0, ""rec_tp"": 2.0}}",{},291465.74000004947,560.0,292025.74000004947,4,-128924.23999999464,2022-10-13,-134065.0,99742.87000000005,712.8104166666667,53.69162580396355,7077,3.991539763113367,19389.259999999504,921.3000000000001,12.914600149612939,24.0,28,0.32741699143507946,0.04816612079423738,0.0,0.0,42.975,0.0,619740.0,289700.1596309127,67242.87000000005,2.2650956872040635,1.0080275425878247,5.1819444444444445,5.764583333333333,0.9655950366610265,1.0039481105470953,116868.76000000758,-76282.4899999999,-84564.99999999325,-128924.23999999464,259783.8100000351,-100879.98999999894,-84564.99999999325,7,8,-76282.4899999999,0.0,0.0,413,352,0.0,-128924.23999999464,0.0,0.0,1451,1442,42.975,-100879.98999999894,0.0,0.0,525,451,0.0,57.28593993186951,2.987591652566272,84372.97,0.0,0.0,0.0017006564477853642,4.820833333333334,11.77309684776183,16.0,,,,,,,,
FACTORY_S4v2,X_convex+roll,X,C_convex0.2|B_16_16_newlow0_hi,BASE,"{""convex_a"": 0.2, ""core_cap"": 16, ""rec_activation"": ""core_full"", ""rec_anchor"": ""runhigh"", ""rec_cap"": 16, ""rec_roll"": ""newlow"", ""rec_roll_x"": 0.0, ""rec_spacing"": ""ladder"", ""rec_step"": 5.0, ""rec_tp"": 3.0, ""spacing"": ""convex""}",{},232708.14000016998,397.5,233105.64000016998,3,-207227.81999994814,2022-10-13,-115903.75,58184.139999998995,1027.7430555555557,1.340520314322597,37866,21.357021996615906,98486.86000004235,956.1600000000001,13.699156115779122,30.0,32,0.47742777813577797,0.16860033452780868,0.01853351301828696,3.7291666666666665,12.180555555555555,3.7291666666666665,1086280.0,305926.97270719573,-21815.860000001005,1.1248761869918253,0.7619649811763298,30.802083333333332,30.802777777777777,0.8076706147772138,1.0203045685279188,132782.63999999664,-110551.14000000095,-150512.91999995886,-207227.81999994814,250866.5400001322,-148858.94999997708,-150512.91999995886,7,8,-110551.14000000095,2.725,0.015271385973076857,5683,5629,4.877777777777778,-207227.81999994814,2.792361111111111,0.045377935281703016,17590,17585,12.180555555555555,-148858.94999997708,3.7291666666666665,0.024884049203468442,6172,6064,5.846527777777778,23.988131999969482,20.336717428087987,-20829.42999999996,-647497.5199999998,998.0,0.01853351301828696,3.7291666666666665,12.95228636028701,16.0,,,,,,,,
FACTORY_S4v2,X_reserve+roll,X,H_res8_E_step80|B_16_16_newlow0_hi,BASE,"{""core_cap"": 20, ""emerg_cap"": 8, ""emerg_step"": 80.0, ""emerg_tp"": 20.0, ""rec_activation"": ""core_full"", ""rec_anchor"": ""runhigh"", ""rec_cap"": 4, ""rec_roll"": ""newlow"", ""rec_roll_x"": 0.0, ""rec_spacing"": ""ladder"", ""rec_step"": 5.0, ""rec_tp"": 3.0}",{},261755.93000029723,560.0,262315.93000029726,4,-170443.0199999179,2022-10-13,-130468.75,57176.22000000335,968.9847222222222,1.415031078418557,37576,21.19345741680767,100699.07000004084,971.0999999999999,14.519511320432253,24.0,25,0.577420493610631,0.0012019466492585193,0.0,0.0,0.05138888888888889,0.0,831240.0,327102.9056727539,-2823.779999996652,1.5390241853284672,0.8019370218090572,7.985416666666667,7.985416666666667,0.8860688099266779,1.4275239706711789,127505.9700000264,-122546.42999999615,-136130.0599998996,-170443.0199999179,271003.76000017044,-157114.50999998057,-136130.0599998996,7,8,-122546.42999999615,0.0,0.0,4851,4771,0.02847222222222222,-170443.0199999179,0.0,0.0,15654,15645,0.022916666666666665,-157114.50999998057,0.0,0.0,5235,5090,0.05138888888888889,27.257878303527832,19.76029328821207,-90983.39999999998,-594592.12,3788.0,0.07461875316946888,3.7333333333333334,3.117472774087263,4.0,0.0056401579244218835,1028.85,0.0,0.0,0.0,0.0,7.994507187865102,1.0
FACTORY_S4v2,X_fixed10+add,X,C_fixed10.0|L_armed_ll_fail,BASE,"{""add_trigger"": ""armed"", ""grid"": 10.0, ""reversal"": ""ll_fail""}",{},391957.08000002056,411.25,392368.33000002056,3,-194639.68,2025-04-06,-187816.25,13747.040000000037,420.2451388888889,4.603113739758752,2717,1.532430908065426,8542.919999999594,1063.2300000000005,13.987665337707783,32.0,32,0.3769139389388688,0.310266137324506,0.28233698773678206,429.99375,433.9875,429.99375,982760.0,303698.22791317967,-66252.95999999996,2.0158701966629855,1.291967795453155,429.99375,429.99444444444447,0.5002820078962211,1.532430908065426,131163.22000000364,-156516.39999999997,-61295.55999999819,-137957.84999999974,322540.0400000151,-194639.68,-61295.55999999819,7,8,-156516.39999999997,91.00416666666666,0.4379406036161815,169,0,98.96736111111112,-137957.84999999974,429.99375,0.6736060655486524,333,0,433.9875,-194639.68,115.84930555555556,0.6408146803791087,119,0,116.78958333333334,21.46684503555298,,,,,,,,,,,,,,,,
FACTORY_S4v2,X_float+invtp,X,D_16_16al_low60_float|E_rec_tp_inv,BASE,"{""core_cap"": 16, ""rec_activation"": ""always"", ""rec_anchor"": ""low60"", ""rec_cap"": 16, ""rec_spacing"": ""float"", ""rec_step"": 5.0, ""rec_tp"": 3.0, ""rec_tp_mode"": ""inv""}",{},413001.7900000502,613.75,413615.5400000502,5,-173556.60999999533,2022-10-13,-179422.5,78066.71999999965,744.8777777777777,19.307721923242678,7017,3.957698815566836,19706.959999999406,1175.2800000000002,17.01258121545104,32.0,32,0.621164067118494,0.21841247783122875,0.09878796708515329,160.01041666666666,453.9013888888889,160.01041666666666,796320.0,379172.371883414,30566.719999999652,2.3831736515253517,1.0908377578924096,160.01041666666666,160.05555555555554,0.8804286520022561,1.2583192329385222,165380.65000001004,-107246.17000000027,-117931.75999999524,-173556.60999999533,366222.2300000354,-158495.36999999883,-117931.75999999524,7,8,-107246.17000000027,0.0,0.0,434,367,0.0,-173556.60999999533,160.01041666666666,0.3485466308823021,1007,999,453.9013888888889,-158495.36999999883,0.0,0.0,607,476,5.934027777777778,26.05821204185486,2.6993795826283136,106949.10999999999,0.0,0.0,0.09878796708515329,160.01041666666666,10.598677298337728,16.0,,,,,,,,
FACTORY_S4v2,X_S6+add,X,I_S6_recovexit|L_armed_ll_fail,BASE,"{""add_trigger"": ""armed"", ""reversal"": ""ll_fail"", ""state"": {""mult"": [1.0, 1.5, 3.0, Infinity], ""rec_exit_x"": 5.0, ""recovery_exit"": ""all_ind"", ""t"": [8, 16, 24]}}",{},338765.4900000179,986.25,339751.7400000179,7,-118257.02999999974,2025-04-06,-114590.0,75456.95000000013,757.8666666666667,8.693118917693411,2499,1.4094754653130288,7837.009999999642,893.9100000000003,12.766021052277674,21.0,24,0.5254916354039129,0.0,0.0,0.0,0.0,0.0,792720.0,287518.0741151403,27956.950000000128,2.872994019890561,1.181670895110267,664.0,750.7659722222222,0.39086294416243655,1.4094754653130288,136652.09000000427,-101449.64999999997,-81054.67999999982,-114300.0199999999,284261.82000001345,-118257.02999999974,-81054.67999999982,7,8,-101449.64999999997,0.0,0.0,136,0,0.0,-114300.0199999999,0.0,0.0,16,0,0.0,-118257.02999999974,0.0,0.0,104,0,0.0,57.534422397613525,,,,,,,,,,,,,,,,
FACTORY_S4v2,X_S1+convex,X,I_S1|C_convex0.1,BASE,"{""convex_a"": 0.1, ""spacing"": ""convex"", ""state"": {""mult"": [1.0, 1.5, 3.0, Infinity], ""t"": [8, 16, 24]}}",{},306441.8300000146,397.5,306839.3300000146,3,-145022.7799999999,2025-04-06,-140085.0,58780.850000000006,660.9430555555556,5.608381287997214,2102,1.18556119571348,6810.669999999728,976.0799999999999,13.509462878340026,24.0,24,0.44647975322270195,0.0,0.0,0.0,0.0,0.0,753032.5,301264.1261756803,-1219.1499999999942,2.1158009107259894,1.0185060328792124,725.0909722222223,725.0916666666667,0.3998871968415116,1.18556119571348,125065.45000000321,-112307.79999999999,-95164.50999999983,-137999.51999999996,276987.13000001124,-145022.7799999999,-95164.50999999983,7,8,-112307.79999999999,0.0,0.0,170,0,0.0,-137999.51999999996,0.0,0.0,6,0,0.0,-145022.7799999999,0.0,0.0,113,0,0.0,21.287193775177002,,,,,,,,,,,,,,,,
FACTORY_S4v2,X3_S6age+gov+add,X,I_S6_recovexit|J_age15_recovery|M_atr_spike1.5_core|L_armed_ll_fail,BASE,"{""add_trigger"": ""armed"", ""gov"": ""atr_spike"", ""gov_action"": ""core"", ""gov_x"": 1.5, ""reversal"": ""ll_fail"", ""state"": {""age"": 15.0, ""mult"": [1.0, 1.5, 3.0, Infinity], ""rec_exit_x"": 5.0, ""recovery_exit"": ""all_ind"", ""t"": [8, 16, 24]}}",{},253478.25000001158,986.25,254464.50000001158,7,-107241.93999999994,2022-10-13,-106476.25,117408.63999999996,757.9291666666667,16.755097740260066,1845,1.0406091370558375,5874.2499999997835,719.6099999999998,10.359761683958075,18.0,22,0.34215414615559187,0.0,0.0,0.0,0.0,0.0,753665.0,235490.71891433958,94908.63999999996,2.372807690722601,1.0805712478739928,664.0152777777778,751.8979166666667,0.34404963338973493,1.0406091370558375,94307.84000000096,-52436.75,-76432.24999999983,-107241.93999999994,236687.65000001044,-53042.27999999997,-76432.24999999983,7,8,-52436.75,0.0,0.0,55,0,0.0,-107241.93999999994,0.0,0.0,13,0,0.0,-51254.14999999979,0.0,0.0,78,0,0.0,57.554662227630615,,,,,,,,,,,,,,,,
FACTORY_S4v2,X3_QC24+gov+age,X,Q_24_8_rec_confirm|M_atr_spike1.5_core|J_age15_recovery,BASE,"{""core_cap"": 24, ""gov"": ""atr_spike"", ""gov_action"": ""core"", ""gov_x"": 1.5, ""rec_activation"": ""core_full"", ""rec_anchor"": ""runhigh"", ""rec_cap"": 8, ""rec_spacing"": ""ladder"", ""rec_step"": 5.0, ""rec_tp"": 3.0, ""recovery"": {""confirm"": ""vwap"", ""h"": 24, ""layer_x"": 5.0, ""rec_step"": 10.0, ""rec_tp"": 2.0}, ""state"": {""age"": 15.0, ""mult"": [1, 1, 1, Infinity], ""rec_exit_x"": 5.0, ""recovery_exit"": ""all_ind"", ""recovery_until"": 1, ""t"": [1, 33, 33]}}",{},236399.55000001125,560.0,236959.55000001122,4,-76911.33999999985,2022-10-13,-76826.25,102413.5499999999,765.4854166666667,17.40211087930693,1853,1.045121263395375,5716.699999999782,560.2500000000001,8.326930889468537,15.0,27,0.03963482115089894,1.8211312867553326e-05,0.0,0.0,0.006944444444444444,0.0,920227.5,188318.75132382236,74913.5499999999,3.080944240472363,1.2582897259792727,744.8597222222222,751.8451388888889,0.32318104906937395,1.0400451212633954,88135.9000000006,-64137.369999999995,-55024.88999999978,-76911.33999999985,203921.0300000104,-34451.519999999786,-55024.88999999978,7,8,-64137.369999999995,0.0,0.0,51,0,0.0,-76911.33999999985,0.0,0.0,23,0,0.0,-20741.219999999972,0.0,0.0,73,0,0.0,57.85090374946594,0.005076142131979695,78.84000000000002,0.0,0.0,0.0,0.0,7.99997478433603,3.0,,,,,,,,
FACTORY_S4v2,X3_cap24+gov+age,X,N_cap24|M_atr_spike1.5_core|J_age15_recovery,BASE,"{""cap_total"": 24, ""gov"": ""atr_spike"", ""gov_action"": ""core"", ""gov_x"": 1.5, ""state"": {""age"": 15.0, ""mult"": [1, 1, 1, Infinity], ""rec_exit_x"": 5.0, ""recovery_exit"": ""all_ind"", ""recovery_until"": 1, ""t"": [1, 33, 33]}}",{},257245.18000001207,560.0,257805.18000001204,4,-149992.3199999999,2022-10-13,-149375.0,90112.4200000008,765.6958333333333,13.698775326637792,1933,1.09024252679075,6244.819999999765,829.1700000000001,12.131101840463296,24.0,24,0.35842525376764045,0.0,0.0,0.0,0.0,746.9520833333333,835110.0,272469.18796631467,30112.4200000008,1.7187892020072244,0.946181041328917,746.9520833333333,763.00625,0.32656514382402707,1.09024252679075,88135.9000000006,-64137.369999999995,-108260.74999999983,-149992.3199999999,278002.52000001125,-69109.13,-108260.74999999983,7,8,-64137.369999999995,0.0,0.0,51,0,0.0,-149992.3199999999,0.0,0.0,8,0,0.0,-20741.219999999972,0.0,0.0,73,0,0.0,66.64922666549683,,,,,,,,,,,,,,,,
FACTORY_S4v2,X3_cap20+gov+age+add,X,N_cap20|M_atr_spike1.5_core|J_age15_recovery|L_armed_ll_fail,BASE,"{""add_trigger"": ""armed"", ""cap_total"": 20, ""gov"": ""atr_spike"", ""gov_action"": ""core"", ""gov_x"": 1.5, ""reversal"": ""ll_fail"", ""state"": {""age"": 15.0, ""mult"": [1, 1, 1, Infinity], ""rec_exit_x"": 5.0, ""recovery_exit"": ""all_ind"", ""recovery_until"": 1, ""t"": [1, 33, 33]}}",{},256025.27000001183,986.25,257011.52000001183,7,-124949.4,2022-10-13,-124387.5,111352.13000000044,761.0486111111111,17.557374078566646,1919,1.0823463056965594,6033.479999999768,727.08,10.665857430635912,20.0,20,0.35291423031987473,0.0,0.0,0.0,0.0,744.9458333333333,716575.0,239817.4954174033,61352.13000000044,2.056924803160414,1.0716962895166688,744.9458333333333,762.9986111111111,0.32769317540891146,1.0823463056965594,83759.48000000027,-52436.75,-89229.03999999986,-124949.4,262584.1900000114,-59449.79999999999,-89229.03999999986,7,8,-52436.75,0.0,0.0,46,0,0.0,-124949.4,0.0,0.0,11,0,0.0,-7364.9199999999255,0.0,0.0,62,0,0.0,60.40399765968323,,,,,,,,,,,,,,,,
FACTORY_S4v2,X3_Q16+gov+age,X,Q_16_16_rec_layer|M_atr_spike1.5_core|J_age15_recovery,BASE,"{""core_cap"": 16, ""gov"": ""atr_spike"", ""gov_action"": ""core"", ""gov_x"": 1.5, ""rec_activation"": ""core_full"", ""rec_anchor"": ""runhigh"", ""rec_cap"": 16, ""rec_spacing"": ""ladder"", ""rec_step"": 5.0, ""rec_tp"": 3.0, ""recovery"": {""h"": 16, ""layer_x"": 5.0, ""rec_step"": 10.0, ""rec_tp"": 2.0}, ""state"": {""age"": 15.0, ""mult"": [1, 1, 1, Infinity], ""rec_exit_x"": 5.0, ""recovery_exit"": ""all_ind"", ""recovery_until"": 1, ""t"": [1, 33, 33]}}",{},207075.450000013,560.0,207635.450000013,4,-77251.44999999995,2022-10-13,-76826.25,100494.59999999992,768.8194444444445,27.283447004794954,2068,1.1663846587704456,6133.2999999997355,560.25,8.190655635280637,13.0,24,0.004437956858800687,0.0,0.0,0.0,0.0,0.0,817980.0,184677.97557442685,72994.59999999992,2.6877870900806795,1.1243108408253808,751.0555555555555,764.8201388888889,0.3107727016356458,0.958262831359278,81388.12000000005,-64137.370000000024,-55364.99999999988,-77251.44999999995,181684.8200000128,-33745.52000000002,-55364.99999999988,7,8,-64137.370000000024,0.0,0.0,51,0,0.0,-77251.44999999995,0.0,0.0,12,0,0.0,-21484.76999999996,0.0,0.0,73,0,0.0,56.76331615447998,0.20812182741116753,3541.1900000000014,0.0,0.0,0.0,0.0,15.98922310539307,8.0,,,,,,,,
FACTORY_S4v2,X3_S6age+gov,X,I_S6_recovexit|J_age15_recovery|M_atr_spike1.5_core,BASE,"{""gov"": ""atr_spike"", ""gov_action"": ""core"", ""gov_x"": 1.5, ""state"": {""age"": 15.0, ""mult"": [1.0, 1.5, 3.0, Infinity], ""rec_exit_x"": 5.0, ""recovery_exit"": ""all_ind"", ""t"": [8, 16, 24]}}",{},239693.3100000108,560.0,240253.31000001077,4,-114745.64999999997,2022-10-13,-112835.0,109156.69999999995,763.2625,16.637518811955886,1780,1.0039481105470953,5730.439999999799,744.5099999999999,10.514594265958014,18.0,23,0.33137725154866204,0.0,0.0,0.0,0.0,0.0,753665.0,237298.2961513192,82017.0700000007,2.0937901349638164,1.0124527394280456,663.7486111111111,751.975,0.329385222786238,1.0039481105470953,88171.93000000052,-58404.25999999998,-81314.68999999983,-114745.64999999997,233468.56000001007,-52203.92999999982,-81314.68999999983,7,8,-58404.25999999998,0.0,0.0,50,0,0.0,-114745.64999999997,0.0,0.0,13,0,0.0,-52203.92999999982,0.0,0.0,97,0,0.0,55.88145589828491,,,,,,,,,,,,,,,,
