name,target_week,hist_week_mean,contracts_now,scale_mult,contracts_needed,worst_depth_1x,capital_needed_50pct_rule,capital_needed_30pct_rule,peak_notional_scaled
BASE,1000,1301.6187262873368,32,0.7682741342023736,24.584772294475954,199722.87,306883.8300593264,511473.0500988774,851401.3955230704
BASE,2000,1301.6187262873368,32,1.5365482684047471,49.16954458895191,199722.87,613767.6601186529,1022946.1001977548,1702802.7910461407
BASE,4000,1301.6187262873368,32,3.0730965368094942,98.33908917790382,199722.87,1227535.3202373057,2045892.2003955096,3405605.5820922814
C10_lmt,1000,318.0558265582886,10,3.1441021245266665,31.441021245266665,54899.42999999999,345218.828996606,575364.7149943433,892327.6239619132
C10_lmt,2000,318.0558265582886,10,6.288204249053333,62.88204249053333,54899.42999999999,690437.657993212,1150729.4299886867,1784655.2479238263
C10_lmt,4000,318.0558265582886,10,12.576408498106666,125.76408498106666,54899.42999999999,1380875.315986424,2301458.8599773734,3569310.4958476527
C10_mkt,1000,315.27956639568725,10,3.1717881733729736,31.717881733729737,53456.490000000005,339105.3255440613,565175.5425734356,900185.2014849837
C10_mkt,2000,315.27956639568725,10,6.343576346745947,63.43576346745947,53456.490000000005,678210.6510881226,1130351.0851468712,1800370.4029699673
C10_mkt,4000,315.27956639568725,10,12.687152693491894,126.87152693491895,53456.490000000005,1356421.3021762453,2260702.1702937423,3600740.8059399347
C14_bs70,1000,416.40563685639677,14,2.4015044742174414,33.62106263904418,67135.31,322451.4946859499,537419.1578099165,855235.7808806864
C14_bs70,2000,416.40563685639677,14,4.803008948434883,67.24212527808837,67135.31,644902.9893718997,1074838.315619833,1710471.5617613727
C14_bs70,4000,416.40563685639677,14,9.606017896869766,134.48425055617673,67135.31,1289805.9787437995,2149676.631239666,3420943.1235227454
C14_lmt,1000,483.68447154477684,14,2.0674635197740177,28.944489276836247,66399.27999999997,274556.17827852094,457593.63046420156,814466.9162973753
C14_lmt,2000,483.68447154477684,14,4.134927039548035,57.888978553672494,66399.27999999997,549112.3565570419,915187.2609284031,1628933.8325947507
C14_lmt,4000,483.68447154477684,14,8.26985407909607,115.77795710734499,66399.27999999997,1098224.7131140837,1830374.5218568062,3257867.6651895014
C14_mkt,1000,465.021409214157,14,2.15043862537406,30.10614075523684,70153.83999999997,301723.0545086233,502871.75751437224,847154.544272984
C14_mkt,2000,465.021409214157,14,4.30087725074812,60.21228151047368,70153.83999999997,603446.1090172466,1005743.5150287445,1694309.088545968
C14_mkt,4000,465.021409214157,14,8.60175450149624,120.42456302094736,70153.83999999997,1206892.2180344933,2011487.030057489,3388618.177091936
C14_rpos60,1000,428.08867208674286,14,2.3359646381798482,32.70350493451787,54840.06,256208.88183132233,427014.8030522039,712492.5742912355
C14_rpos60,2000,428.08867208674286,14,4.6719292763596965,65.40700986903575,54840.06,512417.76366264466,854029.6061044078,1424985.148582471
C14_rpos60,4000,428.08867208674286,14,9.343858552719393,130.8140197380715,54840.06,1024835.5273252893,1708059.2122088156,2849970.297164942
C20_mkt,1000,596.6750948510488,20,1.6759539800293413,33.51907960058683,97189.78999999992,325771.2307374315,542952.0512290525,772935.3109922069
C20_mkt,2000,596.6750948510488,20,3.3519079600586825,67.03815920117366,97189.78999999992,651542.461474863,1085904.102458105,1545870.6219844138
C20_mkt,4000,596.6750948510488,20,6.703815920117365,134.0763184023473,97189.78999999992,1303084.922949726,2171808.20491621,3091741.2439688276
C24_mkt,1000,718.273902439141,24,1.3922265539707945,33.41343729529907,116212.03999999992,323586.97595823207,539311.6265970535,696870.3001741188
C24_mkt,2000,718.273902439141,24,2.784453107941589,66.82687459059814,116212.03999999992,647173.9519164641,1078623.253194107,1393740.6003482377
C24_mkt,4000,718.273902439141,24,5.568906215883178,133.65374918119628,116212.03999999992,1294347.9038329283,2157246.506388214,2787481.2006964753
C32_bs70,1000,745.565338753441,32,1.3412640690512314,42.920450209639405,92167.64000000001,247242.28772249812,412070.47953749687,775009.2043791825
C32_bs70,2000,745.565338753441,32,2.682528138102463,85.84090041927881,92167.64000000001,494484.57544499624,824140.9590749937,1550018.408758365
C32_bs70,4000,745.565338753441,32,5.365056276204926,171.68180083855762,92167.64000000001,988969.1508899925,1648281.9181499875,3100036.81751673
C32_harv5,1000,498.98403794050085,32,2.004072122481883,64.13030791942026,106428.11999999988,426579.2566803126,710965.427800521,1069893.943308178
C32_harv5,2000,498.98403794050085,32,4.008144244963766,128.26061583884052,106428.11999999988,853158.5133606252,1421930.855601042,2139787.886616356
C32_harv5,4000,498.98403794050085,32,8.016288489927533,256.52123167768104,106428.11999999988,1706317.0267212505,2843861.711202084,4279575.773232712
C32_harv5_lmt,1000,489.916314363258,32,2.0411649309937667,65.31727779180054,113153.1399999999,461928.44239965564,769880.7373327594,1089696.3100603323
C32_harv5_lmt,2000,489.916314363258,32,4.0823298619875334,130.63455558360107,113153.1399999999,923856.8847993113,1539761.4746655189,2179392.6201206646
C32_harv5_lmt,4000,489.916314363258,32,8.164659723975067,261.26911116720214,113153.1399999999,1847713.7695986226,3079522.9493310377,4358785.240241329
C32_lmt,1000,823.2285907860382,32,1.214729433832195,38.87134188263024,126704.5499999999,307823.49257092585,513039.1542848764,744446.9335240608
C32_lmt,2000,823.2285907860382,32,2.42945886766439,77.74268376526048,126704.5499999999,615646.9851418517,1026078.3085697528,1488893.8670481215
C32_lmt,4000,823.2285907860382,32,4.85891773532878,155.48536753052096,126704.5499999999,1231293.9702837034,2052156.6171395057,2977787.734096243
C32_mkt,1000,830.5280216803541,32,1.2040532936826913,38.52970539784612,121559.77999999988,292728.9069766864,487881.51162781066,713088.5226506371
C32_mkt,2000,830.5280216803541,32,2.4081065873653826,77.05941079569224,121559.77999999988,585457.8139533728,975763.0232556213,1426177.0453012742
C32_mkt,4000,830.5280216803541,32,4.816213174730765,154.1188215913845,121559.77999999988,1170915.6279067455,1951526.0465112426,2852354.0906025483
