label,model,auc_pooled,base_rate,n
hold_1d,single:rpos1d,0.5734480920397802,0.11733757494188181,
hold_1d,single:rpos5d,0.5797647402672303,0.11733757494188181,
hold_1d,single:sess_rpos,0.5558502280787011,0.11733757494188181,
hold_1d,single:vwap_dev_atr,0.5485073774693108,0.11733757494188181,
hold_1d,single:sess_ret_atr,0.5478088602482775,0.11733757494188181,
hold_1d,single:prevday_ret_datr,0.5222801336643238,0.11733757494188181,
hold_1d,single:datr_pct,0.4201334272687825,0.11733757494188181,
hold_1d,single:rvol_ratio,0.4374034615232286,0.11733757494188181,
hold_1d,single:tod_min,0.5996944158806029,0.11733757494188181,
hold_1d,single:mom15_atr,0.5378659933919476,0.11733757494188181,
hold_1d,single:mom30_atr,0.5635969394466154,0.11733757494188181,
hold_1d,single:mom60_atr,0.5482111310038151,0.11733757494188181,
hold_1d,single:lower_lows,0.4733968650344756,0.11733757494188181,
hold_1d,single:down_persist,0.4892499898095263,0.11733757494188181,
hold_1d,single:dist_sesslow_atr,0.5788240366822363,0.11733757494188181,
hold_1d,single:dist_pdl_atr,0.579258035224637,0.11733757494188181,
hold_1d,single:gap_atr,0.5576872597107987,0.11733757494188181,
hold_1d,single:atr15,0.3459959243887089,0.11733757494188181,
hold_1d,oof:logit,0.6214086087175879,0.10579100614687803,6182.0
hold_1d,oof:l1,0.6299979088941701,0.10579100614687803,6182.0
hold_1d,oof:tree,0.6197409794783963,0.10579100614687803,6182.0
hold_1d,oof:flags,0.5898643049341247,0.10579100614687803,6182.0
hold_5d,single:rpos1d,0.5455516161692591,0.04343570292426282,
hold_5d,single:rpos5d,0.560210817218481,0.04343570292426282,
hold_5d,single:sess_rpos,0.5350842584285452,0.04343570292426282,
hold_5d,single:vwap_dev_atr,0.5387938271738386,0.04343570292426282,
hold_5d,single:sess_ret_atr,0.5093763399017797,0.04343570292426282,
hold_5d,single:prevday_ret_datr,0.5363210215501245,0.04343570292426282,
hold_5d,single:datr_pct,0.42100227355434733,0.04343570292426282,
hold_5d,single:rvol_ratio,0.48957948252317696,0.04343570292426282,
hold_5d,single:tod_min,0.5084483622121576,0.04343570292426282,
hold_5d,single:mom15_atr,0.5153209098541106,0.04343570292426282,
hold_5d,single:mom30_atr,0.5313835172714466,0.04343570292426282,
hold_5d,single:mom60_atr,0.5101884780157023,0.04343570292426282,
hold_5d,single:lower_lows,0.47861345612688666,0.04343570292426282,
hold_5d,single:down_persist,0.525994004446222,0.04343570292426282,
hold_5d,single:dist_sesslow_atr,0.5224076616259337,0.04343570292426282,
hold_5d,single:dist_pdl_atr,0.5197880297904078,0.04343570292426282,
hold_5d,single:gap_atr,0.5111278054615748,0.04343570292426282,
hold_5d,single:atr15,0.37614101081289475,0.04343570292426282,
hold_5d,oof:logit,0.5519827886185391,0.04076350695567777,6182.0
hold_5d,oof:l1,0.5452260499478038,0.04076350695567777,6182.0
hold_5d,oof:tree,0.5538434513771782,0.04076350695567777,6182.0
hold_5d,oof:flags,0.5474370298990872,0.04076350695567777,6182.0
hold_20d,single:rpos1d,0.5654597843811121,0.014193074758350667,
hold_20d,single:rpos5d,0.5452021801560434,0.014193074758350667,
hold_20d,single:sess_rpos,0.5522628641618126,0.014193074758350667,
hold_20d,single:vwap_dev_atr,0.5618342156959251,0.014193074758350667,
hold_20d,single:sess_ret_atr,0.525882933238606,0.014193074758350667,
hold_20d,single:prevday_ret_datr,0.5450930439583486,0.014193074758350667,
hold_20d,single:datr_pct,0.42839434974085505,0.014193074758350667,
hold_20d,single:rvol_ratio,0.49913974997111105,0.014193074758350667,
hold_20d,single:tod_min,0.47176047386509046,0.014193074758350667,
hold_20d,single:mom15_atr,0.5120900437828746,0.014193074758350667,
hold_20d,single:mom30_atr,0.4726100242667546,0.014193074758350667,
hold_20d,single:mom60_atr,0.4826248753493429,0.014193074758350667,
hold_20d,single:lower_lows,0.5089801971299319,0.014193074758350667,
hold_20d,single:down_persist,0.5474667562582118,0.014193074758350667,
hold_20d,single:dist_sesslow_atr,0.5134563861795056,0.014193074758350667,
hold_20d,single:dist_pdl_atr,0.5611446247212747,0.014193074758350667,
hold_20d,single:gap_atr,0.5193903994384835,0.014193074758350667,
hold_20d,single:atr15,0.41354112722712744,0.014193074758350667,
hold_20d,oof:logit,0.4482012057036655,0.013587835651892591,6182.0
hold_20d,oof:l1,0.41996790516797083,0.013587835651892591,6182.0
hold_20d,oof:tree,0.3949811804026301,0.013587835651892591,6182.0
hold_20d,oof:flags,0.43494842180886784,0.013587835651892591,6182.0
hold_60d,single:rpos1d,0.5328434993795598,0.006240058729964517,
hold_60d,single:rpos5d,0.5471824287459381,0.006240058729964517,
hold_60d,single:sess_rpos,0.5517995181327886,0.006240058729964517,
hold_60d,single:vwap_dev_atr,0.5727556720792232,0.006240058729964517,
hold_60d,single:sess_ret_atr,0.5240390418664387,0.006240058729964517,
hold_60d,single:prevday_ret_datr,0.5573315758216608,0.006240058729964517,
hold_60d,single:datr_pct,0.39243690581379065,0.006240058729964517,
hold_60d,single:rvol_ratio,0.5800899034817079,0.006240058729964517,
hold_60d,single:tod_min,0.41327717986973167,0.006240058729964517,
hold_60d,single:mom15_atr,0.47932751036883603,0.006240058729964517,
hold_60d,single:mom30_atr,0.44458889194683043,0.006240058729964517,
hold_60d,single:mom60_atr,0.4668945637846373,0.006240058729964517,
hold_60d,single:lower_lows,0.48730632366219084,0.006240058729964517,
hold_60d,single:down_persist,0.5428345186880466,0.006240058729964517,
hold_60d,single:dist_sesslow_atr,0.47745411880585775,0.006240058729964517,
hold_60d,single:dist_pdl_atr,0.5337500181062328,0.006240058729964517,
hold_60d,single:gap_atr,0.5424627373727131,0.006240058729964517,
hold_60d,single:atr15,0.4074192099888465,0.006240058729964517,
hold_60d,oof:logit,0.34870737494737647,0.005499838240051763,6182.0
hold_60d,oof:l1,0.4056077538367331,0.005499838240051763,6182.0
hold_60d,oof:tree,0.4083035133376708,0.005499838240051763,6182.0
hold_60d,oof:flags,0.3879238585479735,0.005499838240051763,6182.0
mae_10pt,single:rpos1d,0.5066325368817396,0.2757861250458828,
mae_10pt,single:rpos5d,0.4996969589307769,0.2757861250458828,
mae_10pt,single:sess_rpos,0.5032676417048673,0.2757861250458828,
mae_10pt,single:vwap_dev_atr,0.49545400918912263,0.2757861250458828,
mae_10pt,single:sess_ret_atr,0.500160515075375,0.2757861250458828,
mae_10pt,single:prevday_ret_datr,0.478517701181268,0.2757861250458828,
mae_10pt,single:datr_pct,0.48985295874668866,0.2757861250458828,
mae_10pt,single:rvol_ratio,0.49209110030666886,0.2757861250458828,
mae_10pt,single:tod_min,0.5294771713308607,0.2757861250458828,
mae_10pt,single:mom15_atr,0.5047506540904998,0.2757861250458828,
mae_10pt,single:mom30_atr,0.5147907352632319,0.2757861250458828,
mae_10pt,single:mom60_atr,0.4999932166171742,0.2757861250458828,
mae_10pt,single:lower_lows,0.4960110710804077,0.2757861250458828,
mae_10pt,single:down_persist,0.5014507069933903,0.2757861250458828,
mae_10pt,single:dist_sesslow_atr,0.517311605221211,0.2757861250458828,
mae_10pt,single:dist_pdl_atr,0.5010066764976997,0.2757861250458828,
mae_10pt,single:gap_atr,0.5146067219501124,0.2757861250458828,
mae_10pt,single:atr15,0.485479400777698,0.2757861250458828,
mae_10pt,oof:logit,0.5386101856739087,0.28162406988029764,6182.0
mae_10pt,oof:l1,0.5290431790553819,0.28162406988029764,6182.0
mae_10pt,oof:tree,0.4990108359251251,0.28162406988029764,6182.0
mae_10pt,oof:flags,0.5201261520469863,0.28162406988029764,6182.0
mae_20pt,single:rpos1d,0.5266746229241785,0.16615685794689833,
mae_20pt,single:rpos5d,0.506046449560605,0.16615685794689833,
mae_20pt,single:sess_rpos,0.5106787094654972,0.16615685794689833,
mae_20pt,single:vwap_dev_atr,0.5032975968068358,0.16615685794689833,
mae_20pt,single:sess_ret_atr,0.5067773159138477,0.16615685794689833,
mae_20pt,single:prevday_ret_datr,0.4930605514777785,0.16615685794689833,
mae_20pt,single:datr_pct,0.4779189542257668,0.16615685794689833,
mae_20pt,single:rvol_ratio,0.4756078216962712,0.16615685794689833,
mae_20pt,single:tod_min,0.5431646059275379,0.16615685794689833,
mae_20pt,single:mom15_atr,0.5133492782640735,0.16615685794689833,
mae_20pt,single:mom30_atr,0.5178731616236816,0.16615685794689833,
mae_20pt,single:mom60_atr,0.5071842952337011,0.16615685794689833,
mae_20pt,single:lower_lows,0.49109696945467046,0.16615685794689833,
mae_20pt,single:down_persist,0.49854755979889287,0.16615685794689833,
mae_20pt,single:dist_sesslow_atr,0.5293901955424067,0.16615685794689833,
mae_20pt,single:dist_pdl_atr,0.5213996674147494,0.16615685794689833,
mae_20pt,single:gap_atr,0.5197667797254821,0.16615685794689833,
mae_20pt,single:atr15,0.46912105865407777,0.16615685794689833,
mae_20pt,oof:logit,0.52269038375921,0.17162730507926238,6182.0
mae_20pt,oof:l1,0.5209273930909686,0.17162730507926238,6182.0
mae_20pt,oof:tree,0.5344966605507693,0.17162730507926238,6182.0
mae_20pt,oof:flags,0.5179989218499493,0.17162730507926238,6182.0
mae_0.5atr,single:rpos1d,0.547997552117458,0.5250214119662303,
mae_0.5atr,single:rpos5d,0.5664690518993601,0.5250214119662303,
mae_0.5atr,single:sess_rpos,0.5357719168512364,0.5250214119662303,
mae_0.5atr,single:vwap_dev_atr,0.5231029420575348,0.5250214119662303,
mae_0.5atr,single:sess_ret_atr,0.5288297361298362,0.5250214119662303,
mae_0.5atr,single:prevday_ret_datr,0.5058492002058873,0.5250214119662303,
mae_0.5atr,single:datr_pct,0.41804705246150387,0.5250214119662303,
mae_0.5atr,single:rvol_ratio,0.49168535776509337,0.5250214119662303,
mae_0.5atr,single:tod_min,0.5285313449150307,0.5250214119662303,
mae_0.5atr,single:mom15_atr,0.49044448734762425,0.5250214119662303,
mae_0.5atr,single:mom30_atr,0.505741201856539,0.5250214119662303,
mae_0.5atr,single:mom60_atr,0.5071514537874523,0.5250214119662303,
mae_0.5atr,single:lower_lows,0.4882816388038129,0.5250214119662303,
mae_0.5atr,single:down_persist,0.4984795285196686,0.5250214119662303,
mae_0.5atr,single:dist_sesslow_atr,0.553578647471656,0.5250214119662303,
mae_0.5atr,single:dist_pdl_atr,0.5488717444260786,0.5250214119662303,
mae_0.5atr,single:gap_atr,0.5381092196491921,0.5250214119662303,
mae_0.5atr,single:atr15,0.3335982864822206,0.5250214119662303,
mae_0.5atr,oof:logit,0.6393786868293581,0.4998382400517632,6182.0
mae_0.5atr,oof:l1,0.6412505180924151,0.4998382400517632,6182.0
mae_0.5atr,oof:tree,0.6292523350791478,0.4998382400517632,6182.0
mae_0.5atr,oof:flags,0.5889361103086784,0.4998382400517632,6182.0
mae_1atr,single:rpos1d,0.5472264254450109,0.3597210326685428,
mae_1atr,single:rpos5d,0.5659186988382205,0.3597210326685428,
mae_1atr,single:sess_rpos,0.5339963483960372,0.3597210326685428,
mae_1atr,single:vwap_dev_atr,0.520565329131844,0.3597210326685428,
mae_1atr,single:sess_ret_atr,0.525753915172031,0.3597210326685428,
mae_1atr,single:prevday_ret_datr,0.5069631043703551,0.3597210326685428,
mae_1atr,single:datr_pct,0.4222890837970962,0.3597210326685428,
mae_1atr,single:rvol_ratio,0.48484441359192254,0.3597210326685428,
mae_1atr,single:tod_min,0.5419922431040063,0.3597210326685428,
mae_1atr,single:mom15_atr,0.49348866624807763,0.3597210326685428,
mae_1atr,single:mom30_atr,0.511511424749529,0.3597210326685428,
mae_1atr,single:mom60_atr,0.5083828620307286,0.3597210326685428,
mae_1atr,single:lower_lows,0.48611077528661,0.3597210326685428,
mae_1atr,single:down_persist,0.49951595773031177,0.3597210326685428,
mae_1atr,single:dist_sesslow_atr,0.5573800034059104,0.3597210326685428,
mae_1atr,single:dist_pdl_atr,0.5448306859529595,0.3597210326685428,
mae_1atr,single:gap_atr,0.5375236431281857,0.3597210326685428,
mae_1atr,single:atr15,0.3403224370199064,0.3597210326685428,
mae_1atr,oof:logit,0.6401929233824198,0.3398576512455516,6182.0
mae_1atr,oof:l1,0.6425525656619564,0.3398576512455516,6182.0
mae_1atr,oof:tree,0.6252910919421925,0.3398576512455516,6182.0
mae_1atr,oof:flags,0.5914201018149722,0.3398576512455516,6182.0
mae_2atr,single:rpos1d,0.5540634312258134,0.23100452710143154,
mae_2atr,single:rpos5d,0.5649790832355757,0.23100452710143154,
mae_2atr,single:sess_rpos,0.5358963111659453,0.23100452710143154,
mae_2atr,single:vwap_dev_atr,0.5206470460337365,0.23100452710143154,
mae_2atr,single:sess_ret_atr,0.5251497124576945,0.23100452710143154,
mae_2atr,single:prevday_ret_datr,0.5106073783423001,0.23100452710143154,
mae_2atr,single:datr_pct,0.4176960714911748,0.23100452710143154,
mae_2atr,single:rvol_ratio,0.4725061688443024,0.23100452710143154,
mae_2atr,single:tod_min,0.5656088615616952,0.23100452710143154,
mae_2atr,single:mom15_atr,0.5006792470638998,0.23100452710143154,
mae_2atr,single:mom30_atr,0.5176773205641627,0.23100452710143154,
mae_2atr,single:mom60_atr,0.5117487409489907,0.23100452710143154,
mae_2atr,single:lower_lows,0.48317751102301687,0.23100452710143154,
mae_2atr,single:down_persist,0.5022447598532961,0.23100452710143154,
mae_2atr,single:dist_sesslow_atr,0.5686675801949759,0.23100452710143154,
mae_2atr,single:dist_pdl_atr,0.549966037646805,0.23100452710143154,
mae_2atr,single:gap_atr,0.5354690428515567,0.23100452710143154,
mae_2atr,single:atr15,0.33551956501220287,0.23100452710143154,
mae_2atr,oof:logit,0.6546614543966315,0.2177288903267551,6182.0
mae_2atr,oof:l1,0.6557512870902603,0.2177288903267551,6182.0
mae_2atr,oof:tree,0.6312433402527109,0.2177288903267551,6182.0
mae_2atr,oof:flags,0.6133956784001121,0.2177288903267551,6182.0
