label,model,test_year,n_train,n_test,base_rate_test,auc,top10_rate,bottom50_rate
hold_1d,logit,2021,1991,1287,0.1351981351981352,0.6354473257531162,0.20930232558139536,0.08850931677018634
hold_1d,l1,2021,1991,1287,0.1351981351981352,0.625688054445374,0.20155038759689922,0.09006211180124224
hold_1d,tree,2021,1991,1287,0.1351981351981352,0.6072745298509774,0.1951219512195122,0.10488505747126436
hold_1d,flags,2021,1991,1287,0.1351981351981352,0.5500898472596586,0.15942028985507245,0.12632696390658174
hold_1d,logit,2022,3277,961,0.08532778355879292,0.5788173922694858,0.13402061855670103,0.07068607068607069
hold_1d,l1,2022,3277,961,0.08532778355879292,0.5841865756541524,0.15463917525773196,0.060291060291060294
hold_1d,tree,2022,3277,961,0.08532778355879292,0.5843045034545908,0.1574074074074074,0.06790123456790123
hold_1d,flags,2022,3277,961,0.08532778355879292,0.49702405727128945,0.109375,0.07659574468085106
hold_1d,logit,2023,4239,1155,0.11255411255411256,0.591842401500938,0.1896551724137931,0.0847750865051903
hold_1d,l1,2023,4239,1155,0.11255411255411256,0.6167279549718574,0.16379310344827586,0.06920415224913495
hold_1d,tree,2023,4239,1155,0.11255411255411256,0.5970919324577861,0.24166666666666667,0.09509803921568627
hold_1d,flags,2023,4239,1155,0.11255411255411256,0.6248480300187618,0.19245283018867926,0.08876404494382023
hold_1d,logit,2024,5394,1170,0.10170940170940171,0.5482013928311572,0.13675213675213677,0.0905982905982906
hold_1d,l1,2024,5394,1170,0.10170940170940171,0.5662314402449847,0.13675213675213677,0.08376068376068375
hold_1d,tree,2024,5394,1170,0.10170940170940171,0.5880913735617939,0.12437810945273632,0.07323568575233022
hold_1d,flags,2024,5394,1170,0.10170940170940171,0.590378111282572,0.16091954022988506,0.08175182481751825
hold_1d,logit,2025,6564,1175,0.09787234042553192,0.6603199343724364,0.2457627118644068,0.061224489795918366
hold_1d,l1,2025,6564,1175,0.09787234042553192,0.6721082854799015,0.288135593220339,0.05782312925170068
hold_1d,tree,2025,6564,1175,0.09787234042553192,0.6368047579983593,0.21212121212121213,0.06657018813314038
hold_1d,flags,2025,6564,1175,0.09787234042553192,0.6096882690730107,0.20114942528735633,0.07191316146540028
hold_1d,logit,2026,7735,434,0.07834101382488479,0.6099264705882353,0.18181818181818182,0.055299539170506916
hold_1d,l1,2026,7735,434,0.07834101382488479,0.6368382352941176,0.11363636363636363,0.055299539170506916
hold_1d,tree,2026,7735,434,0.07834101382488479,0.6246691176470588,0.18571428571428572,0.0546875
hold_1d,flags,2026,7735,434,0.07834101382488479,0.6172426470588235,0.13541666666666666,0.054474708171206226
hold_5d,logit,2021,1991,1287,0.041181041181041184,0.607611388030947,0.046511627906976744,0.031055900621118012
hold_5d,l1,2021,1991,1287,0.041181041181041184,0.5616189107366748,0.06976744186046512,0.03260869565217391
hold_5d,tree,2021,1991,1287,0.041181041181041184,0.5841488027889056,0.06457925636007827,0.02577319587628866
hold_5d,flags,2021,1991,1287,0.041181041181041184,0.5684306290327513,0.06666666666666667,0.03184713375796178
hold_5d,logit,2022,3270,961,0.054110301768990635,0.5638698485233139,0.09278350515463918,0.05197505197505198
hold_5d,l1,2022,3270,961,0.054110301768990635,0.5207963104002707,0.08247422680412371,0.05405405405405406
hold_5d,tree,2022,3270,961,0.054110301768990635,0.5558411610391809,0.0728744939271255,0.047619047619047616
hold_5d,flags,2022,3270,961,0.054110301768990635,0.5348332910214099,0.08024691358024691,0.05179282868525897
hold_5d,logit,2023,4238,1155,0.045021645021645025,0.5623125740986122,0.05172413793103448,0.04152249134948097
hold_5d,l1,2023,4238,1155,0.045021645021645025,0.5976183834298068,0.06896551724137931,0.031141868512110725
hold_5d,tree,2023,4238,1155,0.045021645021645025,0.5225172606178953,0.05660377358490566,0.04217687074829932
hold_5d,flags,2023,4238,1155,0.045021645021645025,0.6206761280424018,0.060498220640569395,0.04004576659038902
hold_5d,logit,2024,5392,1170,0.04188034188034188,0.5028491325165214,0.05128205128205128,0.044444444444444446
hold_5d,l1,2024,5392,1170,0.04188034188034188,0.5419541590052613,0.08547008547008547,0.035897435897435895
hold_5d,tree,2024,5392,1170,0.04188034188034188,0.6085492180815234,0.06766917293233082,0.03462749213011543
hold_5d,flags,2024,5392,1170,0.04188034188034188,0.5289282528354785,0.04878048780487805,0.03768115942028986
hold_5d,logit,2025,6561,1175,0.028085106382978724,0.5906172053282387,0.05084745762711865,0.02040816326530612
hold_5d,l1,2025,6561,1175,0.028085106382978724,0.5950750941994375,0.0423728813559322,0.023809523809523808
hold_5d,tree,2025,6561,1175,0.028085106382978724,0.6051186116860372,0.07142857142857142,0.021897810218978103
hold_5d,flags,2025,6561,1175,0.028085106382978724,0.5251684975853103,0.03333333333333333,0.02849002849002849
hold_5d,logit,2026,7733,434,0.029953917050691243,0.573908276996163,0.06818181818181818,0.02304147465437788
hold_5d,l1,2026,7733,434,0.029953917050691243,0.5960168097935319,0.022727272727272728,0.027649769585253458
hold_5d,tree,2026,7733,434,0.029953917050691243,0.5420244838297095,0.05,0.021604938271604937
hold_5d,flags,2026,7733,434,0.029953917050691243,0.5084048967659419,0.06451612903225806,0.02952029520295203
hold_20d,logit,2021,1991,1287,0.00777000777000777,0.6228660924040721,0.007751937984496124,0.004658385093167702
hold_20d,l1,2021,1991,1287,0.00777000777000777,0.6214565387627251,0.015503875968992248,0.0030959752321981426
hold_20d,tree,2021,1991,1287,0.00777000777000777,0.49749412685982775,0.013422818791946308,0.008185538881309686
hold_20d,flags,2021,1991,1287,0.00777000777000777,0.6661707126076742,0.005025125628140704,0.004261363636363636
hold_20d,logit,2022,3270,961,0.03329864724245578,0.5474636706135629,0.07216494845360824,0.035343035343035345
hold_20d,l1,2022,3270,961,0.03329864724245578,0.45102260495156077,0.030927835051546393,0.037422037422037424
hold_20d,tree,2022,3270,961,0.03329864724245578,0.46437701829924655,0.0,0.03562653562653563
hold_20d,flags,2022,3270,961,0.03329864724245578,0.40054830462863295,0.011428571428571429,0.04158004158004158
hold_20d,logit,2023,4238,1155,0.011255411255411256,0.6420584669271184,0.017241379310344827,0.006920415224913495
hold_20d,l1,2023,4238,1155,0.011255411255411256,0.5,0.011255411255411256,0.011255411255411256
hold_20d,tree,2023,4238,1155,0.011255411255411256,0.5348241950693791,0.014492753623188406,0.010548523206751054
hold_20d,flags,2023,4238,1155,0.011255411255411256,0.6736157887646504,0.022222222222222223,0.005119453924914676
hold_20d,logit,2024,5392,1170,0.01452991452991453,0.36329779092903425,0.0,0.018803418803418803
hold_20d,l1,2024,5392,1170,0.01452991452991453,0.42610070914749243,0.0,0.011965811965811967
hold_20d,tree,2024,5392,1170,0.01452991452991453,0.43018213356461404,0.0,0.01684836471754212
hold_20d,flags,2024,5392,1170,0.01452991452991453,0.3454415591041273,0.003205128205128205,0.024834437086092714
hold_20d,logit,2025,6558,1175,0.005957446808510639,0.3901663405088063,0.0,0.008503401360544218
hold_20d,l1,2025,6558,1175,0.005957446808510639,0.3653375733855186,0.00847457627118644,0.008503401360544218
hold_20d,tree,2025,6558,1175,0.005957446808510639,0.48630136986301364,0.006363636363636364,0.006554307116104869
hold_20d,flags,2025,6558,1175,0.005957446808510639,0.239114481409002,0.0,0.011164274322169059
hold_20d,logit,2026,7732,434,0.01152073732718894,0.5613053613053613,0.0,0.004608294930875576
hold_20d,l1,2026,7732,434,0.01152073732718894,0.3613053613053613,0.0,0.018433179723502304
hold_20d,tree,2026,7732,434,0.01152073732718894,0.4592074592074592,0.01152073732718894,0.012531328320802004
hold_20d,flags,2026,7732,434,0.01152073732718894,0.5927738927738928,0.018867924528301886,0.011811023622047244
hold_60d,logit,2021,1991,1287,0.0,,0.0,0.0
hold_60d,l1,2021,1991,1287,0.0,,0.0,0.0
hold_60d,tree,2021,1991,1287,0.0,,0.0,0.0
hold_60d,flags,2021,1991,1287,0.0,,0.0,0.0
hold_60d,logit,2022,3270,961,0.021852237252861603,0.6003039513677811,0.05154639175257732,0.02079002079002079
hold_60d,l1,2022,3270,961,0.021852237252861603,0.5,0.021852237252861603,0.021852237252861603
hold_60d,tree,2022,3270,961,0.021852237252861603,0.5081560283687944,0.01818181818181818,0.021220159151193633
hold_60d,flags,2022,3270,961,0.021852237252861603,0.41727456940222896,0.0,0.026156941649899398
hold_60d,logit,2023,4238,1155,0.003463203463203463,0.6379235447437012,0.008620689655172414,0.0017301038062283738
hold_60d,l1,2023,4238,1155,0.003463203463203463,0.5,0.003463203463203463,0.003463203463203463
hold_60d,tree,2023,4238,1155,0.003463203463203463,0.7026498696785404,0.012578616352201259,0.002008032128514056
hold_60d,flags,2023,4238,1155,0.003463203463203463,0.6455256298870548,0.005128205128205128,0.00261437908496732
hold_60d,logit,2024,5392,1170,0.004273504273504274,0.5613733905579399,0.0,0.0017094017094017094
hold_60d,l1,2024,5392,1170,0.004273504273504274,0.1824892703862661,0.0,0.008547008547008548
hold_60d,tree,2024,5392,1170,0.004273504273504274,0.1763948497854077,0.0,0.0046210720887245845
hold_60d,flags,2024,5392,1170,0.004273504273504274,0.2764806866952789,0.0,0.007974481658692184
hold_60d,logit,2025,6553,1175,0.003404255319148936,0.6148590947907772,0.0,0.0017006802721088435
hold_60d,l1,2025,6553,1175,0.003404255319148936,0.7179760888129803,0.0,0.0
hold_60d,tree,2025,6553,1175,0.003404255319148936,0.23484201537147736,0.0,0.006420545746388443
hold_60d,flags,2025,6553,1175,0.003404255319148936,0.7713492741246798,0.00847457627118644,0.0
hold_60d,logit,2026,7732,434,0.0,,0.0,0.0
hold_60d,l1,2026,7732,434,0.0,,0.0,0.0
hold_60d,tree,2026,7732,434,0.0,,0.0,0.0
hold_60d,flags,2026,7732,434,0.0,,0.0,0.0
mae_10pt,logit,2021,1991,1287,0.2851592851592852,0.5946925719701457,0.46511627906976744,0.22981366459627328
mae_10pt,l1,2021,1991,1287,0.2851592851592852,0.5986227935078783,0.4573643410852713,0.2127329192546584
mae_10pt,tree,2021,1991,1287,0.2851592851592852,0.49110591162184575,0.26973684210526316,0.28992878942014244
mae_10pt,flags,2021,1991,1287,0.2851592851592852,0.5604238241914465,0.34558823529411764,0.26180836707152494
mae_10pt,logit,2022,3270,961,0.28199791883454733,0.5275415797636237,0.3711340206185567,0.2806652806652807
mae_10pt,l1,2022,3270,961,0.28199791883454733,0.511048719182844,0.29896907216494845,0.28274428274428276
mae_10pt,tree,2022,3270,961,0.28199791883454733,0.48568105246269855,0.27927927927927926,0.29300567107750475
mae_10pt,flags,2022,3270,961,0.28199791883454733,0.47392641317717527,0.22992700729927007,0.3027656477438137
mae_10pt,logit,2023,4218,1155,0.2571428571428571,0.5085470085470085,0.25,0.24740484429065743
mae_10pt,l1,2023,4218,1155,0.2571428571428571,0.5115922237134358,0.23275862068965517,0.23529411764705882
mae_10pt,tree,2023,4218,1155,0.2571428571428571,0.4884901854598824,0.21008403361344538,0.2622549019607843
mae_10pt,flags,2023,4218,1155,0.2571428571428571,0.5227096136187046,0.2669683257918552,0.2453102453102453
mae_10pt,logit,2024,5388,1170,0.2905982905982906,0.5528844790928419,0.41025641025641024,0.2564102564102564
mae_10pt,l1,2024,5388,1170,0.2905982905982906,0.5326364280652021,0.41025641025641024,0.26666666666666666
mae_10pt,tree,2024,5388,1170,0.2905982905982906,0.5207778171509568,0.3468208092485549,0.28084252758274825
mae_10pt,flags,2024,5388,1170,0.2905982905982906,0.5125460666194189,0.2920962199312715,0.28115015974440893
mae_10pt,logit,2025,6553,1175,0.2919148936170213,0.51744365328549,0.3474576271186441,0.28061224489795916
mae_10pt,l1,2025,6553,1175,0.2919148936170213,0.5138834379905808,0.3559322033898305,0.27721088435374147
mae_10pt,tree,2025,6553,1175,0.2919148936170213,0.49144812457950215,0.2855579868708972,0.29059040590405905
mae_10pt,flags,2025,6553,1175,0.2919148936170213,0.5116723200269119,0.33516483516483514,0.2940379403794038
mae_10pt,logit,2026,7732,434,0.2834101382488479,0.5291349698062897,0.25,0.28110599078341014
mae_10pt,l1,2026,7732,434,0.2834101382488479,0.5055289781193631,0.29545454545454547,0.2995391705069124
mae_10pt,tree,2026,7732,434,0.2834101382488479,0.5408987530389773,0.35555555555555557,0.2511415525114155
mae_10pt,flags,2026,7732,434,0.2834101382488479,0.5248869369722637,0.3,0.2736156351791531
mae_20pt,logit,2021,1991,1287,0.17404817404817405,0.5274240693455181,0.20930232558139536,0.15993788819875776
mae_20pt,l1,2021,1991,1287,0.17404817404817405,0.5272938785109529,0.13178294573643412,0.15217391304347827
mae_20pt,tree,2021,1991,1287,0.17404817404817405,0.5547242474129821,0.32432432432432434,0.15452151009657594
mae_20pt,flags,2021,1991,1287,0.17404817404817405,0.5257672859830668,0.17708333333333334,0.1650485436893204
mae_20pt,logit,2022,3270,961,0.1696149843912591,0.5304672724756677,0.25773195876288657,0.1600831600831601
mae_20pt,l1,2022,3270,961,0.1696149843912591,0.517551547580608,0.2268041237113402,0.1600831600831601
mae_20pt,tree,2022,3270,961,0.1696149843912591,0.5407921644602304,0.20192307692307693,0.15775034293552812
mae_20pt,flags,2022,3270,961,0.1696149843912591,0.5023063794455465,0.203125,0.16244411326378538
mae_20pt,logit,2023,4218,1155,0.15324675324675324,0.5376301225838503,0.1724137931034483,0.13494809688581316
mae_20pt,l1,2023,4218,1155,0.15324675324675324,0.5516908714891454,0.16379310344827586,0.11937716262975778
mae_20pt,tree,2023,4218,1155,0.15324675324675324,0.5351894215105195,0.15204678362573099,0.13920454545454544
mae_20pt,flags,2023,4218,1155,0.15324675324675324,0.5393082850969926,0.171875,0.14610778443113773
mae_20pt,logit,2024,5388,1170,0.17606837606837608,0.499013012125851,0.18803418803418803,0.17094017094017094
mae_20pt,l1,2024,5388,1170,0.17606837606837608,0.48431897836683724,0.1452991452991453,0.17777777777777778
mae_20pt,tree,2024,5388,1170,0.17606837606837608,0.5152781694396326,0.20149253731343283,0.17333333333333334
mae_20pt,flags,2024,5388,1170,0.17606837606837608,0.5170179873504411,0.18556701030927836,0.16613418530351437
mae_20pt,logit,2025,6553,1175,0.17872340425531916,0.521292869479398,0.2457627118644068,0.16666666666666666
mae_20pt,l1,2025,6553,1175,0.17872340425531916,0.5309104367135455,0.2542372881355932,0.1717687074829932
mae_20pt,tree,2025,6553,1175,0.17872340425531916,0.5498050826548235,0.2440944881889764,0.1607843137254902
mae_20pt,flags,2025,6553,1175,0.17872340425531916,0.5072341475450284,0.19101123595505617,0.16951566951566951
mae_20pt,logit,2026,7732,434,0.18663594470046083,0.5375091805686706,0.1590909090909091,0.15668202764976957
mae_20pt,l1,2026,7732,434,0.18663594470046083,0.5228552442905606,0.18181818181818182,0.17511520737327188
mae_20pt,tree,2026,7732,434,0.18663594470046083,0.5245864372398839,0.23809523809523808,0.1782178217821782
mae_20pt,flags,2026,7732,434,0.18663594470046083,0.5419508271255202,0.1595744680851064,0.16606498194945848
mae_0.5atr,logit,2021,1991,1287,0.5796425796425796,0.6454460759292939,0.7674418604651163,0.4673913043478261
mae_0.5atr,l1,2021,1991,1287,0.5796425796425796,0.6524160897553433,0.8294573643410853,0.47360248447204967
mae_0.5atr,tree,2021,1991,1287,0.5796425796425796,0.6416042677397135,0.7666666666666667,0.5349514563106796
mae_0.5atr,flags,2021,1991,1287,0.5796425796425796,0.6090659735471498,0.7368421052631579,0.4938080495356037
mae_0.5atr,logit,2022,3270,961,0.4016649323621228,0.5847623338589772,0.5670103092783505,0.35343035343035345
mae_0.5atr,l1,2022,3270,961,0.4016649323621228,0.5836314485244425,0.5670103092783505,0.35343035343035345
mae_0.5atr,tree,2022,3270,961,0.4016649323621228,0.5675625140797476,0.5086206896551724,0.35628227194492257
mae_0.5atr,flags,2022,3270,961,0.4016649323621228,0.5364834422167155,0.4642857142857143,0.38650306748466257
mae_0.5atr,logit,2023,4218,1155,0.5333333333333333,0.6028148567573428,0.6896551724137931,0.44982698961937717
mae_0.5atr,l1,2023,4218,1155,0.5333333333333333,0.6149465098908513,0.7327586206896551,0.4411764705882353
mae_0.5atr,tree,2023,4218,1155,0.5333333333333333,0.5832259113799003,0.60431654676259,0.4932249322493225
mae_0.5atr,flags,2023,4218,1155,0.5333333333333333,0.5579717128882249,0.6125,0.4991364421416235
mae_0.5atr,logit,2024,5388,1170,0.517948717948718,0.616128900124055,0.7777777777777778,0.4393162393162393
mae_0.5atr,l1,2024,5388,1170,0.517948717948718,0.6150375675865458,0.8034188034188035,0.4393162393162393
mae_0.5atr,tree,2024,5388,1170,0.517948717948718,0.6029670786227559,0.6123711340206186,0.4377104377104377
mae_0.5atr,flags,2024,5388,1170,0.517948717948718,0.5572276642557873,0.595,0.4949053857350801
mae_0.5atr,logit,2025,6553,1175,0.4714893617021277,0.6538103792067063,0.6779661016949152,0.3622448979591837
mae_0.5atr,l1,2025,6553,1175,0.4714893617021277,0.6525517826726428,0.6864406779661016,0.36054421768707484
mae_0.5atr,tree,2025,6553,1175,0.4714893617021277,0.6309536266764332,0.6273291925465838,0.40445026178010474
mae_0.5atr,flags,2025,6553,1175,0.4714893617021277,0.5979002075376271,0.625,0.3997113997113997
mae_0.5atr,logit,2026,7732,434,0.41935483870967744,0.5982033839176697,0.6363636363636364,0.35944700460829493
mae_0.5atr,l1,2026,7732,434,0.41935483870967744,0.5967861503575789,0.6818181818181818,0.3640552995391705
mae_0.5atr,tree,2026,7732,434,0.41935483870967744,0.5943005407291121,0.66,0.378839590443686
mae_0.5atr,flags,2026,7732,434,0.41935483870967744,0.5603741496598639,0.6323529411764706,0.40148698884758366
mae_1atr,logit,2021,1991,1287,0.42035742035742035,0.6399404340091084,0.5581395348837209,0.31211180124223603
mae_1atr,l1,2021,1991,1287,0.42035742035742035,0.6465090463990326,0.5658914728682171,0.30434782608695654
mae_1atr,tree,2021,1991,1287,0.42035742035742035,0.6382369556922193,0.6538461538461539,0.3881520778072502
mae_1atr,flags,2021,1991,1287,0.42035742035742035,0.5963338668833904,0.5263157894736842,0.34520123839009287
mae_1atr,logit,2022,3270,961,0.26742976066597296,0.6241598868058011,0.44329896907216493,0.20374220374220375
mae_1atr,l1,2022,3270,961,0.26742976066597296,0.6245357269189954,0.4639175257731959,0.2079002079002079
mae_1atr,tree,2022,3270,961,0.26742976066597296,0.6048179386275203,0.42441860465116277,0.20926243567753003
mae_1atr,flags,2022,3270,961,0.26742976066597296,0.5193060222851079,0.3,0.27053140096618356
mae_1atr,logit,2023,4218,1155,0.35324675324675325,0.5861222668451584,0.4827586206896552,0.2958477508650519
mae_1atr,l1,2023,4218,1155,0.35324675324675325,0.5976192351103762,0.47413793103448276,0.29411764705882354
mae_1atr,tree,2023,4218,1155,0.35324675324675325,0.566330682205948,0.3598130841121495,0.2950257289879931
mae_1atr,flags,2023,4218,1155,0.35324675324675325,0.5777817150956769,0.4563758389261745,0.3163934426229508
mae_1atr,logit,2024,5388,1170,0.3418803418803419,0.6354902597402597,0.6324786324786325,0.2512820512820513
mae_1atr,l1,2024,5388,1170,0.3418803418803419,0.6278766233766233,0.6666666666666666,0.27350427350427353
mae_1atr,tree,2024,5388,1170,0.3418803418803419,0.5946103896103896,0.4185022026431718,0.2898936170212766
mae_1atr,flags,2024,5388,1170,0.3418803418803419,0.5662337662337662,0.44086021505376344,0.3123249299719888
mae_1atr,logit,2025,6553,1175,0.3140425531914894,0.6481302157934731,0.5508474576271186,0.22448979591836735
mae_1atr,l1,2025,6553,1175,0.3140425531914894,0.6505342720921006,0.5932203389830508,0.2227891156462585
mae_1atr,tree,2025,6553,1175,0.3140425531914894,0.6272082013624106,0.5207373271889401,0.22388059701492538
mae_1atr,flags,2025,6553,1175,0.3140425531914894,0.6038905364239747,0.4444444444444444,0.24242424242424243
mae_1atr,logit,2026,7732,434,0.2903225806451613,0.5859616573902289,0.5227272727272727,0.2534562211981567
mae_1atr,l1,2026,7732,434,0.2903225806451613,0.5821222428365286,0.5227272727272727,0.24423963133640553
mae_1atr,tree,2026,7732,434,0.2903225806451613,0.5803056070913214,0.453125,0.23931623931623933
mae_1atr,flags,2026,7732,434,0.2903225806451613,0.5996959389816532,0.5076923076923077,0.2527881040892193
mae_2atr,logit,2021,1991,1287,0.2812742812742813,0.6511333432880394,0.3643410852713178,0.17701863354037267
mae_2atr,l1,2021,1991,1287,0.2812742812742813,0.6594505002239808,0.3953488372093023,0.17546583850931677
mae_2atr,tree,2021,1991,1287,0.2812742812742813,0.6568538151411079,0.4230769230769231,0.20710059171597633
mae_2atr,flags,2021,1991,1287,0.2812742812742813,0.630391219949231,0.3458646616541353,0.19497784342688332
mae_2atr,logit,2022,3270,961,0.16024973985431842,0.6514427332271198,0.29896907216494845,0.10395010395010396
mae_2atr,l1,2022,3270,961,0.16024973985431842,0.6433560243969166,0.30927835051546393,0.10810810810810811
mae_2atr,tree,2022,3270,961,0.16024973985431842,0.6158169587537616,0.2202797202797203,0.1348148148148148
mae_2atr,flags,2022,3270,961,0.16024973985431842,0.5459534269943191,0.2,0.15458937198067632
mae_2atr,logit,2023,4218,1155,0.21991341991341992,0.6007847798159525,0.2672413793103448,0.1695501730103806
mae_2atr,l1,2023,4218,1155,0.21991341991341992,0.608029573439835,0.28448275862068967,0.16608996539792387
mae_2atr,tree,2023,4218,1155,0.21991341991341992,0.5567108287379727,0.265625,0.2089864158829676
mae_2atr,flags,2023,4218,1155,0.21991341991341992,0.5984951104197435,0.3221476510067114,0.17868852459016393
mae_2atr,logit,2024,5388,1170,0.2264957264957265,0.6585051600125091,0.49572649572649574,0.1623931623931624
mae_2atr,l1,2024,5388,1170,0.2264957264957265,0.6486604816011675,0.5128205128205128,0.18461538461538463
mae_2atr,tree,2024,5388,1170,0.2264957264957265,0.6260335661419785,0.3125,0.17616580310880828
mae_2atr,flags,2024,5388,1170,0.2264957264957265,0.5814177004065464,0.3172043010752688,0.19747899159663865
mae_2atr,logit,2025,6553,1175,0.19659574468085106,0.6528450363196125,0.423728813559322,0.12414965986394558
mae_2atr,l1,2025,6553,1175,0.19659574468085106,0.6556515518379925,0.4322033898305085,0.12414965986394558
mae_2atr,tree,2025,6553,1175,0.19659574468085106,0.6278753026634383,0.3546511627906977,0.13245033112582782
mae_2atr,flags,2025,6553,1175,0.19659574468085106,0.6153216486902927,0.3160919540229885,0.13975576662143827
mae_2atr,logit,2026,7732,434,0.18433179723502305,0.6259887005649717,0.3409090909090909,0.1382488479262673
mae_2atr,l1,2026,7732,434,0.18433179723502305,0.6155720338983051,0.36363636363636365,0.14285714285714285
mae_2atr,tree,2026,7732,434,0.18433179723502305,0.5852577683615818,0.3333333333333333,0.15447154471544716
mae_2atr,flags,2026,7732,434,0.18433179723502305,0.6098870056497174,0.3958333333333333,0.1551155115511551
