exp,name,family,module,control,cfg,exec,realized,unreal_end,total_mtm,open_qty_end,max_mtm_dd,max_dd_trough,worst_cycle,min_equity,underwater_days,pf,trades,trades_day,cost,roll_cost,inv_avg,inv_p95,inv_max,share16,share_gt24,share32,lock32_days,gt24_days,sat_days,peak_notional,avg_notional,min_excess_2500,ret_over_dd,ret_per_avg_notional,rec_trades_day,rec_pnl,rec_loss_realized,rec_rotations,rec_full_share,rec_zero_free_days,rec_free_avg,rec_max,no_fill_days,no_entry_days,active_day_share,core_trades_day,p1921_mtm,p1921_dd,p22_mtm,p22_dd,p23p_mtm,p23p_dd,worst_year_mtm,pos_years,n_years,w20_dd,w20_lock,w20_share32,w20_trades,w20_rec_trades,w20_gt24_days,w2223_dd,w2223_lock,w2223_share32,w2223_trades,w2223_rec_trades,w2223_gt24_days,w25_dd,w25_lock,w25_share32,w25_trades,w25_rec_trades,w25_gt24_days,runtime_s,emerg_trades_day,emerg_pnl,emerg_loss_realized,emerg_rotations,emerg_full_share,emerg_zero_free_days,emerg_free_avg,emerg_max
FACTORY_S4b,Y_fl12_12_Q,Y,D_float|Q_recovery,BASE,"{""core_cap"": 12, ""rec_activation"": ""always"", ""rec_anchor"": ""low60"", ""rec_cap"": 12, ""rec_spacing"": ""float"", ""rec_step"": 5.0, ""rec_tp"": 3.0, ""recovery"": {""h"": 12, ""layer_x"": 5.0, ""rec_step"": 10.0, ""rec_tp"": 2.0}}",{},249234.75000004147,560.0,249794.75000004144,4,-117350.91999999556,2022-10-13,-121521.25,103093.14000000004,744.8659722222222,129.75821782382135,6266,3.5341229554427525,17282.74999999882,826.68,11.70317661331219,22.0,22,0.21211556618971705,0.0,0.0,0.0,0.0,0.0,508743.75,262386.76806982496,73093.14000000004,2.1286134782756787,0.952009706272869,2.673434856175973,76677.40000000002,0.0,0,0.09811414850905383,160.01041666666666,7.887082855870067,12,160.01041666666666,160.05555555555554,0.8776085730400451,0.8606880992667795,110622.99000000651,-69743.06999999989,-78495.54999999545,-117350.91999999556,217729.14000003034,-94026.24999999895,-78495.54999999545,7,8,-69743.06999999989,0,0.0,406,346,0.0,-117350.91999999556,0.0,0.0,962,954,0.0,-94026.24999999895,0,0.0,508,450,0.0,50.56122946739197,,,,,,,,
FACTORY_S4b,Y_fl12_20_Q,Y,D_float|Q_recovery,BASE,"{""core_cap"": 12, ""rec_activation"": ""always"", ""rec_anchor"": ""low60"", ""rec_cap"": 20, ""rec_spacing"": ""float"", ""rec_step"": 5.0, ""rec_tp"": 3.0, ""recovery"": {""h"": 12, ""layer_x"": 5.0, ""rec_step"": 10.0, ""rec_tp"": 2.0}}",{},255181.0300000461,560.0,255741.03000004613,4,-116428.05999999464,2022-10-13,-121560.0,103093.14000000004,708.0944444444444,132.82509319712477,6765,3.8155668358714045,18555.219999999004,836.64,11.77931671154121,22.0,27,0.21211556618971705,0.0056567139507061786,0.0,0.0,6.913888888888889,0.0,535795.0,263904.3368718148,73093.14000000004,2.1965583726127353,0.9690671742324045,2.9548787366046247,82633.64000000001,0.0,0,0.0,0.0,15.810942757641046,17,5.1819444444444445,5.764583333333333,0.9655950366610265,0.8606880992667795,110622.99000000651,-69743.06999999989,-75376.33999999327,-116428.05999999464,220556.21000003285,-94026.24999999895,-75376.33999999327,7,8,-69743.06999999989,0,0.0,406,346,0.0,-116428.05999999464,0.0,0.0,1461,1453,6.913888888888889,-94026.24999999895,0,0.0,508,450,0.0,51.08051013946533,,,,,,,,
FACTORY_S4b,Y_fl20_12_Q,Y,D_float|Q_recovery,BASE,"{""core_cap"": 20, ""rec_activation"": ""always"", ""rec_anchor"": ""low60"", ""rec_cap"": 12, ""rec_spacing"": ""float"", ""rec_step"": 5.0, ""rec_tp"": 3.0, ""recovery"": {""h"": 20, ""layer_x"": 5.0, ""rec_step"": 10.0, ""rec_tp"": 2.0}}",{},318998.7000000475,560.0,319558.7000000475,4,-129698.27999999549,2022-10-13,-134026.25,76628.81000000011,744.9069444444444,33.10526146794514,6857,3.867456288776086,18911.29999999915,961.1400000000001,13.306092944937395,24.0,24,0.40373920279277487,0.0,0.0,0.0,0.0,0.0,743610.0,296865.72202602256,31628.810000000114,2.4638622809805852,1.0764418937260656,2.7168640721940216,79200.67000000001,0.0,0,0.09811414850905383,160.01041666666666,7.844626682094917,12,160.01041666666666,160.05555555555554,0.8804286520022561,1.1505922165820643,131502.50000000867,-102328.0499999999,-87929.14999999537,-129698.27999999549,276029.68000003416,-100591.21999999892,-87929.14999999537,7,8,-102328.0499999999,0,0.0,421,352,0.0,-129698.27999999549,0.0,0.0,967,956,0.0,-100591.21999999892,0,0.0,535,452,0.0,57.471458435058594,,,,,,,,
FACTORY_S4b,Y_fl16_16_Q,Y,D_float|Q_recovery,BASE,"{""core_cap"": 16, ""rec_activation"": ""always"", ""rec_anchor"": ""low60"", ""rec_cap"": 16, ""rec_spacing"": ""float"", ""rec_step"": 5.0, ""rec_tp"": 3.0, ""recovery"": {""h"": 16, ""layer_x"": 5.0, ""rec_step"": 10.0, ""rec_tp"": 2.0}}",{},291465.74000004947,560.0,292025.74000004947,4,-128924.23999999464,2022-10-13,-134065.0,99742.87000000005,712.8104166666667,53.69162580396355,7077,3.991539763113367,19389.259999999504,921.3000000000001,12.914600149612939,24.0,28,0.32741699143507946,0.04816612079423738,0.0,0.0,42.975,0.0,619740.0,289700.1596309127,67242.87000000005,2.2650956872040635,1.0080275425878247,2.987591652566272,84372.97,0.0,0,0.0017006564477853642,4.820833333333334,11.77309684776183,16,5.1819444444444445,5.764583333333333,0.9655950366610265,1.0039481105470953,116868.76000000758,-76282.4899999999,-84564.99999999325,-128924.23999999464,259783.8100000351,-100879.98999999894,-84564.99999999325,7,8,-76282.4899999999,0,0.0,413,352,0.0,-128924.23999999464,0.0,0.0,1451,1442,42.975,-100879.98999999894,0,0.0,525,451,0.0,59.38407850265503,,,,,,,,
FACTORY_S4b,Y_fl16_16_low30_Q,Y,D_float_anchor|Q_recovery,BASE,"{""core_cap"": 16, ""rec_activation"": ""always"", ""rec_anchor"": ""low30"", ""rec_cap"": 16, ""rec_spacing"": ""float"", ""rec_step"": 5.0, ""rec_tp"": 3.0, ""recovery"": {""h"": 16, ""layer_x"": 5.0, ""rec_step"": 10.0, ""rec_tp"": 2.0}}",{},300117.42000005906,586.25,300703.67000005906,5,-140234.41999999312,2022-10-13,-146870.0,100137.34,708.1173611111111,67.25753361353784,8286,4.673434856175973,22602.58000000144,973.59,13.719122719033063,27.0,28,0.35136766959635324,0.11877418252218278,0.0,0.0,279.9590277777778,0.0,603096.25,306480.7731963096,64303.15000001679,2.1442928918597435,0.9811501937429853,3.7247602932882122,102454.79000000001,0.0,0,0.027202097943242343,24.867361111111112,10.847483056474681,16,24.867361111111112,25.002083333333335,0.970107163000564,0.9486745628877609,121911.1000000097,-76221.1699999999,-90419.69999999128,-140234.41999999312,269269.0900000406,-100712.24999999872,-90419.69999999128,7,8,-76221.1699999999,0,0.0,523,462,0.0,-140234.41999999312,0.0,0.0,1754,1745,279.9590277777778,-100712.24999999872,0,0.0,650,575,0.0,58.58743500709534,,,,,,,,
FACTORY_S4b,Y_fl24_8_Q,Y,D_float|Q_recovery,BASE,"{""core_cap"": 24, ""rec_activation"": ""always"", ""rec_anchor"": ""low60"", ""rec_cap"": 8, ""rec_spacing"": ""float"", ""rec_step"": 5.0, ""rec_tp"": 3.0, ""recovery"": {""h"": 24, ""layer_x"": 5.0, ""rec_step"": 10.0, ""rec_tp"": 2.0}}",{},343353.54000004585,560.0,343913.54000004585,4,-156335.16999999917,2025-04-06,-152232.5,59680.580000000016,747.7513888888889,15.958494385439066,6577,3.7095318668922728,18336.45999999875,996.0,13.78006337536878,22.0,26,0.49427884601914707,0.0037837504657893483,0.0,0.0,4.04375,0.0,826500.0,310127.75588645664,7180.580000000016,2.199847545501423,1.1089415038554589,2.4568527918781724,73758.56000000003,0.0,0,0.17869640620753613,298.73819444444445,4.305419126361295,8,298.73819444444445,298.83680555555554,0.8082346305696559,1.2526790750141004,137603.89000000956,-117558.61999999991,-81310.58999999659,-116464.67999999673,287664.57000003284,-156335.16999999917,-81310.58999999659,7,8,-117558.61999999991,0,0.0,425,352,0.0006944444444444445,-116464.67999999673,0.0,0.0,671,656,0.0,-156335.16999999917,0,0.0,430,310,0.0,63.41516613960266,,,,,,,,
FACTORY_S4b,Y_fl16_16_vwap_Q,Y,D_float_anchor|Q_recovery,BASE,"{""core_cap"": 16, ""rec_activation"": ""always"", ""rec_anchor"": ""vwap"", ""rec_cap"": 16, ""rec_spacing"": ""float"", ""rec_step"": 5.0, ""rec_tp"": 3.0, ""recovery"": {""h"": 16, ""layer_x"": 5.0, ""rec_step"": 10.0, ""rec_tp"": 2.0}}",{},330832.6500000822,560.0,331392.6500000822,4,-164088.81999999448,2022-10-13,-169800.0,68968.09000000049,749.11875,118.52302958848041,12322,6.949802594472645,32828.6000000079,1098.0900000000004,15.737308816236647,28.0,28,0.4828211284850149,0.26218266787328287,0.0,0.0,617.8284722222222,0.0,824906.25,349438.7389418807,3968.0900000004913,2.019593108172107,0.9483569308988379,6.111111111111111,161038.35000000003,0.0,0,0.25473704265089475,461.9173611111111,8.671742486432573,16,461.9173611111111,462.075,0.7163000564015792,0.8386914833615341,140869.8300000144,-107882.31999999942,-114933.85999999417,-164088.81999999448,305448.4900000619,-139885.11999999563,-114933.85999999417,7,8,-107882.31999999942,0,0.0,1466,1408,5.733333333333333,-164088.81999999448,0.0,0.0,723,715,617.8284722222222,-139885.11999999563,0,0.0,1025,971,0.0,55.99043846130371,,,,,,,,
FACTORY_S4b,Y_fl16_16_Q_gov,Y,D_float|Q_recovery|M_gov,BASE,"{""core_cap"": 16, ""gov"": ""atr_spike"", ""gov_action"": ""core"", ""gov_x"": 1.5, ""rec_activation"": ""always"", ""rec_anchor"": ""low60"", ""rec_cap"": 16, ""rec_spacing"": ""float"", ""rec_step"": 5.0, ""rec_tp"": 3.0, ""recovery"": {""h"": 16, ""layer_x"": 5.0, ""rec_step"": 10.0, ""rec_tp"": 2.0}}",{},284653.1600000484,560.0,285213.1600000484,4,-128924.23999999464,2022-10-13,-134065.0,92221.96000000002,712.8104166666667,56.40396461839044,6952,3.9210377890580936,19058.0899999993,901.38,12.731273867326383,24.0,28,0.31870918214394783,0.04816612079423738,0.0,0.0,42.975,0.0,627533.75,284134.0909437943,57221.96000000002,2.2122539562774253,1.0037977458201859,2.991539763113367,85709.29000000001,0.0,0,0.0017006564477853642,4.820833333333334,11.764471689813712,16,5.1819444444444445,5.764583333333333,0.9633389734912577,0.9294980259447264,110730.31000000678,-81516.86999999991,-84564.99999999322,-128924.23999999464,259109.6800000348,-100879.98999999894,-84564.99999999322,7,8,-81516.86999999991,0,0.0,404,353,0.0,-128924.23999999464,0.0,0.0,1451,1442,42.975,-100879.98999999894,0,0.0,523,450,0.0,56.059680461883545,,,,,,,,
FACTORY_S4b,Y_fl16_16_tiers,Y,D_float|C_tiers,BASE,"{""core_cap"": 16, ""rec_activation"": ""always"", ""rec_anchor"": ""low60"", ""rec_cap"": 16, ""rec_spacing"": ""float"", ""rec_step"": 5.0, ""rec_tp"": 3.0, ""spacing"": ""tiers"", ""tiers"": [[8, 5.0], [16, 10.0]]}",{},389568.2100000506,560.0,390128.2100000506,4,-167900.3299999953,2022-10-13,-174628.75,77185.78999999992,713.64375,14.47601624936574,7124,4.01804850535815,19936.789999999575,1108.05,16.25957424752256,32.0,32,0.5782750244451853,0.20460690180740276,0.07399816766175148,58.80625,453.09444444444443,58.80625,796320.0,362120.8990925163,29685.78999999992,2.3235702395585616,1.077342431706431,2.849971799210378,97070.53,0.0,0,0.07399816766175148,58.80625,11.071483605615809,16,58.80625,58.858333333333334,0.9114495205865765,1.1680767061477721,152454.12000000977,-105928.67000000027,-111176.98999999481,-167900.3299999953,348895.4100000356,-160778.50999999885,-111176.98999999481,7,8,-105928.67000000027,0,0.0,442,372,0.0,-167900.3299999953,58.80625,0.26108252645522256,1097,1091,453.09444444444443,-160778.50999999885,0,0.0,594,478,6.0125,28.653465747833252,,,,,,,,
FACTORY_S4b,Y_fl16_16_cap24,Y,D_float|N_cap24,BASE,"{""cap_total"": 24, ""core_cap"": 16, ""rec_activation"": ""always"", ""rec_anchor"": ""low60"", ""rec_cap"": 16, ""rec_spacing"": ""float"", ""rec_step"": 5.0, ""rec_tp"": 3.0}",{},387678.39000004414,560.0,388238.39000004414,4,-156053.9899999993,2025-04-06,-152232.5,75604.31000000006,749.4458333333333,18.183058579116615,6413,3.617033276931754,18010.359999998785,1055.76,15.489430434185715,24.0,24,0.612985786770742,0.0,0.0,0.0,0.0,453.9013888888889,759718.75,347380.0808039454,28104.310000000056,2.4878466100100733,1.1176184572861514,2.3587140439932317,81505.57,0.0,0,0.0,0.0,12.12182807960305,10,453.9013888888889,453.9604166666667,0.76029328821207,1.2583192329385222,157995.84000001033,-107261.17000000022,-101408.03999999794,-143570.92999999807,331712.4200000317,-156053.9899999993,-101408.03999999794,7,8,-107261.17000000022,0,0.0,439,372,0.0,-143570.92999999807,0.0,0.0,433,425,0.0,-156053.9899999993,0,0.0,442,311,0.0,24.33359980583191,,,,,,,,
FACTORY_S4b,Y_fl16_16_S1,Y,D_float|I_S1,BASE,"{""core_cap"": 16, ""rec_activation"": ""always"", ""rec_anchor"": ""low60"", ""rec_cap"": 16, ""rec_spacing"": ""float"", ""rec_step"": 5.0, ""rec_tp"": 3.0, ""state"": {""mult"": [1.0, 1.5, 3.0, Infinity], ""t"": [8, 12, 16]}}",{},341702.2100000477,560.0,342262.2100000477,4,-149787.30999999528,2022-10-13,-156540.0,90901.18000000023,708.2333333333333,20.968521214939162,6814,3.8432036097010718,18932.78999999908,1008.4500000000004,14.563977742973936,29.0,29,0.5562155210816959,0.13321575362615257,0.0,0.0,297.2270833333333,0.0,693656.25,325506.343143861,50901.180000000226,2.284988027357314,1.0514763143917638,2.849971799210378,97070.53,0.0,0,0.07399816766175148,58.80625,11.071483605615809,16,58.80625,58.858333333333334,0.9120135363790186,0.9932318104906938,137978.0800000088,-89854.2699999999,-98025.24999999482,-149787.30999999528,302353.71000003366,-130946.73999999888,-98025.24999999482,7,8,-89854.2699999999,0,0.0,432,372,0.0,-149787.30999999528,0.0,0.0,1097,1091,297.2270833333333,-130946.73999999888,0,0.0,534,478,0.0,26.13434648513794,,,,,,,,
FACTORY_S4b,Y_fl16_16_cap24_Q,Y,D_float|N_cap24|Q_recovery,BASE,"{""cap_total"": 24, ""core_cap"": 16, ""rec_activation"": ""always"", ""rec_anchor"": ""low60"", ""rec_cap"": 16, ""rec_spacing"": ""float"", ""rec_step"": 5.0, ""rec_tp"": 3.0, ""recovery"": {""h"": 16, ""layer_x"": 5.0, ""rec_step"": 10.0, ""rec_tp"": 2.0}}",{},285624.5800000449,560.0,286184.5800000449,4,-129829.57999999553,2022-10-13,-134026.25,99742.87000000005,744.9118055555556,52.637193259411035,6590,3.7168640721940216,18146.66999999875,911.34,12.838544103597155,24.0,24,0.32741699143507946,0.0,0.0,0.0,0.0,160.01041666666666,619740.0,288184.2168960358,67242.87000000005,2.2043095263810817,0.9930612546463212,2.7129159616469263,78521.85,0.0,0,0.0,0.0,11.849152893777614,12,160.01041666666666,160.05555555555554,0.8787366046249295,1.0039481105470953,116868.76000000758,-76282.4899999999,-87666.6899999954,-129829.57999999553,257044.34000003268,-100879.98999999894,-87666.6899999954,7,8,-76282.4899999999,0,0.0,413,352,0.0,-129829.57999999553,0.0,0.0,964,955,0.0,-100879.98999999894,0,0.0,525,451,0.0,56.50540518760681,,,,,,,,
FACTORY_S4b,Y_fl16_16_cap24_Q_gov,Y,D_float|N_cap24|Q_recovery|M_gov,BASE,"{""cap_total"": 24, ""core_cap"": 16, ""gov"": ""atr_spike"", ""gov_action"": ""core"", ""gov_x"": 1.5, ""rec_activation"": ""always"", ""rec_anchor"": ""low60"", ""rec_cap"": 16, ""rec_spacing"": ""float"", ""rec_step"": 5.0, ""rec_tp"": 3.0, ""recovery"": {""h"": 16, ""layer_x"": 5.0, ""rec_step"": 10.0, ""rec_tp"": 2.0}}",{},278812.0000000439,560.0,279372.0000000439,4,-129829.57999999553,2022-10-13,-134026.25,92221.96000000002,744.9118055555556,55.2687263901096,6465,3.6463620981387477,17815.499999998778,891.4200000000001,12.655217821310599,24.0,24,0.31870918214394783,0.0,0.0,0.0,0.0,160.01041666666666,627533.75,282618.14820891735,57221.96000000002,2.1518362764483525,0.9885140135923832,2.7168640721940216,79858.17000000001,0.0,0,0.0,0.0,11.840527735829497,12,160.01041666666666,160.05555555555554,0.8764805414551607,0.9294980259447264,110730.31000000678,-81516.86999999991,-87666.68999999537,-129829.57999999553,256370.21000003244,-100879.98999999894,-87666.68999999537,7,8,-81516.86999999991,0,0.0,404,353,0.0,-129829.57999999553,0.0,0.0,964,955,0.0,-100879.98999999894,0,0.0,523,450,0.0,55.172877073287964,,,,,,,,
FACTORY_S4b,Y_fl16_16_Q_add,Y,D_float|Q_recovery|L_armed,BASE,"{""add_trigger"": ""armed"", ""core_cap"": 16, ""rec_activation"": ""always"", ""rec_anchor"": ""low60"", ""rec_cap"": 16, ""rec_spacing"": ""float"", ""rec_step"": 5.0, ""rec_tp"": 3.0, ""recovery"": {""h"": 16, ""layer_x"": 5.0, ""rec_step"": 10.0, ""rec_tp"": 2.0}, ""reversal"": ""ll_fail""}",{},305478.59000005067,986.25,306464.84000005067,7,-122339.25999999465,2022-10-13,-127555.0,102681.76000000013,708.1444444444444,52.18712919755468,7186,4.0530174844895654,19758.90999999968,888.9300000000001,12.623205135029881,23.0,27,0.2688508101232486,0.020532554823056083,0.0,0.0,24.867361111111112,0.0,592240.0,282606.3974888701,70181.76000000013,2.5050408184589643,1.0844228677169994,2.9858996051889455,84352.94000000002,0.0,0,0.0017006564477853642,4.820833333333334,11.778175002311436,16,5.1819444444444445,5.764583333333333,0.9655950366610265,1.0671178793006204,122211.72000000824,-74621.75999999986,-79128.76999999327,-122339.25999999465,263474.34000003565,-100879.98999999894,-79128.76999999327,7,8,-74621.75999999986,0,0.0,434,361,0.0,-122339.25999999465,0.0,0.0,1455,1443,24.867361111111112,-100879.98999999894,0,0.0,526,452,0.0,55.26477313041687,,,,,,,,
FACTORY_S4b,Y_fl16_16_Q_invtp,Y,D_float|Q_recovery|E_inv_tp,BASE,"{""core_cap"": 16, ""rec_activation"": ""always"", ""rec_anchor"": ""low60"", ""rec_cap"": 16, ""rec_spacing"": ""float"", ""rec_step"": 5.0, ""rec_tp"": 3.0, ""rec_tp_mode"": ""inv"", ""recovery"": {""h"": 16, ""layer_x"": 5.0, ""rec_step"": 10.0, ""rec_tp"": 2.0}}",{},291025.71000004787,613.75,291639.46000004787,5,-135323.6299999947,2022-10-13,-140437.5,100974.90000000002,713.7520833333333,81.37065164135228,6747,3.805414551607445,18683.039999998975,956.1600000000002,13.349931777620258,25.0,28,0.34143690060265436,0.09811414850905383,0.0,0.0,160.01041666666666,0.0,603096.25,298285.12828469044,68474.90000000002,2.15512590077623,0.9777204169619218,2.8668922729836437,99054.57999999999,0.0,0,0.0056567139507061786,6.913888888888889,11.138526452632375,16,6.913888888888889,7.779861111111111,0.9616469261139312,0.9385222786238014,119602.8000000075,-76267.4899999999,-89078.7499999933,-135323.6299999947,261170.99000003363,-100061.86999999895,-89078.7499999933,7,8,-76267.4899999999,0,0.0,408,347,0.0,-135323.6299999947,0.0,0.0,1425,1416,160.01041666666666,-100061.86999999895,0,0.0,519,446,0.0,55.28220796585083,,,,,,,,
FACTORY_S4b,Y_fl16_16_Q_tp4,Y,D_float|Q_recovery|E_tp4,BASE,"{""core_cap"": 16, ""rec_activation"": ""always"", ""rec_anchor"": ""low60"", ""rec_cap"": 16, ""rec_spacing"": ""float"", ""rec_step"": 5.0, ""rec_tp"": 4.0, ""recovery"": {""h"": 16, ""layer_x"": 5.0, ""rec_step"": 10.0, ""rec_tp"": 2.0}}",{},289455.0300000481,613.75,290068.7800000481,5,-135323.6299999947,2022-10-13,-140437.5,100379.98999999999,713.7520833333333,81.74328626279983,6805,3.838127467569092,18817.46999999907,953.6700000000002,13.308452010388853,25.0,28,0.34046329579935053,0.09811414850905383,0.0,0.0,160.01041666666666,0.0,603096.25,297350.4765445295,67879.98999999999,2.1435190587191566,0.9755114011280526,2.8917089678510997,95015.01999999999,0.0,0,0.0056567139507061786,6.913888888888889,11.195202860016643,16,6.913888888888889,7.779861111111111,0.9622109419063734,0.9464184997179921,116951.89000000752,-76267.48999999987,-89093.7499999933,-135323.6299999947,262266.22000003385,-100061.86999999895,-89093.7499999933,7,8,-76267.48999999987,0,0.0,411,350,0.0,-135323.6299999947,0.0,0.0,1425,1416,160.01041666666666,-100061.86999999895,0,0.0,518,445,0.0,56.47066903114319,,,,,,,,
FACTORY_S4b,Y_fl12_12_E8_Q,Y,D_float|H_emerg|Q_recovery,BASE,"{""core_cap"": 12, ""emerg_cap"": 8, ""emerg_step"": 80.0, ""emerg_tp"": 20.0, ""rec_activation"": ""always"", ""rec_anchor"": ""low60"", ""rec_cap"": 12, ""rec_spacing"": ""float"", ""rec_step"": 5.0, ""rec_tp"": 3.0, ""recovery"": {""h"": 12, ""layer_x"": 5.0, ""rec_step"": 10.0, ""rec_tp"": 2.0}}",{},249234.75000004147,560.0,249794.75000004144,4,-117350.91999999556,2022-10-13,-121521.25,103093.14000000004,744.8659722222222,129.75821782382135,6266,3.5341229554427525,17282.74999999882,826.68,11.70317661331219,22.0,22,0.21211556618971705,0.0,0.0,0.0,0.0,0.0,508743.75,262386.76806982496,73093.14000000004,2.1286134782756787,0.952009706272869,2.673434856175973,76677.40000000002,0.0,0,0.09811414850905383,160.01041666666666,7.887082855870067,12,160.01041666666666,160.05555555555554,0.8776085730400451,0.8606880992667795,110622.99000000651,-69743.06999999989,-78495.54999999545,-117350.91999999556,217729.14000003034,-94026.24999999895,-78495.54999999545,7,8,-69743.06999999989,0,0.0,406,346,0.0,-117350.91999999556,0.0,0.0,962,954,0.0,-94026.24999999895,0,0.0,508,450,0.0,52.439125299453735,0.0,0.0,0.0,0.0,0.0,0.0,8.0,0.0
FACTORY_S4b,Y_fl16_16_Q_step7.5,Y,D_float|Q_recovery|rec_step,BASE,"{""core_cap"": 16, ""rec_activation"": ""always"", ""rec_anchor"": ""low60"", ""rec_cap"": 16, ""rec_spacing"": ""float"", ""rec_step"": 7.5, ""rec_tp"": 3.0, ""recovery"": {""h"": 16, ""layer_x"": 5.0, ""rec_step"": 10.0, ""rec_tp"": 2.0}}",{},282002.67000004754,560.0,282562.67000004754,4,-128924.23999999464,2022-10-13,-134065.0,105075.48000000007,712.8104166666667,67.18978009971434,6777,3.8223350253807107,18601.079999999023,903.87,12.741264873739567,24.0,28,0.3076058847756226,0.04816612079423738,0.0,0.0,42.975,0.0,590820.0,285432.6867902841,74106.19000001252,2.1916954484281566,0.9899450310946859,2.843767625493514,80079.17000000001,0.0,0,0.0017006564477853642,4.820833333333334,12.053580484196782,16,5.1819444444444445,5.764583333333333,0.9633389734912577,0.9785673998871969,113157.13000000699,-70309.9899999999,-84588.75999999326,-128924.23999999464,254069.89000003377,-93942.48999999894,-84588.75999999326,7,8,-70309.9899999999,0,0.0,407,343,0.0,-128924.23999999464,0.0,0.0,1450,1441,42.975,-93942.48999999894,0,0.0,515,439,0.0,54.66685891151428,,,,,,,,
FACTORY_S4b,Y_fl16_16_Q_roll,Y,D_float|Q_recovery|B_roll,BASE,"{""core_cap"": 16, ""rec_activation"": ""always"", ""rec_anchor"": ""low60"", ""rec_cap"": 16, ""rec_roll"": ""newlow"", ""rec_roll_x"": 0.0, ""rec_spacing"": ""float"", ""rec_step"": 5.0, ""rec_tp"": 3.0, ""recovery"": {""h"": 16, ""layer_x"": 5.0, ""rec_step"": 10.0, ""rec_tp"": 2.0}}",{},284274.5700000496,560.0,284834.5700000496,4,-124606.71999999462,2022-10-13,-121207.5,99742.87000000005,747.1597222222222,20.647739502248164,7097,4.002820078962211,19411.679999999535,891.42,12.512351472734863,23.0,28,0.28884122817093977,0.00852989877311786,0.0,0.0,10.80486111111111,0.0,619740.0,281173.5710668467,67242.87000000005,2.2858684507549984,1.0130204233609585,2.99492385786802,75886.85,-8572.48,2,1.4008702205810249e-05,0.006944444444444444,12.176212663306446,16,5.1819444444444445,5.764583333333333,0.9667230682459109,1.0078962210941906,116868.76000000758,-76282.4899999999,-83554.99999999325,-124606.71999999462,251582.64000003523,-100879.98999999894,-83554.99999999325,7,8,-76282.4899999999,0,0.0,413,352,0.0,-124606.71999999462,0.0,0.0,1466,1457,10.80486111111111,-100879.98999999894,0,0.0,525,451,0.0,54.64454507827759,,,,,,,,
