config,realized,unreal_end,total_mtm,max_mtm_dd,max_dd_peak,worst_cycle,min_equity,pf,trades,trades_day,cost,inv_avg,share32,share24,lock32_days,lock32_span,core_full_days,core_full_share,rec_trades_day,rec_pnl,rec_win,rec_full_share,rec_longest_full,rec_hold_med_min,w25_share32,w25_trades,w25_rec_trades,w25_dd,w25_lock,w22_share32,w22_trades,w22_rec_trades,w22_dd,open_qty_end,margin_excess_2500
C32_0,479737.3100000273,560.0,480297.3100000273,-204875.1899999999,2025-02-21,-198221.25,16760.51000000001,5.473866046002617,3439,1.939650310208686,10700.189999999437,18.122979594924367,0.4196124632621785,0.4592542887641803,616.0604166666667,2022-04-11→2023-12-18,616.0604166666667,0.4196124632621785,0.0,0.0,,,0.0,,0.6908449284129865,151,0,-204875.1899999999,121.16597222222222,0.9443118182312441,121,0,-171023.68999999994,4,-63239.48999999999
C24_8_tp2.5_always,516026.93000009557,636.25,516663.1800000956,-211513.28999999986,2025-02-19,-205058.75,16078.419999998761,10.453663138820795,12207,6.884940778341794,33204.32000000771,21.79371765740878,0.5139358569543401,0.5635546801673199,757.0673611111112,2022-01-06→2024-02-02,757.1631944444445,0.5141403840065448,5.359278059785674,141887.52000000002,1.0,0.6734011167737398,757.89375,8.0,0.7022181891510385,570,424,-211513.28999999986,122.99513888888889,0.9938118750710497,70,62,-201166.27999999974,6,-63921.58000000124
C24_8_tp2.5_core_full,440359.9100000448,560.0,440919.91000004485,-205454.50999999925,2025-02-21,-199566.25,18388.369999999268,9.068567404749988,6820,3.846587704455725,19197.58999999909,19.2815553021537,0.44689160906755276,0.5141403840065448,740.7930555555556,2022-01-13→2024-01-24,757.1631944444445,0.5141403840065448,2.3209249858996053,66059.9,1.0,0.44689160906755276,740.7930555555556,3.0,0.6623109497882638,271,125,-205454.50999999925,99.23055555555555,0.9856220004646036,156,148,-197853.38999999943,4,-61611.63000000073
C24_8_tp3.0_always,516667.54000008345,635.0,517302.5400000834,-211510.78999999986,2025-02-19,-205058.75,16097.869999998919,10.465501211060653,10640,6.0011280315848845,29289.96000000521,21.860935613202923,0.5140409222208836,0.5639427212184209,757.0701388888889,2022-01-06→2024-02-02,757.1631944444445,0.5141403840065448,4.4754653130287645,142535.59999999998,1.0,0.6823022461553117,757.8965277777778,12.0,0.7022181891510385,502,356,-211510.78999999986,122.99513888888889,0.9938118750710497,63,55,-201131.27999999968,6,-63902.13000000108
C24_8_tp3.0_core_full,442260.12000004126,560.0,442820.1200000413,-205430.86999999936,2025-02-21,-199561.25,18820.329999999318,9.10327735298308,6216,3.505922165820643,17689.87999999883,19.30219152137308,0.44930670932783445,0.5141403840065448,740.8034722222222,2022-01-13→2024-01-24,757.1631944444445,0.5141403840065448,1.9802594472645234,67960.11,1.0,0.44930670932783445,740.8034722222222,5.0,0.6623311151441823,257,111,-205430.86999999936,99.22916666666667,0.9857949911774736,142,134,-198314.79999999952,4,-61179.67000000068
C24_8_tp4.0_always,520670.7200000693,635.0,521305.72000006936,-211547.66999999987,2025-02-19,-205132.5,16867.619999998977,10.538670280973378,8832,4.981387478849408,24774.280000002316,21.946441929726745,0.5140507283124277,0.5645619058559177,757.0722222222222,2022-01-06→2024-02-02,757.1631944444445,0.5141403840065448,3.4557247602932883,146541.26999999993,1.0,0.688222323707487,757.9013888888888,22.0,0.7022181891510385,402,256,-211547.66999999987,122.99513888888889,0.9938118750710497,55,47,-201143.8099999997,6,-63132.38000000102
C24_8_tp4.0_core_full,445119.8000000374,560.0,445679.8000000374,-205708.57999999955,2025-02-21,-199730.0,19470.889999999403,9.155513339933583,5434,3.064861816130852,15725.199999999002,19.316846024750575,0.45167978348149873,0.5141403840065448,740.8013888888889,2022-01-13→2024-01-24,757.1631944444445,0.5141403840065448,1.539199097574732,70819.78999999998,1.0,0.45167978348149873,740.8013888888889,8.0,0.6655777374470659,216,70,-205708.57999999955,104.02777777777777,0.9858493596872328,97,89,-198306.17999999964,4,-60529.1100000006
C24_8_tp5.0_always,520164.24000005936,712.5,520876.74000005936,-211542.66999999987,2025-02-19,-205132.5,17540.389999999054,10.529475535844107,7620,4.297800338409475,21724.510000000373,21.988682369487925,0.5141333796554419,0.5646459580691525,757.1631944444445,2022-01-06→2024-02-02,757.1631944444445,0.5141403840065448,2.772137619853356,146037.89999999997,1.0,0.6917104905567338,757.9944444444444,39.0,0.7022181891510385,356,210,-211542.66999999987,122.99513888888889,0.9938118750710497,48,40,-201381.95999999973,7,-62459.61000000095
C24_8_tp5.0_core_full,448006.60000003484,560.0,448566.6000000348,-205694.89999999962,2025-02-21,-199730.0,19496.57999999952,9.20824471097115,4989,2.813874788494078,14617.1499999991,19.325318487844648,0.4522849594167897,0.5141403840065448,740.8013888888889,2022-01-13→2024-01-24,757.1631944444445,0.5141403840065448,1.2882120699379582,73706.58999999997,1.0,0.4522849594167897,740.8013888888889,13.0,0.6655172413793103,204,58,-205694.89999999962,104.02847222222222,0.9859185559723808,88,80,-198263.7299999997,4,-60503.42000000048
C20_12_tp2.5_always,556573.9600001305,636.25,557210.2100001305,-213005.47999999952,2025-02-19,-206900.0,16830.00999999838,15.517464922016986,16405,9.2526790750141,43939.79000000281,22.380207384827454,0.5352557008413626,0.5917696072800424,746.2208333333333,2022-01-13→2024-01-29,757.9618055555555,0.5491565360401882,7.8251551043429215,205419.99,1.0,0.5896907158727002,746.2208333333333,7.0,0.7050615043355515,735,591,-213005.47999999952,125.81180555555555,0.9935944010320131,97,90,-201997.24999999948,6,-63169.99000000162
C20_12_tp2.5_core_full,458456.600000062,560.0,459016.600000062,-204967.83999999886,2025-02-21,-199658.75,21496.279999998747,12.960335171262441,9495,5.355329949238579,26004.650000003374,19.35715046186691,0.4364999537712827,0.4941891903250299,738.7444444444444,2022-01-13→2024-01-22,757.9618055555555,0.5491565360401882,3.9278059785673998,107114.63999999998,1.0,0.4364999537712827,738.7444444444444,3.0,0.6569267997580157,355,211,-204967.83999999886,99.14930555555556,0.9835807100527375,233,226,-196399.5699999993,4,-58503.72000000125
C20_12_tp3.0_always,560431.6300001133,635.0,561066.6300001133,-212994.27999999956,2025-02-19,-206900.0,18025.76999999836,15.618005375663014,14294,8.062041737168641,38660.87000000712,22.476092748815564,0.5376497880483356,0.5932265123094467,746.2222222222222,2022-01-13→2024-01-29,757.9618055555555,0.5491565360401882,6.634517766497462,209285.13,1.0,0.597000456683692,746.2222222222222,10.0,0.7050615043355515,650,506,-212994.27999999956,125.81180555555555,0.993609228807402,84,77,-201978.55999999953,6,-61974.23000000164
C20_12_tp3.0_core_full,461946.6900000571,560.0,462506.6900000571,-205004.26999999903,2025-02-21,-199651.25,22279.229999998875,13.051119782393076,8504,4.79639029892837,23529.560000001784,19.386497292117863,0.43839393030950824,0.4964712079143564,740.76875,2022-01-13→2024-01-24,757.9618055555555,0.5491565360401882,3.3688663282571913,110604.73,1.0,0.43839393030950824,740.76875,5.0,0.6577132486388385,326,182,-205004.26999999903,99.14930555555556,0.9835461119101635,212,205,-197075.63999999972,4,-57720.770000001125
C20_12_tp4.0_always,568136.0500000919,635.0,568771.0500000919,-213001.21999999974,2025-02-19,-206961.25,18803.609999998764,15.818543150061526,11609,6.547659334461365,31962.700000006756,22.586112893329336,0.5381344891446567,0.5951372992903191,746.2222222222222,2022-01-13→2024-01-29,757.9618055555555,0.5491565360401882,5.120135363790186,216994.52999999994,1.0,0.6019035024557255,746.2222222222222,19.0,0.7051018350473885,534,390,-213001.21999999974,125.81319444444445,0.9936191139909946,69,62,-202014.90999999963,6,-61196.390000001236
C20_12_tp4.0_core_full,464415.7800000495,560.0,464975.7800000495,-204810.6899999992,2025-02-21,-199650.0,21972.469999999274,13.115346027417285,7163,4.040045121263395,20167.96999999964,19.41932388399674,0.441337158642949,0.49901939084559327,738.7486111111111,2022-01-13→2024-01-22,757.9618055555555,0.5491565360401882,2.6125211505922166,113073.81999999996,1.0,0.441337158642949,738.7486111111111,9.0,0.6586408550110909,286,142,-204810.6899999992,99.22083333333333,0.98341760452346,161,154,-196889.42999999976,4,-58027.53000000073
C20_12_tp5.0_always,570525.9600000782,712.5,571238.4600000782,-213065.21999999997,2025-02-21,-207033.75,19752.239999998856,15.880790653744194,9911,5.589960518894529,27700.290000004043,22.636769761375767,0.5394232897475912,0.5954931203263467,751.0298611111111,2022-01-12→2024-02-02,757.9618055555555,0.5491565360401882,4.16243654822335,219387.54999999993,1.0,0.6038941390391711,751.0298611111111,30.0,0.7051824964710627,471,327,-213065.21999999997,125.81597222222223,0.9938810713561977,53,46,-202511.89999999973,7,-60247.760000001144
C20_12_tp5.0_core_full,467223.92000004504,560.0,467783.9200000451,-204888.36999999936,2025-02-21,-199640.0,22341.68999999942,13.188391678933543,6352,3.5826283135927808,18138.579999998798,19.44271281319956,0.4438685311315389,0.5011529161915382,738.7604166666666,2022-01-13→2024-01-22,757.9618055555555,0.5491565360401882,2.155104342921602,115881.95999999996,1.0,0.4438685311315389,738.7604166666666,14.0,0.6551119177253478,264,120,-204888.36999999936,99.22083333333333,0.9834620878496266,139,132,-196925.7299999998,4,-57658.31000000058
C16_16_tp2.5_always,563475.4800001555,636.25,564111.7300001555,-213689.0999999994,2025-02-19,-207730.0,15202.249999998225,25.97565424949996,19797,11.165820642978003,52558.2699999959,22.576584174088943,0.5278563043362536,0.6081667932119432,740.8597222222222,2022-01-13→2024-01-24,762.8027777777778,0.5994323673866205,9.907501410039481,257799.41000000003,1.0,0.5337679766671056,740.8597222222222,6.0,0.7277273643879815,942,811,-213689.0999999994,125.01805555555555,0.9911923014190182,159,151,-201379.1399999989,6,-64797.750000001775
C16_16_tp2.5_core_full,472866.6200000943,560.0,473426.6200000943,-201323.7699999974,2025-02-21,-198078.75,20503.699999998615,21.961012675013535,13373,7.542583192329385,35838.38000000899,19.361812557961006,0.4236637799400988,0.48163459140818277,660.1013888888889,2022-03-30→2024-01-19,762.8027777777778,0.5994323673866205,6.284263959390863,166975.16999999998,1.0,0.4236637799400988,660.1013888888889,4.0,0.6079653155878201,762,631,-201323.7699999974,94.87222222222222,0.9793646792505054,406,398,-192494.32999999844,4,-59496.300000001385
C16_16_tp3.0_always,572288.090000136,635.0,572923.090000136,-213659.15999999945,2025-02-19,-207730.0,16811.52999999834,26.365412131325073,17306,9.760857304004512,46334.41000000098,22.689728259194613,0.530730890028886,0.6130502268008887,740.8604166666667,2022-01-13→2024-01-24,762.8027777777778,0.5994323673866205,8.50253807106599,266617.0,1.0,0.5363946083306951,740.8604166666667,9.0,0.7281508368622707,820,689,-213659.15999999945,125.01805555555555,0.9903767737726309,165,157,-200905.2599999988,6,-63188.47000000166
C16_16_tp3.0_core_full,478643.4100000849,560.0,479203.4100000849,-201251.71999999782,2025-02-21,-198085.0,20666.099999998958,22.21625009669256,11803,6.657078398195149,31932.84000000707,19.40890841390672,0.42592758621655774,0.4845932293140499,660.9034722222223,2022-03-29→2024-01-19,762.8027777777778,0.5994323673866205,5.398759165256627,172749.47000000003,1.0,0.42592758621655774,660.9034722222223,5.0,0.6092357330106877,676,545,-201251.71999999782,94.89097222222222,0.9813318307854273,306,298,-194523.8799999992,4,-59333.90000000104
C16_16_tp4.0_always,580455.3400001085,635.0,581090.3400001085,-213699.89999999956,2025-02-19,-207791.25,16957.109999998647,26.726753671554707,13778,7.7710095882684715,37539.66000000817,22.822626015280694,0.5359687437836383,0.6165748162758705,740.9326388888888,2022-01-13→2024-01-24,762.8027777777778,0.5994323673866205,6.5126903553299496,274791.72,1.0,0.5443851720688891,740.9326388888888,16.0,0.728695301472071,642,511,-213699.89999999956,125.02152777777778,0.9904805682003529,122,114,-201075.63999999914,6,-63042.89000000135
C16_16_tp4.0_core_full,485681.31000007136,560.0,486241.3100000713,-202121.1899999985,2025-02-21,-198553.75,20518.809999999357,22.527781817378134,9714,5.478849407783418,26699.940000003724,19.477485213814823,0.42977157410183203,0.4894304341857162,660.1,2022-03-30→2024-01-19,762.8027777777778,0.5994323673866205,4.220530174844896,179797.32999999996,1.0,0.42977157410183203,660.1,9.0,0.620508166969147,519,388,-202121.1899999985,94.93125,0.9804273364867069,246,238,-193691.38999999932,4,-59481.19000000064
C16_16_tp5.0_always,586043.8900000923,712.5,586756.3900000923,-213868.9099999998,2025-02-21,-207980.0,17835.43999999875,26.973917982606388,11694,6.595600676818951,32321.1100000069,22.87696577113703,0.5369255381442952,0.6169348399225599,746.1215277777778,2022-01-13→2024-01-29,762.8027777777778,0.5994323673866205,5.337281443880428,280383.3799999999,1.0,0.544970735821092,746.1215277777778,26.0,0.7308126638435168,582,451,-213868.9099999998,125.05,0.9917112735576281,91,83,-201860.2799999994,7,-62164.56000000125
C16_16_tp5.0_core_full,490829.5100000621,560.0,491389.5100000622,-202310.30999999883,2025-02-21,-198566.25,21203.98999999935,22.75534417026731,8409,4.7428087986463625,23434.24000000164,19.517156457591454,0.4321432473852757,0.4916283995618078,660.8986111111111,2022-03-29→2024-01-19,762.8027777777778,0.5994323673866205,3.4844895657078396,184945.52999999994,1.0,0.4321432473852757,660.8986111111111,14.0,0.6247428917120387,441,310,-202310.30999999883,98.0875,0.9812329789495016,199,191,-193817.79999999946,4,-58796.01000000065
