idx,dt,side,lane,tranche,qty,px,ideal,at_open,tag,month
2021963,2025-02-03 10:02:00,BUY,rec,5189,1,5538.25,5538.0,True,rec,2025-02
2021963,2025-02-03 10:02:00,SELL,rec,5189,1,5540.25,5540.25,,tp,2025-02
2021984,2025-02-03 10:23:00,BUY,rec,5190,1,5543.5,5543.25,True,rec,2025-02
2021984,2025-02-03 10:23:00,SELL,rec,5190,1,5545.5,5545.5,,tp,2025-02
2022138,2025-02-03 12:57:00,BUY,rec,5191,1,5586.75,5586.5,True,rec,2025-02
2022138,2025-02-03 12:57:00,SELL,rec,5191,1,5588.75,5588.75,,tp,2025-02
2023480,2025-02-04 12:19:00,BUY,rec,5192,1,5626.5,5626.25,True,rec,2025-02
2023480,2025-02-04 12:19:00,SELL,rec,5192,1,5628.5,5628.5,,tp,2025-02
2023484,2025-02-04 12:23:00,BUY,rec,5193,1,5623.75,5623.5,True,rec,2025-02
2023484,2025-02-04 12:23:00,SELL,rec,5193,1,5625.75,5625.75,,tp,2025-02
2023705,2025-02-04 16:04:00,BUY,rec,5194,1,5627.5,5627.25,True,rec,2025-02
2023707,2025-02-04 16:06:00,SELL,rec,5194,1,5629.5,5629.5,,tp,2025-02
2024721,2025-02-05 10:00:00,BUY,rec,5195,1,5616.25,5616.0,True,rec,2025-02
2024721,2025-02-05 10:00:00,SELL,rec,5195,1,5618.25,5618.25,,tp,2025-02
2024833,2025-02-05 11:52:00,SELL,rec,5188,1,5643.25,5643.25,,tp,2025-02
2025073,2025-02-05 15:52:00,BUY,rec,5196,1,5652.0,5651.75,True,rec,2025-02
2025074,2025-02-05 15:53:00,SELL,rec,5196,1,5654.0,5654.0,,tp,2025-02
2026072,2025-02-06 09:31:00,SELL,rec,5184,1,5677.5,5677.75,,tp_gap,2025-02
2026134,2025-02-06 10:33:00,BUY,rec,5197,1,5667.25,5667.0,True,rec,2025-02
2026138,2025-02-06 10:37:00,SELL,rec,5197,1,5670.25,5670.25,,tp,2025-02
2026151,2025-02-06 10:50:00,BUY,rec,5198,1,5661.75,5661.5,True,rec,2025-02
2026152,2025-02-06 10:51:00,SELL,rec,5198,1,5664.75,5664.75,,tp,2025-02
2026370,2025-02-06 14:29:00,BUY,rec,5199,1,5663.75,5663.5,True,rec,2025-02
2026432,2025-02-06 15:31:00,SELL,rec,5199,1,5666.75,5666.75,,tp,2025-02
2026464,2025-02-06 16:03:00,BUY,rec,5200,1,5659.25,5659.0,True,rec,2025-02
2026464,2025-02-06 16:03:00,SELL,rec,5200,1,5662.25,5662.25,,tp,2025-02
2027537,2025-02-07 10:56:00,BUY,rec,5201,1,5633.25,5633.0,True,rec,2025-02
2027537,2025-02-07 10:56:00,SELL,rec,5201,1,5636.25,5636.25,,tp,2025-02
2027608,2025-02-07 12:07:00,BUY,rec,5202,1,5629.5,5629.25,True,rec,2025-02
2027609,2025-02-07 12:08:00,SELL,rec,5202,1,5632.5,5632.5,,tp,2025-02
2027621,2025-02-07 12:20:00,BUY,rec,5203,1,5627.5,5627.25,True,rec,2025-02
2027621,2025-02-07 12:20:00,SELL,rec,5203,1,5630.5,5630.5,,tp,2025-02
2028995,2025-02-10 12:14:00,BUY,rec,5204,1,5649.75,5649.5,True,rec,2025-02
2029006,2025-02-10 12:25:00,SELL,rec,5204,1,5652.75,5652.75,,tp,2025-02
2029200,2025-02-10 15:39:00,BUY,rec,5205,1,5661.75,5661.5,True,rec,2025-02
2029206,2025-02-10 15:45:00,SELL,rec,5205,1,5664.75,5664.75,,tp,2025-02
2029216,2025-02-10 15:55:00,BUY,rec,5206,1,5658.5,5658.25,True,rec,2025-02
2029216,2025-02-10 15:55:00,SELL,rec,5206,1,5661.5,5661.5,,tp,2025-02
2030362,2025-02-11 12:02:00,BUY,rec,5207,1,5655.5,5655.25,True,rec,2025-02
2030454,2025-02-11 13:34:00,SELL,rec,5207,1,5658.5,5658.5,,tp,2025-02
2030582,2025-02-11 15:42:00,BUY,rec,5208,1,5663.5,5663.25,True,rec,2025-02
2030600,2025-02-11 16:00:00,SELL,rec,5208,1,5666.5,5666.5,,tp,2025-02
2031593,2025-02-12 09:33:00,BUY,rec,5209,1,5599.5,5599.25,True,rec,2025-02
2031593,2025-02-12 09:33:00,SELL,rec,5209,1,5602.5,5602.5,,tp,2025-02
2031869,2025-02-12 14:09:00,BUY,rec,5210,1,5641.75,5641.5,True,rec,2025-02
2031885,2025-02-12 14:25:00,SELL,rec,5210,1,5644.75,5644.75,,tp,2025-02
2031975,2025-02-12 15:55:00,BUY,rec,5211,1,5641.25,5641.0,True,rec,2025-02
2031976,2025-02-12 15:56:00,SELL,rec,5211,1,5644.25,5644.25,,tp,2025-02
2033119,2025-02-13 11:59:00,BUY,rec,5212,1,5672.5,5672.25,True,rec,2025-02
2033123,2025-02-13 12:03:00,SELL,rec,5212,1,5675.5,5675.5,,tp,2025-02
2033201,2025-02-13 13:21:00,BUY,rec,5213,1,5665.75,5665.5,True,rec,2025-02
2033201,2025-02-13 13:21:00,SELL,rec,5213,1,5668.75,5668.75,,tp,2025-02
2033243,2025-02-13 14:48:00,SELL,rec,5181,1,5699.0,5699.0,,tp,2025-02
2034334,2025-02-14 10:43:00,BUY,rec,5214,1,5708.75,5708.5,True,rec,2025-02
2034338,2025-02-14 10:47:00,SELL,rec,5214,1,5711.75,5711.75,,tp,2025-02
2034426,2025-02-14 12:15:00,BUY,rec,5215,1,5704.25,5704.0,True,rec,2025-02
2034464,2025-02-14 12:53:00,SELL,rec,5215,1,5707.25,5707.25,,tp,2025-02
2034618,2025-02-14 15:27:00,BUY,rec,5216,1,5708.25,5708.0,True,rec,2025-02
2034645,2025-02-14 15:54:00,SELL,rec,5216,1,5711.25,5711.25,,tp,2025-02
2034652,2025-02-14 16:01:00,BUY,rec,5217,1,5706.25,5706.0,True,rec,2025-02
2036780,2025-02-18 09:31:00,SELL,rec,5217,1,5717.0,5717.25,,tp_gap,2025-02
2036782,2025-02-18 09:33:00,BUY,rec,5218,1,5713.25,5713.0,True,rec,2025-02
2036783,2025-02-18 09:34:00,SELL,rec,5218,1,5716.25,5716.25,,tp,2025-02
2036795,2025-02-18 09:46:00,BUY,rec,5219,1,5710.75,5710.5,True,rec,2025-02
2036803,2025-02-18 09:54:00,SELL,rec,5219,1,5713.75,5713.75,,tp,2025-02
2036811,2025-02-18 10:02:00,BUY,rec,5220,1,5707.0,5706.75,True,rec,2025-02
2036823,2025-02-18 10:14:00,SELL,rec,5220,1,5710.0,5710.0,,tp,2025-02
2037012,2025-02-18 13:23:00,BUY,rec,5221,1,5706.0,5705.75,True,rec,2025-02
2037018,2025-02-18 13:29:00,SELL,rec,5221,1,5709.0,5709.0,,tp,2025-02
2037059,2025-02-18 14:10:00,BUY,rec,5222,1,5697.25,5697.0,True,rec,2025-02
2037074,2025-02-18 14:25:00,SELL,rec,5222,1,5700.25,5700.25,,tp,2025-02
2037169,2025-02-18 16:00:00,SELL,rec,5159,1,5722.25,5722.25,,tp,2025-02
2038383,2025-02-19 13:14:00,BUY,rec,5223,1,5716.75,5716.5,True,rec,2025-02
2038386,2025-02-19 13:17:00,SELL,rec,5223,1,5719.75,5719.75,,tp,2025-02
2038519,2025-02-19 15:30:00,BUY,rec,5224,1,5728.75,5728.5,True,rec,2025-02
2038520,2025-02-19 15:31:00,SELL,rec,5224,1,5731.75,5731.75,,tp,2025-02
2039556,2025-02-20 09:47:00,BUY,rec,5225,1,5712.25,5712.0,True,rec,2025-02
2039564,2025-02-20 09:55:00,BUY,rec,5226,1,5700.25,5700.0,True,rec,2025-02
2039572,2025-02-20 10:03:00,BUY,rec,5227,1,5682.25,5682.0,True,rec,2025-02
2039573,2025-02-20 10:04:00,SELL,rec,5227,1,5685.25,5685.25,,tp,2025-02
2039858,2025-02-20 14:49:00,SELL,rec,5226,1,5703.25,5703.25,,tp,2025-02
2040928,2025-02-21 09:39:00,BUY,rec,5228,1,5696.25,5696.0,True,rec,2025-02
2040935,2025-02-21 09:46:00,SELL,rec,5228,1,5699.25,5699.25,,tp,2025-02
2040941,2025-02-21 09:52:00,BUY,rec,5229,1,5689.5,5689.25,True,rec,2025-02
2040977,2025-02-21 10:28:00,BUY,rec,5230,1,5677.5,5677.25,True,rec,2025-02
2041092,2025-02-21 12:23:00,BUY,rec,5231,1,5658.75,5658.5,True,rec,2025-02
2041093,2025-02-21 12:24:00,SELL,rec,5231,1,5660.75,5660.75,,tp,2025-02
2041144,2025-02-21 13:15:00,BUY,rec,5232,1,5629.75,5629.5,True,rec,2025-02
2041144,2025-02-21 13:15:00,SELL,rec,5232,1,5631.75,5631.75,,tp,2025-02
2041218,2025-02-21 14:29:00,BUY,rec,5233,1,5608.5,5608.25,True,rec,2025-02
2041280,2025-02-21 15:31:00,SELL,rec,5233,1,5610.5,5610.5,,tp,2025-02
2041310,2025-02-21 16:01:00,BUY,rec,5234,1,5604.75,5604.5,True,rec,2025-02
2041310,2025-02-21 16:01:00,SELL,rec,5234,1,5606.75,5606.75,,tp,2025-02
2042327,2025-02-24 09:58:00,BUY,rec,5235,1,5599.25,5599.0,True,rec,2025-02
2042416,2025-02-24 11:27:00,SELL,rec,5235,1,5601.25,5601.25,,tp,2025-02
2042628,2025-02-24 14:59:00,BUY,rec,5236,1,5600.25,5600.0,True,rec,2025-02
2042630,2025-02-24 15:01:00,SELL,rec,5236,1,5602.25,5602.25,,tp,2025-02
2042686,2025-02-24 15:57:00,BUY,rec,5237,1,5579.25,5579.0,True,rec,2025-02
2042702,2025-02-24 16:13:00,SELL,rec,5237,1,5581.25,5581.25,,tp,2025-02
2043696,2025-02-25 09:47:00,BUY,rec,5238,1,5569.0,5568.75,True,rec,2025-02
2043696,2025-02-25 09:47:00,SELL,rec,5238,1,5571.0,5571.0,,tp,2025-02
2043713,2025-02-25 10:04:00,BUY,rec,5239,1,5541.75,5541.5,True,rec,2025-02
2043715,2025-02-25 10:06:00,SELL,rec,5239,1,5543.75,5543.75,,tp,2025-02
2043717,2025-02-25 10:08:00,BUY,rec,5240,1,5541.5,5541.25,True,rec,2025-02
2043720,2025-02-25 10:11:00,SELL,rec,5240,1,5543.5,5543.5,,tp,2025-02
2043732,2025-02-25 10:23:00,BUY,rec,5241,1,5517.5,5517.25,True,rec,2025-02
2043732,2025-02-25 10:23:00,SELL,rec,5241,1,5519.5,5519.5,,tp,2025-02
2043736,2025-02-25 10:27:00,BUY,rec,5242,1,5518.25,5518.0,True,rec,2025-02
2043736,2025-02-25 10:27:00,SELL,rec,5242,1,5520.25,5520.25,,tp,2025-02
2043742,2025-02-25 10:33:00,BUY,rec,5243,1,5512.0,5511.75,True,rec,2025-02
2043743,2025-02-25 10:34:00,SELL,rec,5243,1,5514.0,5514.0,,tp,2025-02
2043967,2025-02-25 14:18:00,BUY,rec,5244,1,5538.0,5537.75,True,rec,2025-02
2043967,2025-02-25 14:18:00,SELL,rec,5244,1,5540.0,5540.0,,tp,2025-02
2045211,2025-02-26 12:02:00,BUY,rec,5245,1,5582.25,5582.0,True,rec,2025-02
2045212,2025-02-26 12:03:00,SELL,rec,5245,1,5584.25,5584.25,,tp,2025-02
2045270,2025-02-26 13:01:00,BUY,rec,5246,1,5558.0,5557.75,True,rec,2025-02
2045270,2025-02-26 13:01:00,SELL,rec,5246,1,5560.0,5560.0,,tp,2025-02
2045273,2025-02-26 13:04:00,BUY,rec,5247,1,5554.5,5554.25,True,rec,2025-02
2045273,2025-02-26 13:04:00,SELL,rec,5247,1,5556.5,5556.5,,tp,2025-02
2045301,2025-02-26 13:32:00,BUY,rec,5248,1,5544.5,5544.25,True,rec,2025-02
2045303,2025-02-26 13:34:00,SELL,rec,5248,1,5546.5,5546.5,,tp,2025-02
2045318,2025-02-26 13:49:00,BUY,rec,5249,1,5535.75,5535.5,True,rec,2025-02
2045352,2025-02-26 14:23:00,SELL,rec,5249,1,5537.75,5537.75,,tp,2025-02
2046469,2025-02-27 10:00:00,BUY,rec,5250,1,5528.75,5528.5,True,rec,2025-02
2046481,2025-02-27 10:12:00,SELL,rec,5250,1,5530.75,5530.75,,tp,2025-02
2046745,2025-02-27 14:36:00,BUY,rec,5251,1,5494.0,5493.75,True,rec,2025-02
2046745,2025-02-27 14:36:00,SELL,rec,5251,1,5496.0,5496.0,,tp,2025-02
2046775,2025-02-27 15:06:00,BUY,rec,5252,1,5478.0,5477.75,True,rec,2025-02
2046777,2025-02-27 15:08:00,SELL,rec,5252,1,5480.0,5480.0,,tp,2025-02
2046785,2025-02-27 15:16:00,BUY,rec,5253,1,5473.5,5473.25,True,rec,2025-02
2046785,2025-02-27 15:16:00,SELL,rec,5253,1,5475.5,5475.5,,tp,2025-02
2046814,2025-02-27 15:45:00,BUY,rec,5254,1,5465.25,5465.0,True,rec,2025-02
2046818,2025-02-27 15:49:00,SELL,rec,5254,1,5467.25,5467.25,,tp,2025-02
2046830,2025-02-27 16:01:00,BUY,rec,5255,1,5452.0,5451.75,True,rec,2025-02
2047820,2025-02-28 09:31:00,SELL,rec,5255,1,5454.0,5454.0,,tp,2025-02
2047824,2025-02-28 09:35:00,BUY,rec,5256,1,5438.75,5438.5,True,rec,2025-02
2047825,2025-02-28 09:36:00,SELL,rec,5256,1,5440.75,5440.75,,tp,2025-02
2048018,2025-02-28 12:49:00,BUY,rec,5257,1,5448.5,5448.25,True,rec,2025-02
2048023,2025-02-28 12:54:00,SELL,rec,5257,1,5450.5,5450.5,,tp,2025-02
2048031,2025-02-28 13:02:00,BUY,rec,5258,1,5440.5,5440.25,True,rec,2025-02
2048032,2025-02-28 13:03:00,SELL,rec,5258,1,5442.5,5442.5,,tp,2025-02
2049525,2025-03-03 14:56:00,BUY,rec,5259,1,5465.5,5465.25,True,rec,2025-03
2049526,2025-03-03 14:57:00,SELL,rec,5259,1,5467.5,5467.5,,tp,2025-03
2049575,2025-03-03 15:46:00,BUY,rec,5260,1,5402.75,5402.5,True,rec,2025-03
2049575,2025-03-03 15:46:00,SELL,rec,5260,1,5404.75,5404.75,,tp,2025-03
2050602,2025-03-04 09:53:00,BUY,rec,5261,1,5373.75,5373.5,True,rec,2025-03
2050602,2025-03-04 09:53:00,SELL,rec,5261,1,5375.75,5375.75,,tp,2025-03
2050633,2025-03-04 10:24:00,BUY,rec,5262,1,5325.5,5325.25,True,rec,2025-03
2050633,2025-03-04 10:24:00,SELL,rec,5262,1,5327.5,5327.5,,tp,2025-03
2050945,2025-03-04 15:36:00,BUY,rec,5263,1,5406.75,5406.5,True,rec,2025-03
2050945,2025-03-04 15:36:00,SELL,rec,5263,1,5408.75,5408.75,,tp,2025-03
2050953,2025-03-04 15:44:00,BUY,rec,5264,1,5391.0,5390.75,True,rec,2025-03
2050953,2025-03-04 15:44:00,SELL,rec,5264,1,5393.0,5393.0,,tp,2025-03
2052342,2025-03-05 15:53:00,BUY,rec,5265,1,5419.0,5418.75,True,rec,2025-03
2052342,2025-03-05 15:53:00,SELL,rec,5265,1,5421.0,5421.0,,tp,2025-03
2053347,2025-03-06 09:38:00,BUY,rec,5266,1,5337.25,5337.0,True,rec,2025-03
2053347,2025-03-06 09:38:00,SELL,rec,5266,1,5339.25,5339.25,,tp,2025-03
2053460,2025-03-06 11:31:00,BUY,rec,5267,1,5378.0,5377.75,True,rec,2025-03
2053460,2025-03-06 11:31:00,SELL,rec,5267,1,5380.0,5380.0,,tp,2025-03
2053498,2025-03-06 12:09:00,BUY,rec,5268,1,5326.0,5325.75,True,rec,2025-03
2053498,2025-03-06 12:09:00,SELL,rec,5268,1,5328.0,5328.0,,tp,2025-03
2054783,2025-03-07 10:34:00,BUY,rec,5269,1,5293.5,5293.25,True,rec,2025-03
2054796,2025-03-07 10:47:00,SELL,rec,5269,1,5295.5,5295.5,,tp,2025-03
2055093,2025-03-07 15:44:00,BUY,rec,5270,1,5328.0,5327.75,True,rec,2025-03
2055093,2025-03-07 15:44:00,SELL,rec,5270,1,5330.0,5330.0,,tp,2025-03
2056105,2025-03-10 09:36:00,BUY,rec,5271,1,5261.5,5261.25,True,rec,2025-03
2056105,2025-03-10 09:36:00,SELL,rec,5271,1,5263.5,5263.5,,tp,2025-03
2056435,2025-03-10 15:06:00,BUY,rec,5272,1,5157.75,5157.5,True,rec,2025-03
2056435,2025-03-10 15:06:00,SELL,rec,5272,1,5159.75,5159.75,,tp,2025-03
2057515,2025-03-11 10:06:00,BUY,rec,5273,1,5158.75,5158.5,True,rec,2025-03
2057515,2025-03-11 10:06:00,SELL,rec,5273,1,5160.75,5160.75,,tp,2025-03
2057871,2025-03-11 16:02:00,BUY,rec,5274,1,5157.75,5157.5,True,rec,2025-03
2057878,2025-03-11 16:09:00,SELL,rec,5274,1,5159.75,5159.75,,tp,2025-03
2059131,2025-03-12 14:02:00,BUY,rec,5275,1,5173.25,5173.0,True,rec,2025-03
2059131,2025-03-12 14:02:00,SELL,rec,5275,1,5175.25,5175.25,,tp,2025-03
2059242,2025-03-12 15:53:00,BUY,rec,5276,1,5175.25,5175.0,True,rec,2025-03
2059243,2025-03-12 15:54:00,SELL,rec,5276,1,5177.25,5177.25,,tp,2025-03
2060256,2025-03-13 09:47:00,BUY,rec,5277,1,5161.0,5160.75,True,rec,2025-03
2060266,2025-03-13 09:57:00,BUY,rec,5278,1,5143.25,5143.0,True,rec,2025-03
2060273,2025-03-13 10:04:00,SELL,rec,5278,1,5145.25,5145.25,,tp,2025-03
2060284,2025-03-13 10:15:00,SELL,rec,5277,1,5163.0,5163.0,,tp,2025-03
2060343,2025-03-13 11:14:00,BUY,rec,5279,1,5138.25,5138.0,True,rec,2025-03
2060355,2025-03-13 11:26:00,SELL,rec,5279,1,5140.25,5140.25,,tp,2025-03
2060363,2025-03-13 11:34:00,BUY,rec,5280,1,5132.25,5132.0,True,rec,2025-03
2060363,2025-03-13 11:34:00,SELL,rec,5280,1,5134.25,5134.25,,tp,2025-03
2060421,2025-03-13 12:32:00,BUY,rec,5281,1,5117.0,5116.75,True,rec,2025-03
2060421,2025-03-13 12:32:00,SELL,rec,5281,1,5119.0,5119.0,,tp,2025-03
2060611,2025-03-13 15:42:00,BUY,rec,5282,1,5098.25,5098.0,True,rec,2025-03
2060616,2025-03-13 15:47:00,SELL,rec,5282,1,5100.25,5100.25,,tp,2025-03
2063086,2025-03-17 10:57:00,BUY,rec,5283,1,5227.0,5226.75,True,rec,2025-03
2063090,2025-03-17 11:01:00,SELL,rec,5283,1,5229.0,5229.0,,tp,2025-03
2063125,2025-03-17 11:36:00,BUY,rec,5284,1,5216.75,5216.5,True,rec,2025-03
2063127,2025-03-17 11:38:00,SELL,rec,5284,1,5218.75,5218.75,,tp,2025-03
2063385,2025-03-17 15:56:00,BUY,rec,5285,1,5265.75,5265.5,True,rec,2025-03
2064389,2025-03-18 09:40:00,BUY,rec,5286,1,5216.0,5215.75,True,rec,2025-03
2064396,2025-03-18 09:47:00,BUY,rec,5287,1,5199.5,5199.25,True,rec,2025-03
2064396,2025-03-18 09:47:00,SELL,rec,5287,1,5201.5,5201.5,,tp,2025-03
2064407,2025-03-18 09:58:00,BUY,rec,5288,1,5195.75,5195.5,True,rec,2025-03
2064416,2025-03-18 10:07:00,SELL,rec,5288,1,5197.75,5197.75,,tp,2025-03
2064610,2025-03-18 13:21:00,BUY,rec,5289,1,5183.75,5183.5,True,rec,2025-03
2064610,2025-03-18 13:21:00,SELL,rec,5289,1,5185.75,5185.75,,tp,2025-03
2064751,2025-03-18 15:42:00,BUY,rec,5290,1,5192.25,5192.0,True,rec,2025-03
2064753,2025-03-18 15:44:00,SELL,rec,5290,1,5194.25,5194.25,,tp,2025-03
2065783,2025-03-19 09:54:00,SELL,rec,5286,1,5218.0,5218.0,,tp,2025-03
2065977,2025-03-19 13:08:00,BUY,rec,5291,1,5228.25,5228.0,True,rec,2025-03
2066020,2025-03-19 13:51:00,BUY,rec,5292,1,5211.75,5211.5,True,rec,2025-03
2066020,2025-03-19 13:51:00,SELL,rec,5292,1,5213.75,5213.75,,tp,2025-03
2066030,2025-03-19 14:01:00,SELL,rec,5291,1,5230.25,5230.25,,tp,2025-03
2066031,2025-03-19 14:02:00,BUY,rec,5293,1,5230.75,5230.5,True,rec,2025-03
2066031,2025-03-19 14:02:00,SELL,rec,5293,1,5232.75,5232.75,,tp,2025-03
2066087,2025-03-19 14:58:00,SELL,rec,5285,1,5267.75,5267.75,,tp,2025-03
2067142,2025-03-20 09:33:00,BUY,rec,5294,1,5214.0,5213.75,True,rec,2025-03
2067142,2025-03-20 09:33:00,SELL,rec,5294,1,5216.0,5216.0,,tp,2025-03
2067268,2025-03-20 11:39:00,BUY,rec,5295,1,5265.25,5265.0,True,rec,2025-03
2067270,2025-03-20 11:41:00,SELL,rec,5295,1,5267.25,5267.25,,tp,2025-03
2067341,2025-03-20 12:52:00,BUY,rec,5296,1,5242.25,5242.0,True,rec,2025-03
2067344,2025-03-20 12:55:00,SELL,rec,5296,1,5244.25,5244.25,,tp,2025-03
2067381,2025-03-20 13:32:00,BUY,rec,5297,1,5232.5,5232.25,True,rec,2025-03
2067382,2025-03-20 13:33:00,SELL,rec,5297,1,5234.5,5234.5,,tp,2025-03
2068527,2025-03-21 09:38:00,BUY,rec,5298,1,5184.0,5183.75,True,rec,2025-03
2068527,2025-03-21 09:38:00,SELL,rec,5298,1,5186.0,5186.0,,tp,2025-03
2068664,2025-03-21 11:55:00,BUY,rec,5299,1,5188.25,5188.0,True,rec,2025-03
2068664,2025-03-21 11:55:00,SELL,rec,5299,1,5190.25,5190.25,,tp,2025-03
2068673,2025-03-21 12:04:00,BUY,rec,5300,1,5187.75,5187.5,True,rec,2025-03
2068673,2025-03-21 12:04:00,SELL,rec,5300,1,5189.75,5189.75,,tp,2025-03
2068763,2025-03-21 13:34:00,BUY,rec,5301,1,5214.75,5214.5,True,rec,2025-03
2068764,2025-03-21 13:35:00,SELL,rec,5301,1,5216.75,5216.75,,tp,2025-03
2070131,2025-03-24 13:22:00,BUY,rec,5302,1,5323.25,5323.0,True,rec,2025-03
2070132,2025-03-24 13:23:00,SELL,rec,5302,1,5325.25,5325.25,,tp,2025-03
2070175,2025-03-24 14:06:00,BUY,rec,5303,1,5320.5,5320.25,True,rec,2025-03
2070175,2025-03-24 14:06:00,SELL,rec,5303,1,5322.5,5322.5,,tp,2025-03
2071312,2025-03-25 10:03:00,BUY,rec,5304,1,5337.75,5337.5,True,rec,2025-03
2071315,2025-03-25 10:06:00,SELL,rec,5304,1,5339.75,5339.75,,tp,2025-03
2071428,2025-03-25 11:59:00,BUY,rec,5305,1,5342.5,5342.25,True,rec,2025-03
2071431,2025-03-25 12:02:00,SELL,rec,5305,1,5344.5,5344.5,,tp,2025-03
2071551,2025-03-25 14:02:00,BUY,rec,5306,1,5338.0,5337.75,True,rec,2025-03
2071560,2025-03-25 14:11:00,SELL,rec,5306,1,5340.0,5340.0,,tp,2025-03
2072684,2025-03-26 09:55:00,BUY,rec,5307,1,5338.75,5338.5,True,rec,2025-03
2072776,2025-03-26 11:27:00,BUY,rec,5308,1,5320.75,5320.5,True,rec,2025-03
2072804,2025-03-26 11:55:00,BUY,rec,5309,1,5303.75,5303.5,True,rec,2025-03
2072804,2025-03-26 11:55:00,SELL,rec,5309,1,5305.75,5305.75,,tp,2025-03
2072807,2025-03-26 11:58:00,BUY,rec,5310,1,5299.25,5299.0,True,rec,2025-03
2072807,2025-03-26 11:58:00,SELL,rec,5310,1,5301.25,5301.25,,tp,2025-03
2072899,2025-03-26 13:30:00,BUY,rec,5311,1,5285.0,5284.75,True,rec,2025-03
2072955,2025-03-26 14:26:00,SELL,rec,5311,1,5287.0,5287.0,,tp,2025-03
2074045,2025-03-27 09:36:00,BUY,rec,5312,1,5256.5,5256.25,True,rec,2025-03
2074059,2025-03-27 09:50:00,SELL,rec,5312,1,5258.5,5258.5,,tp,2025-03
2074173,2025-03-27 11:44:00,BUY,rec,5313,1,5278.5,5278.25,True,rec,2025-03
2074196,2025-03-27 12:07:00,SELL,rec,5313,1,5280.5,5280.5,,tp,2025-03
2074425,2025-03-27 15:56:00,BUY,rec,5314,1,5271.25,5271.0,True,rec,2025-03
2074425,2025-03-27 15:56:00,SELL,rec,5314,1,5273.25,5273.25,,tp,2025-03
2075425,2025-03-28 09:36:00,BUY,rec,5315,1,5241.25,5241.0,True,rec,2025-03
2075425,2025-03-28 09:36:00,SELL,rec,5315,1,5243.25,5243.25,,tp,2025-03
2075451,2025-03-28 10:02:00,BUY,rec,5316,1,5229.25,5229.0,True,rec,2025-03
2075452,2025-03-28 10:03:00,SELL,rec,5316,1,5231.25,5231.25,,tp,2025-03
2075472,2025-03-28 10:23:00,BUY,rec,5317,1,5198.5,5198.25,True,rec,2025-03
2075786,2025-03-28 15:37:00,BUY,rec,5318,1,5144.5,5144.25,True,rec,2025-03
2075798,2025-03-28 15:49:00,SELL,rec,5318,1,5146.5,5146.5,,tp,2025-03
2076805,2025-03-31 09:36:00,BUY,rec,5319,1,5075.0,5074.75,True,rec,2025-03
2076805,2025-03-31 09:36:00,SELL,rec,5319,1,5077.0,5077.0,,tp,2025-03
2076813,2025-03-31 09:44:00,BUY,rec,5320,1,5071.25,5071.0,True,rec,2025-03
2076821,2025-03-31 09:52:00,SELL,rec,5320,1,5073.25,5073.25,,tp,2025-03
2077060,2025-03-31 13:51:00,BUY,rec,5321,1,5119.5,5119.25,True,rec,2025-03
2077061,2025-03-31 13:52:00,SELL,rec,5321,1,5121.5,5121.5,,tp,2025-03
2078194,2025-04-01 09:45:00,BUY,rec,5322,1,5153.75,5153.5,True,rec,2025-04
2078194,2025-04-01 09:45:00,SELL,rec,5322,1,5155.75,5155.75,,tp,2025-04
2078218,2025-04-01 10:09:00,BUY,rec,5323,1,5142.5,5142.25,True,rec,2025-04
2078232,2025-04-01 10:23:00,BUY,rec,5324,1,5129.0,5128.75,True,rec,2025-04
2078232,2025-04-01 10:23:00,SELL,rec,5324,1,5131.0,5131.0,,tp,2025-04
2078241,2025-04-01 10:32:00,SELL,rec,5323,1,5144.5,5144.5,,tp,2025-04
2078284,2025-04-01 11:15:00,SELL,rec,5317,1,5200.5,5200.5,,tp,2025-04
2078504,2025-04-01 14:55:00,BUY,rec,5325,1,5153.75,5153.5,True,rec,2025-04
2078504,2025-04-01 14:55:00,SELL,rec,5325,1,5155.75,5155.75,,tp,2025-04
2079562,2025-04-02 09:33:00,BUY,rec,5326,1,5143.25,5143.0,True,rec,2025-04
2079562,2025-04-02 09:33:00,SELL,rec,5326,1,5145.25,5145.25,,tp,2025-04
2079815,2025-04-02 13:46:00,BUY,rec,5327,1,5233.0,5232.75,True,rec,2025-04
2079837,2025-04-02 14:08:00,BUY,rec,5328,1,5218.25,5218.0,True,rec,2025-04
2079861,2025-04-02 14:32:00,BUY,rec,5329,1,5205.0,5204.75,True,rec,2025-04
2079861,2025-04-02 14:32:00,SELL,rec,5329,1,5207.0,5207.0,,tp,2025-04
2079870,2025-04-02 14:41:00,SELL,rec,5328,1,5220.25,5220.25,,tp,2025-04
2079932,2025-04-02 15:43:00,SELL,rec,5327,1,5235.0,5235.0,,tp,2025-04
2081288,2025-04-03 15:20:00,BUY,rec,5330,1,4978.75,4978.5,True,rec,2025-04
2081288,2025-04-03 15:20:00,SELL,rec,5330,1,4980.75,4980.75,,tp,2025-04
2081307,2025-04-03 15:39:00,BUY,rec,5331,1,4967.75,4967.5,True,rec,2025-04
2081310,2025-04-03 15:42:00,SELL,rec,5331,1,4969.75,4969.75,,tp,2025-04
2081322,2025-04-03 15:54:00,BUY,rec,5332,1,4964.25,4964.0,True,rec,2025-04
2081322,2025-04-03 15:54:00,SELL,rec,5332,1,4966.25,4966.25,,tp,2025-04
2081329,2025-04-03 16:01:00,BUY,rec,5333,1,4959.0,4958.75,True,rec,2025-04
2082324,2025-04-04 09:36:00,BUY,rec,5334,1,4817.0,4816.75,True,rec,2025-04
2082324,2025-04-04 09:36:00,SELL,rec,5334,1,4819.0,4819.0,,tp,2025-04
2082325,2025-04-04 09:37:00,BUY,rec,5335,1,4805.25,4805.0,True,rec,2025-04
2082328,2025-04-04 09:40:00,BUY,rec,5336,1,4793.75,4793.5,True,rec,2025-04
2082328,2025-04-04 09:40:00,SELL,rec,5336,1,4795.75,4795.75,,tp,2025-04
2082336,2025-04-04 09:48:00,SELL,rec,5335,1,4807.25,4807.25,,tp,2025-04
2082366,2025-04-04 10:18:00,BUY,rec,5337,1,4757.75,4757.5,True,rec,2025-04
2082366,2025-04-04 10:18:00,SELL,rec,5337,1,4759.75,4759.75,,tp,2025-04
2082380,2025-04-04 10:32:00,BUY,rec,5338,1,4747.5,4747.25,True,rec,2025-04
2082410,2025-04-04 11:02:00,SELL,rec,5338,1,4749.5,4749.5,,tp,2025-04
2083701,2025-04-07 09:33:00,BUY,rec,5339,1,4461.25,4461.0,True,rec,2025-04
2083701,2025-04-07 09:33:00,SELL,rec,5339,1,4463.25,4463.25,,tp,2025-04
2083704,2025-04-07 09:36:00,BUY,rec,5340,1,4448.75,4448.5,True,rec,2025-04
2083704,2025-04-07 09:36:00,SELL,rec,5340,1,4450.75,4450.75,,tp,2025-04
2083713,2025-04-07 09:45:00,BUY,rec,5341,1,4401.0,4400.75,True,rec,2025-04
2083713,2025-04-07 09:45:00,SELL,rec,5341,1,4403.0,4403.0,,tp,2025-04
2083714,2025-04-07 09:46:00,BUY,rec,5342,1,4410.5,4410.25,True,rec,2025-04
2083714,2025-04-07 09:46:00,SELL,rec,5342,1,4412.5,4412.5,,tp,2025-04
2084046,2025-04-07 15:18:00,BUY,rec,5343,1,4591.5,4591.25,True,rec,2025-04
2084046,2025-04-07 15:18:00,SELL,rec,5343,1,4593.5,4593.5,,tp,2025-04
2085261,2025-04-08 12:33:00,BUY,rec,5344,1,4698.25,4698.0,True,rec,2025-04
2085261,2025-04-08 12:33:00,SELL,rec,5344,1,4700.25,4700.25,,tp,2025-04
2085287,2025-04-08 12:59:00,BUY,rec,5345,1,4661.25,4661.0,True,rec,2025-04
2085325,2025-04-08 13:37:00,BUY,rec,5346,1,4616.5,4616.25,True,rec,2025-04
2085326,2025-04-08 13:38:00,SELL,rec,5346,1,4618.5,4618.5,,tp,2025-04
2085332,2025-04-08 13:44:00,SELL,rec,5345,1,4663.25,4663.25,,tp,2025-04
2085386,2025-04-08 14:38:00,BUY,rec,5347,1,4604.5,4604.25,True,rec,2025-04
2085386,2025-04-08 14:38:00,SELL,rec,5347,1,4606.5,4606.5,,tp,2025-04
2085450,2025-04-08 15:42:00,BUY,rec,5348,1,4502.25,4502.0,True,rec,2025-04
2085450,2025-04-08 15:42:00,SELL,rec,5348,1,4504.25,4504.25,,tp,2025-04
2086688,2025-04-09 13:20:00,BUY,rec,5349,1,4571.75,4571.5,True,rec,2025-04
2086688,2025-04-09 13:20:00,SELL,rec,5349,1,4573.75,4573.75,,tp,2025-04
2086754,2025-04-09 14:26:00,SELL,rec,5333,1,4961.0,4961.0,,tp,2025-04
2087975,2025-04-10 11:47:00,BUY,rec,5350,1,4802.5,4802.25,True,rec,2025-04
2087992,2025-04-10 12:04:00,BUY,rec,5351,1,4755.25,4755.0,True,rec,2025-04
2087997,2025-04-10 12:09:00,SELL,rec,5351,1,4757.25,4757.25,,tp,2025-04
2088013,2025-04-10 12:25:00,BUY,rec,5352,1,4692.5,4692.25,True,rec,2025-04
2088013,2025-04-10 12:25:00,SELL,rec,5352,1,4694.5,4694.5,,tp,2025-04
2088051,2025-04-10 13:03:00,SELL,rec,5350,1,4804.5,4804.5,,tp,2025-04
2089280,2025-04-11 10:32:00,BUY,rec,5353,1,4793.25,4793.0,True,rec,2025-04
2089280,2025-04-11 10:32:00,SELL,rec,5353,1,4795.25,4795.25,,tp,2025-04
2089462,2025-04-11 13:34:00,BUY,rec,5354,1,4874.0,4873.75,True,rec,2025-04
2089465,2025-04-11 13:37:00,SELL,rec,5354,1,4876.0,4876.0,,tp,2025-04
2090743,2025-04-14 11:55:00,BUY,rec,5355,1,4936.75,4936.5,True,rec,2025-04
2090744,2025-04-14 11:56:00,SELL,rec,5355,1,4938.75,4938.75,,tp,2025-04
2090762,2025-04-14 12:14:00,BUY,rec,5356,1,4922.5,4922.25,True,rec,2025-04
2090762,2025-04-14 12:14:00,SELL,rec,5356,1,4924.5,4924.5,,tp,2025-04
2090979,2025-04-14 15:51:00,BUY,rec,5357,1,4984.5,4984.25,True,rec,2025-04
2091988,2025-04-15 09:40:00,SELL,rec,5357,1,4986.5,4986.5,,tp,2025-04
2092216,2025-04-15 13:28:00,BUY,rec,5358,1,4955.5,4955.25,True,rec,2025-04
2092219,2025-04-15 13:31:00,SELL,rec,5358,1,4957.5,4957.5,,tp,2025-04
2092266,2025-04-15 14:18:00,BUY,rec,5359,1,4947.0,4946.75,True,rec,2025-04
2092271,2025-04-15 14:23:00,SELL,rec,5359,1,4949.0,4949.0,,tp,2025-04
2092357,2025-04-15 15:49:00,BUY,rec,5360,1,4949.5,4949.25,True,rec,2025-04
2092358,2025-04-15 15:50:00,SELL,rec,5360,1,4951.5,4951.5,,tp,2025-04
2093378,2025-04-16 09:50:00,BUY,rec,5361,1,4894.75,4894.5,True,rec,2025-04
2093378,2025-04-16 09:50:00,SELL,rec,5361,1,4896.75,4896.75,,tp,2025-04
2093386,2025-04-16 09:58:00,BUY,rec,5362,1,4878.75,4878.5,True,rec,2025-04
2093386,2025-04-16 09:58:00,SELL,rec,5362,1,4880.75,4880.75,,tp,2025-04
2093390,2025-04-16 10:02:00,BUY,rec,5363,1,4874.0,4873.75,True,rec,2025-04
2093391,2025-04-16 10:03:00,SELL,rec,5363,1,4876.0,4876.0,,tp,2025-04
2093511,2025-04-16 12:03:00,BUY,rec,5364,1,4889.0,4888.75,True,rec,2025-04
2093543,2025-04-16 12:35:00,SELL,rec,5364,1,4891.0,4891.0,,tp,2025-04
2093551,2025-04-16 12:43:00,BUY,rec,5365,1,4882.5,4882.25,True,rec,2025-04
2093551,2025-04-16 12:43:00,SELL,rec,5365,1,4884.5,4884.5,,tp,2025-04
2093600,2025-04-16 13:32:00,BUY,rec,5366,1,4875.75,4875.5,True,rec,2025-04
2093601,2025-04-16 13:33:00,BUY,rec,5367,1,4859.5,4859.25,True,rec,2025-04
2093601,2025-04-16 13:33:00,SELL,rec,5367,1,4861.5,4861.5,,tp,2025-04
2093603,2025-04-16 13:35:00,BUY,rec,5368,1,4861.5,4861.25,True,rec,2025-04
2093606,2025-04-16 13:38:00,SELL,rec,5368,1,4863.5,4863.5,,tp,2025-04
2093611,2025-04-16 13:43:00,BUY,rec,5369,1,4842.75,4842.5,True,rec,2025-04
2093611,2025-04-16 13:43:00,SELL,rec,5369,1,4844.75,4844.75,,tp,2025-04
2093621,2025-04-16 13:53:00,BUY,rec,5370,1,4830.5,4830.25,True,rec,2025-04
2093621,2025-04-16 13:53:00,SELL,rec,5370,1,4832.5,4832.5,,tp,2025-04
2093628,2025-04-16 14:00:00,BUY,rec,5371,1,4816.75,4816.5,True,rec,2025-04
2093629,2025-04-16 14:01:00,SELL,rec,5371,1,4818.75,4818.75,,tp,2025-04
2094801,2025-04-17 10:33:00,BUY,rec,5372,1,4819.0,4818.75,True,rec,2025-04
2094801,2025-04-17 10:33:00,SELL,rec,5372,1,4821.0,4821.0,,tp,2025-04
2095017,2025-04-17 14:09:00,SELL,rec,5366,1,4877.75,4877.75,,tp,2025-04
2095123,2025-04-17 15:55:00,BUY,rec,5373,1,4832.25,4832.0,True,rec,2025-04
2095123,2025-04-17 15:55:00,SELL,rec,5373,1,4834.25,4834.25,,tp,2025-04
2096124,2025-04-21 09:36:00,BUY,rec,5374,1,4774.0,4773.75,True,rec,2025-04
2096380,2025-04-21 13:52:00,BUY,rec,5375,1,4661.25,4661.0,True,rec,2025-04
2096407,2025-04-21 14:19:00,SELL,rec,5375,1,4663.25,4663.25,,tp,2025-04
2097510,2025-04-22 09:42:00,SELL,rec,5374,1,4776.0,4776.0,,tp,2025-04
2097722,2025-04-22 13:14:00,BUY,rec,5376,1,4832.0,4831.75,True,rec,2025-04
2097726,2025-04-22 13:18:00,BUY,rec,5377,1,4812.75,4812.5,True,rec,2025-04
2097727,2025-04-22 13:19:00,SELL,rec,5377,1,4814.75,4814.75,,tp,2025-04
2097735,2025-04-22 13:27:00,BUY,rec,5378,1,4806.25,4806.0,True,rec,2025-04
2097735,2025-04-22 13:27:00,SELL,rec,5378,1,4808.25,4808.25,,tp,2025-04
2097741,2025-04-22 13:33:00,BUY,rec,5379,1,4793.25,4793.0,True,rec,2025-04
2097741,2025-04-22 13:33:00,SELL,rec,5379,1,4795.25,4795.25,,tp,2025-04
2097744,2025-04-22 13:36:00,BUY,rec,5380,1,4796.75,4796.5,True,rec,2025-04
2097744,2025-04-22 13:36:00,SELL,rec,5380,1,4798.75,4798.75,,tp,2025-04
2097817,2025-04-22 14:49:00,SELL,rec,5376,1,4834.0,4834.0,,tp,2025-04
2098993,2025-04-23 11:25:00,BUY,rec,5381,1,4966.0,4965.75,True,rec,2025-04
2098993,2025-04-23 11:25:00,SELL,rec,5381,1,4968.0,4968.0,,tp,2025-04
2098999,2025-04-23 11:31:00,BUY,rec,5382,1,4955.0,4954.75,True,rec,2025-04
2098999,2025-04-23 11:31:00,SELL,rec,5382,1,4957.0,4957.0,,tp,2025-04
2101661,2025-04-25 09:53:00,BUY,rec,5383,1,5020.5,5020.25,True,rec,2025-04
2101669,2025-04-25 10:01:00,SELL,rec,5383,1,5022.5,5022.5,,tp,2025-04
2101670,2025-04-25 10:02:00,BUY,rec,5384,1,5026.75,5026.5,True,rec,2025-04
2101670,2025-04-25 10:02:00,SELL,rec,5384,1,5028.75,5028.75,,tp,2025-04
2101693,2025-04-25 10:25:00,BUY,rec,5385,1,5016.25,5016.0,True,rec,2025-04
2101693,2025-04-25 10:25:00,SELL,rec,5385,1,5018.25,5018.25,,tp,2025-04
2101899,2025-04-25 13:51:00,BUY,rec,5386,1,5052.25,5052.0,True,rec,2025-04
2101906,2025-04-25 13:58:00,BUY,rec,5387,1,5039.0,5038.75,True,rec,2025-04
2101907,2025-04-25 13:59:00,SELL,rec,5387,1,5041.0,5041.0,,tp,2025-04
2101912,2025-04-25 14:04:00,SELL,rec,5386,1,5054.25,5054.25,,tp,2025-04
2102005,2025-04-25 15:37:00,BUY,rec,5388,1,5063.0,5062.75,True,rec,2025-04
2102019,2025-04-25 15:51:00,SELL,rec,5388,1,5065.0,5065.0,,tp,2025-04
2103121,2025-04-28 11:13:00,BUY,rec,5389,1,5063.75,5063.5,True,rec,2025-04
2103122,2025-04-28 11:14:00,SELL,rec,5389,1,5065.75,5065.75,,tp,2025-04
2103133,2025-04-28 11:25:00,BUY,rec,5390,1,5048.25,5048.0,True,rec,2025-04
2103150,2025-04-28 11:42:00,SELL,rec,5390,1,5050.25,5050.25,,tp,2025-04
2103245,2025-04-28 13:17:00,BUY,rec,5391,1,5022.0,5021.75,True,rec,2025-04
2103245,2025-04-28 13:17:00,SELL,rec,5391,1,5024.0,5024.0,,tp,2025-04
2104599,2025-04-29 12:51:00,BUY,rec,5392,1,5078.75,5078.5,True,rec,2025-04
2104599,2025-04-29 12:51:00,SELL,rec,5392,1,5080.75,5080.75,,tp,2025-04
2104772,2025-04-29 15:44:00,BUY,rec,5393,1,5108.25,5108.0,True,rec,2025-04
2104777,2025-04-29 15:49:00,SELL,rec,5393,1,5110.25,5110.25,,tp,2025-04
2105782,2025-04-30 09:34:00,BUY,rec,5394,1,5023.25,5023.0,True,rec,2025-04
2105782,2025-04-30 09:34:00,SELL,rec,5394,1,5025.25,5025.25,,tp,2025-04
2105790,2025-04-30 09:42:00,BUY,rec,5395,1,5005.25,5005.0,True,rec,2025-04
2105793,2025-04-30 09:45:00,BUY,rec,5396,1,4993.5,4993.25,True,rec,2025-04
2105793,2025-04-30 09:45:00,SELL,rec,5396,1,4995.5,4995.5,,tp,2025-04
2105822,2025-04-30 10:14:00,SELL,rec,5395,1,5007.25,5007.25,,tp,2025-04
2105956,2025-04-30 12:28:00,BUY,rec,5397,1,5047.75,5047.5,True,rec,2025-04
2105966,2025-04-30 12:38:00,SELL,rec,5397,1,5049.75,5049.75,,tp,2025-04
2106079,2025-04-30 14:31:00,BUY,rec,5398,1,5068.75,5068.5,True,rec,2025-04
2106080,2025-04-30 14:32:00,SELL,rec,5398,1,5070.75,5070.75,,tp,2025-04
2106092,2025-04-30 14:44:00,BUY,rec,5399,1,5060.5,5060.25,True,rec,2025-04
2106094,2025-04-30 14:46:00,SELL,rec,5399,1,5062.5,5062.5,,tp,2025-04
2107306,2025-05-01 11:58:00,BUY,rec,5400,1,5167.25,5167.0,True,rec,2025-05
2107307,2025-05-01 11:59:00,SELL,rec,5400,1,5169.25,5169.25,,tp,2025-05
2107327,2025-05-01 12:19:00,BUY,rec,5401,1,5164.0,5163.75,True,rec,2025-05
2107334,2025-05-01 12:26:00,SELL,rec,5401,1,5166.0,5166.0,,tp,2025-05
2107542,2025-05-01 15:54:00,BUY,rec,5402,1,5170.75,5170.5,True,rec,2025-05
2107542,2025-05-01 15:54:00,SELL,rec,5402,1,5172.75,5172.75,,tp,2025-05
2107545,2025-05-01 15:57:00,BUY,rec,5403,1,5160.0,5159.75,True,rec,2025-05
2107549,2025-05-01 16:01:00,BUY,rec,5404,1,5147.75,5147.5,True,rec,2025-05
2107549,2025-05-01 16:01:00,SELL,rec,5404,1,5149.75,5149.75,,tp,2025-05
2107555,2025-05-01 16:07:00,BUY,rec,5405,1,5132.0,5131.75,True,rec,2025-05
2108539,2025-05-02 09:31:00,SELL,rec,5403,1,5208.75,5209.0,,tp_gap,2025-05
2108539,2025-05-02 09:31:00,SELL,rec,5405,1,5208.75,5209.0,,tp_gap,2025-05
2108776,2025-05-02 13:28:00,BUY,rec,5406,1,5230.75,5230.5,True,rec,2025-05
2108777,2025-05-02 13:29:00,SELL,rec,5406,1,5232.75,5232.75,,tp,2025-05
2108875,2025-05-02 15:07:00,BUY,rec,5407,1,5228.0,5227.75,True,rec,2025-05
2108875,2025-05-02 15:07:00,SELL,rec,5407,1,5230.0,5230.0,,tp,2025-05
2109921,2025-05-05 09:33:00,BUY,rec,5408,1,5187.25,5187.0,True,rec,2025-05
2109923,2025-05-05 09:35:00,SELL,rec,5408,1,5189.25,5189.25,,tp,2025-05
2109932,2025-05-05 09:44:00,BUY,rec,5409,1,5184.0,5183.75,True,rec,2025-05
2109932,2025-05-05 09:44:00,SELL,rec,5409,1,5186.0,5186.0,,tp,2025-05
2109942,2025-05-05 09:54:00,BUY,rec,5410,1,5183.0,5182.75,True,rec,2025-05
2109944,2025-05-05 09:56:00,SELL,rec,5410,1,5185.0,5185.0,,tp,2025-05
2110251,2025-05-05 15:03:00,BUY,rec,5411,1,5218.25,5218.0,True,rec,2025-05
2110254,2025-05-05 15:06:00,SELL,rec,5411,1,5220.25,5220.25,,tp,2025-05
2110272,2025-05-05 15:24:00,BUY,rec,5412,1,5209.0,5208.75,True,rec,2025-05
2110272,2025-05-05 15:24:00,SELL,rec,5412,1,5211.0,5211.0,,tp,2025-05
2110294,2025-05-05 15:46:00,BUY,rec,5413,1,5207.5,5207.25,True,rec,2025-05
2110304,2025-05-05 15:56:00,BUY,rec,5414,1,5195.5,5195.25,True,rec,2025-05
2110309,2025-05-05 16:01:00,SELL,rec,5414,1,5197.5,5197.5,,tp,2025-05
2110315,2025-05-05 16:07:00,BUY,rec,5415,1,5191.0,5190.75,True,rec,2025-05
2110316,2025-05-05 16:08:00,SELL,rec,5415,1,5193.0,5193.0,,tp,2025-05
2111320,2025-05-06 09:53:00,BUY,rec,5416,1,5133.5,5133.25,True,rec,2025-05
2111324,2025-05-06 09:57:00,SELL,rec,5416,1,5135.5,5135.5,,tp,2025-05
2111684,2025-05-06 15:57:00,BUY,rec,5417,1,5159.25,5159.0,True,rec,2025-05
2112678,2025-05-07 09:31:00,SELL,rec,5417,1,5161.25,5161.25,,tp,2025-05
2112940,2025-05-07 13:53:00,BUY,rec,5418,1,5158.75,5158.5,True,rec,2025-05
2112948,2025-05-07 14:01:00,SELL,rec,5418,1,5160.75,5160.75,,tp,2025-05
2112949,2025-05-07 14:02:00,BUY,rec,5419,1,5156.0,5155.75,True,rec,2025-05
2112949,2025-05-07 14:02:00,SELL,rec,5419,1,5158.0,5158.0,,tp,2025-05
2112956,2025-05-07 14:09:00,BUY,rec,5420,1,5132.5,5132.25,True,rec,2025-05
2112968,2025-05-07 14:21:00,SELL,rec,5420,1,5134.5,5134.5,,tp,2025-05
2114058,2025-05-08 09:31:00,SELL,rec,5413,1,5211.0,5211.25,,tp_gap,2025-05
2114434,2025-05-08 15:47:00,BUY,rec,5421,1,5230.5,5230.25,True,rec,2025-05
2114440,2025-05-08 15:53:00,BUY,rec,5422,1,5218.75,5218.5,True,rec,2025-05
2114445,2025-05-08 15:58:00,BUY,rec,5423,1,5208.75,5208.5,True,rec,2025-05
2114448,2025-05-08 16:01:00,SELL,rec,5423,1,5210.75,5210.75,,tp,2025-05
2115438,2025-05-09 09:31:00,SELL,rec,5422,1,5222.0,5222.25,,tp_gap,2025-05
2115496,2025-05-09 10:29:00,BUY,rec,5424,1,5200.75,5200.5,True,rec,2025-05
2115498,2025-05-09 10:31:00,SELL,rec,5424,1,5202.75,5202.75,,tp,2025-05
2115508,2025-05-09 10:41:00,BUY,rec,5425,1,5190.75,5190.5,True,rec,2025-05
2115508,2025-05-09 10:41:00,SELL,rec,5425,1,5192.75,5192.75,,tp,2025-05
2115671,2025-05-09 13:24:00,BUY,rec,5426,1,5196.75,5196.5,True,rec,2025-05
2115671,2025-05-09 13:24:00,SELL,rec,5426,1,5198.75,5198.75,,tp,2025-05
2115800,2025-05-09 15:33:00,BUY,rec,5427,1,5202.5,5202.25,True,rec,2025-05
2115800,2025-05-09 15:33:00,SELL,rec,5427,1,5204.5,5204.5,,tp,2025-05
2115815,2025-05-09 15:48:00,BUY,rec,5428,1,5202.25,5202.0,True,rec,2025-05
2115818,2025-05-09 15:51:00,SELL,rec,5428,1,5204.25,5204.25,,tp,2025-05
2115829,2025-05-09 16:02:00,BUY,rec,5429,1,5201.0,5200.75,True,rec,2025-05
2115832,2025-05-09 16:05:00,SELL,rec,5429,1,5203.0,5203.0,,tp,2025-05
2116818,2025-05-12 09:31:00,SELL,rec,5307,1,5372.5,5372.75,,tp_gap,2025-05
2116818,2025-05-12 09:31:00,SELL,rec,5308,1,5372.5,5372.75,,tp_gap,2025-05
2116818,2025-05-12 09:31:00,SELL,rec,5421,1,5372.5,5372.75,,tp_gap,2025-05
2118471,2025-05-13 14:04:00,BUY,rec,5430,1,5437.5,5437.25,True,rec,2025-05
2118473,2025-05-13 14:06:00,SELL,rec,5430,1,5439.5,5439.5,,tp,2025-05
2118513,2025-05-13 14:46:00,BUY,rec,5431,1,5435.0,5434.75,True,rec,2025-05
2118520,2025-05-13 14:53:00,SELL,rec,5431,1,5437.0,5437.0,,tp,2025-05
2118582,2025-05-13 15:55:00,BUY,rec,5432,1,5436.75,5436.5,True,rec,2025-05
2118590,2025-05-13 16:03:00,BUY,rec,5433,1,5425.5,5425.25,True,rec,2025-05
2119578,2025-05-14 09:31:00,SELL,rec,5433,1,5435.5,5435.75,,tp_gap,2025-05
2119578,2025-05-14 09:31:00,SELL,rec,5432,1,5438.75,5438.75,,tp,2025-05
2119597,2025-05-14 09:50:00,BUY,rec,5434,1,5426.0,5425.75,True,rec,2025-05
2119597,2025-05-14 09:50:00,SELL,rec,5434,1,5428.0,5428.0,,tp,2025-05
2119605,2025-05-14 09:58:00,BUY,rec,5435,1,5425.25,5425.0,True,rec,2025-05
2119606,2025-05-14 09:59:00,SELL,rec,5435,1,5427.25,5427.25,,tp,2025-05
2119621,2025-05-14 10:14:00,BUY,rec,5436,1,5428.75,5428.5,True,rec,2025-05
2119621,2025-05-14 10:14:00,SELL,rec,5436,1,5430.75,5430.75,,tp,2025-05
2119674,2025-05-14 11:07:00,BUY,rec,5437,1,5418.5,5418.25,True,rec,2025-05
2119675,2025-05-14 11:08:00,SELL,rec,5437,1,5420.5,5420.5,,tp,2025-05
2119800,2025-05-14 13:13:00,BUY,rec,5438,1,5429.5,5429.25,True,rec,2025-05
2119812,2025-05-14 13:25:00,BUY,rec,5439,1,5416.0,5415.75,True,rec,2025-05
2119815,2025-05-14 13:28:00,SELL,rec,5439,1,5418.0,5418.0,,tp,2025-05
2119840,2025-05-14 13:53:00,SELL,rec,5438,1,5431.5,5431.5,,tp,2025-05
2119934,2025-05-14 15:27:00,BUY,rec,5440,1,5425.75,5425.5,True,rec,2025-05
2119934,2025-05-14 15:27:00,SELL,rec,5440,1,5427.75,5427.75,,tp,2025-05
2120969,2025-05-15 09:42:00,BUY,rec,5441,1,5414.25,5414.0,True,rec,2025-05
2120970,2025-05-15 09:43:00,SELL,rec,5441,1,5416.25,5416.25,,tp,2025-05
2120976,2025-05-15 09:49:00,BUY,rec,5442,1,5412.0,5411.75,True,rec,2025-05
2120980,2025-05-15 09:53:00,SELL,rec,5442,1,5414.0,5414.0,,tp,2025-05
2121230,2025-05-15 14:03:00,BUY,rec,5443,1,5454.75,5454.5,True,rec,2025-05
2121259,2025-05-15 14:32:00,SELL,rec,5443,1,5456.75,5456.75,,tp,2025-05
2121315,2025-05-15 15:28:00,BUY,rec,5444,1,5443.25,5443.0,True,rec,2025-05
2121315,2025-05-15 15:28:00,SELL,rec,5444,1,5445.25,5445.25,,tp,2025-05
2122715,2025-05-16 15:48:00,BUY,rec,5445,1,5489.5,5489.25,True,rec,2025-05
2122715,2025-05-16 15:48:00,SELL,rec,5445,1,5491.5,5491.5,,tp,2025-05
2124007,2025-05-19 14:20:00,BUY,rec,5446,1,5489.75,5489.5,True,rec,2025-05
2124011,2025-05-19 14:24:00,SELL,rec,5446,1,5491.75,5491.75,,tp,2025-05
2124076,2025-05-19 15:29:00,BUY,rec,5447,1,5487.75,5487.5,True,rec,2025-05
2124077,2025-05-19 15:30:00,SELL,rec,5447,1,5489.75,5489.75,,tp,2025-05
2125107,2025-05-20 09:40:00,BUY,rec,5448,1,5487.5,5487.25,True,rec,2025-05
2125120,2025-05-20 09:53:00,BUY,rec,5449,1,5477.5,5477.25,True,rec,2025-05
2125120,2025-05-20 09:53:00,SELL,rec,5449,1,5479.5,5479.5,,tp,2025-05
2125167,2025-05-20 10:40:00,SELL,rec,5448,1,5489.5,5489.5,,tp,2025-05
2125387,2025-05-20 14:20:00,BUY,rec,5450,1,5480.0,5479.75,True,rec,2025-05
2125390,2025-05-20 14:23:00,BUY,rec,5451,1,5469.25,5469.0,True,rec,2025-05
2125391,2025-05-20 14:24:00,SELL,rec,5451,1,5471.25,5471.25,,tp,2025-05
2125400,2025-05-20 14:33:00,BUY,rec,5452,1,5461.5,5461.25,True,rec,2025-05
2125401,2025-05-20 14:34:00,SELL,rec,5452,1,5463.5,5463.5,,tp,2025-05
2125434,2025-05-20 15:07:00,BUY,rec,5453,1,5453.5,5453.25,True,rec,2025-05
2125436,2025-05-20 15:09:00,SELL,rec,5453,1,5455.5,5455.5,,tp,2025-05
2125487,2025-05-20 16:00:00,SELL,rec,5450,1,5482.0,5482.0,,tp,2025-05
2126692,2025-05-21 13:05:00,BUY,rec,5454,1,5465.75,5465.5,True,rec,2025-05
2126692,2025-05-21 13:05:00,SELL,rec,5454,1,5467.75,5467.75,,tp,2025-05
2126701,2025-05-21 13:14:00,BUY,rec,5455,1,5457.75,5457.5,True,rec,2025-05
2126705,2025-05-21 13:18:00,BUY,rec,5456,1,5444.75,5444.5,True,rec,2025-05
2126708,2025-05-21 13:21:00,BUY,rec,5457,1,5435.0,5434.75,True,rec,2025-05
2126710,2025-05-21 13:23:00,BUY,rec,5458,1,5424.25,5424.0,True,rec,2025-05
2126713,2025-05-21 13:26:00,BUY,rec,5459,1,5412.5,5412.25,True,rec,2025-05
2126719,2025-05-21 13:32:00,BUY,rec,5460,1,5394.5,5394.25,True,rec,2025-05
2126719,2025-05-21 13:32:00,SELL,rec,5460,1,5396.5,5396.5,,tp,2025-05
2126721,2025-05-21 13:34:00,SELL,rec,5459,1,5414.5,5414.5,,tp,2025-05
2126727,2025-05-21 13:40:00,SELL,rec,5458,1,5426.25,5426.25,,tp,2025-05
2126809,2025-05-21 15:02:00,BUY,rec,5461,1,5395.25,5395.0,True,rec,2025-05
2126810,2025-05-21 15:03:00,SELL,rec,5461,1,5397.25,5397.25,,tp,2025-05
2126821,2025-05-21 15:14:00,BUY,rec,5462,1,5381.0,5380.75,True,rec,2025-05
2126821,2025-05-21 15:14:00,SELL,rec,5462,1,5383.0,5383.0,,tp,2025-05
2126831,2025-05-21 15:24:00,BUY,rec,5463,1,5379.0,5378.75,True,rec,2025-05
2126838,2025-05-21 15:31:00,SELL,rec,5463,1,5381.0,5381.0,,tp,2025-05
2127864,2025-05-22 09:37:00,BUY,rec,5464,1,5377.0,5376.75,True,rec,2025-05
2127869,2025-05-22 09:42:00,SELL,rec,5464,1,5379.0,5379.0,,tp,2025-05
2128245,2025-05-22 15:58:00,BUY,rec,5465,1,5380.5,5380.25,True,rec,2025-05
2128248,2025-05-22 16:01:00,SELL,rec,5465,1,5382.5,5382.5,,tp,2025-05
2129532,2025-05-23 14:25:00,BUY,rec,5466,1,5352.0,5351.75,True,rec,2025-05
2129532,2025-05-23 14:25:00,SELL,rec,5466,1,5354.0,5354.0,,tp,2025-05
2129593,2025-05-23 15:26:00,BUY,rec,5467,1,5348.75,5348.5,True,rec,2025-05
2129602,2025-05-23 15:35:00,SELL,rec,5467,1,5350.75,5350.75,,tp,2025-05
2129623,2025-05-23 15:56:00,BUY,rec,5468,1,5337.75,5337.5,True,rec,2025-05
2129624,2025-05-23 15:57:00,SELL,rec,5468,1,5339.75,5339.75,,tp,2025-05
2131763,2025-05-27 09:36:00,BUY,rec,5469,1,5398.5,5398.25,True,rec,2025-05
2131768,2025-05-27 09:41:00,SELL,rec,5469,1,5400.5,5400.5,,tp,2025-05
2131876,2025-05-27 11:29:00,SELL,rec,5457,1,5437.0,5437.0,,tp,2025-05
2131946,2025-05-27 12:39:00,SELL,rec,5456,1,5446.75,5446.75,,tp,2025-05
2132029,2025-05-27 14:02:00,SELL,rec,5455,1,5459.75,5459.75,,tp,2025-05
2132139,2025-05-27 15:52:00,BUY,rec,5470,1,5451.0,5450.75,True,rec,2025-05
2132143,2025-05-27 15:56:00,SELL,rec,5470,1,5453.0,5453.0,,tp,2025-05
2133186,2025-05-28 10:19:00,BUY,rec,5471,1,5449.75,5449.5,True,rec,2025-05
2133186,2025-05-28 10:19:00,SELL,rec,5471,1,5451.75,5451.75,,tp,2025-05
2133191,2025-05-28 10:24:00,BUY,rec,5472,1,5450.25,5450.0,True,rec,2025-05
2133191,2025-05-28 10:24:00,SELL,rec,5472,1,5452.25,5452.25,,tp,2025-05
2133224,2025-05-28 10:57:00,BUY,rec,5473,1,5442.25,5442.0,True,rec,2025-05
2133229,2025-05-28 11:02:00,SELL,rec,5473,1,5444.25,5444.25,,tp,2025-05
2133461,2025-05-28 14:54:00,BUY,rec,5474,1,5438.0,5437.75,True,rec,2025-05
2133461,2025-05-28 14:54:00,SELL,rec,5474,1,5440.0,5440.0,,tp,2025-05
2133519,2025-05-28 15:52:00,BUY,rec,5475,1,5428.75,5428.5,True,rec,2025-05
2134518,2025-05-29 09:31:00,SELL,rec,5475,1,5477.25,5477.5,,tp_gap,2025-05
2134659,2025-05-29 11:52:00,BUY,rec,5476,1,5439.0,5438.75,True,rec,2025-05
2134659,2025-05-29 11:52:00,SELL,rec,5476,1,5441.0,5441.0,,tp,2025-05
2134668,2025-05-29 12:01:00,BUY,rec,5477,1,5417.75,5417.5,True,rec,2025-05
2134671,2025-05-29 12:04:00,SELL,rec,5477,1,5419.75,5419.75,,tp,2025-05
2134811,2025-05-29 14:24:00,BUY,rec,5478,1,5426.0,5425.75,True,rec,2025-05
2134811,2025-05-29 14:24:00,SELL,rec,5478,1,5428.0,5428.0,,tp,2025-05
2135900,2025-05-30 09:33:00,BUY,rec,5479,1,5427.75,5427.5,True,rec,2025-05
2135921,2025-05-30 09:54:00,BUY,rec,5480,1,5411.5,5411.25,True,rec,2025-05
2135921,2025-05-30 09:54:00,SELL,rec,5480,1,5413.5,5413.5,,tp,2025-05
2135933,2025-05-30 10:06:00,SELL,rec,5479,1,5429.75,5429.75,,tp,2025-05
2136023,2025-05-30 11:36:00,BUY,rec,5481,1,5425.75,5425.5,True,rec,2025-05
2136043,2025-05-30 11:56:00,SELL,rec,5481,1,5427.75,5427.75,,tp,2025-05
2136077,2025-05-30 12:30:00,BUY,rec,5482,1,5398.0,5397.75,True,rec,2025-05
2136083,2025-05-30 12:36:00,BUY,rec,5483,1,5385.0,5384.75,True,rec,2025-05
2136084,2025-05-30 12:37:00,SELL,rec,5483,1,5387.0,5387.0,,tp,2025-05
2136115,2025-05-30 13:08:00,SELL,rec,5482,1,5400.0,5400.0,,tp,2025-05
2136294,2025-05-30 16:07:00,BUY,rec,5484,1,5432.0,5431.75,True,rec,2025-05
2136294,2025-05-30 16:07:00,SELL,rec,5484,1,5434.0,5434.0,,tp,2025-05
2137304,2025-06-02 09:57:00,BUY,rec,5485,1,5416.25,5416.0,True,rec,2025-06
2137305,2025-06-02 09:58:00,SELL,rec,5485,1,5418.25,5418.25,,tp,2025-06
2138927,2025-06-03 14:00:00,BUY,rec,5486,1,5505.0,5504.75,True,rec,2025-06
2138939,2025-06-03 14:12:00,BUY,rec,5487,1,5492.75,5492.5,True,rec,2025-06
2138939,2025-06-03 14:12:00,SELL,rec,5487,1,5494.75,5494.75,,tp,2025-06
2138973,2025-06-03 14:46:00,SELL,rec,5486,1,5507.0,5507.0,,tp,2025-06
2139036,2025-06-03 15:49:00,BUY,rec,5488,1,5502.25,5502.0,True,rec,2025-06
2139042,2025-06-03 15:55:00,SELL,rec,5488,1,5504.25,5504.25,,tp,2025-06
2140077,2025-06-04 10:10:00,BUY,rec,5489,1,5501.0,5500.75,True,rec,2025-06
2140077,2025-06-04 10:10:00,SELL,rec,5489,1,5503.0,5503.0,,tp,2025-06
2140361,2025-06-04 14:54:00,BUY,rec,5490,1,5512.5,5512.25,True,rec,2025-06
2140429,2025-06-04 16:02:00,BUY,rec,5491,1,5500.25,5500.0,True,rec,2025-06
2140433,2025-06-04 16:06:00,SELL,rec,5491,1,5502.25,5502.25,,tp,2025-06
2141418,2025-06-05 09:31:00,SELL,rec,5490,1,5517.25,5517.5,,tp_gap,2025-06
2141428,2025-06-05 09:41:00,BUY,rec,5492,1,5497.0,5496.75,True,rec,2025-06
2141428,2025-06-05 09:41:00,SELL,rec,5492,1,5499.0,5499.0,,tp,2025-06
2141434,2025-06-05 09:47:00,BUY,rec,5493,1,5491.0,5490.75,True,rec,2025-06
2141437,2025-06-05 09:50:00,SELL,rec,5493,1,5493.0,5493.0,,tp,2025-06
2141445,2025-06-05 09:58:00,BUY,rec,5494,1,5487.5,5487.25,True,rec,2025-06
2141449,2025-06-05 10:02:00,SELL,rec,5494,1,5489.5,5489.5,,tp,2025-06
2141618,2025-06-05 12:51:00,BUY,rec,5495,1,5493.75,5493.5,True,rec,2025-06
2141618,2025-06-05 12:51:00,SELL,rec,5495,1,5495.75,5495.75,,tp,2025-06
2141697,2025-06-05 14:10:00,BUY,rec,5496,1,5490.25,5490.0,True,rec,2025-06
2141706,2025-06-05 14:19:00,BUY,rec,5497,1,5479.0,5478.75,True,rec,2025-06
2141707,2025-06-05 14:20:00,SELL,rec,5497,1,5481.0,5481.0,,tp,2025-06
2141712,2025-06-05 14:25:00,SELL,rec,5496,1,5492.25,5492.25,,tp,2025-06
2141766,2025-06-05 15:19:00,BUY,rec,5498,1,5462.5,5462.25,True,rec,2025-06
2141774,2025-06-05 15:27:00,SELL,rec,5498,1,5464.5,5464.5,,tp,2025-06
2142909,2025-06-06 11:22:00,BUY,rec,5499,1,5516.75,5516.5,True,rec,2025-06
2142910,2025-06-06 11:23:00,SELL,rec,5499,1,5518.75,5518.75,,tp,2025-06
2143005,2025-06-06 12:58:00,BUY,rec,5500,1,5511.25,5511.0,True,rec,2025-06
2143005,2025-06-06 12:58:00,SELL,rec,5500,1,5513.25,5513.25,,tp,2025-06
2144530,2025-06-09 15:23:00,BUY,rec,5501,1,5542.75,5542.5,True,rec,2025-06
2144545,2025-06-09 15:38:00,SELL,rec,5501,1,5544.75,5544.75,,tp,2025-06
2144555,2025-06-09 15:48:00,BUY,rec,5502,1,5538.5,5538.25,True,rec,2025-06
2144557,2025-06-09 15:50:00,SELL,rec,5502,1,5540.5,5540.5,,tp,2025-06
2144568,2025-06-09 16:01:00,BUY,rec,5503,1,5533.0,5532.75,True,rec,2025-06
2145558,2025-06-10 09:31:00,SELL,rec,5503,1,5538.5,5538.75,,tp_gap,2025-06
2145681,2025-06-10 11:34:00,BUY,rec,5504,1,5538.0,5537.75,True,rec,2025-06
2145683,2025-06-10 11:36:00,SELL,rec,5504,1,5540.0,5540.0,,tp,2025-06
2145810,2025-06-10 13:43:00,BUY,rec,5505,1,5555.0,5554.75,True,rec,2025-06
2145829,2025-06-10 14:02:00,BUY,rec,5506,1,5545.25,5545.0,True,rec,2025-06
2145836,2025-06-10 14:09:00,SELL,rec,5506,1,5547.25,5547.25,,tp,2025-06
2145883,2025-06-10 14:56:00,SELL,rec,5505,1,5557.0,5557.0,,tp,2025-06
2147039,2025-06-11 11:12:00,BUY,rec,5507,1,5578.25,5578.0,True,rec,2025-06
2147040,2025-06-11 11:13:00,SELL,rec,5507,1,5580.25,5580.25,,tp,2025-06
2147078,2025-06-11 11:51:00,BUY,rec,5508,1,5573.25,5573.0,True,rec,2025-06
2147080,2025-06-11 11:53:00,SELL,rec,5508,1,5575.25,5575.25,,tp,2025-06
2147096,2025-06-11 12:09:00,BUY,rec,5509,1,5565.75,5565.5,True,rec,2025-06
2147097,2025-06-11 12:10:00,SELL,rec,5509,1,5567.75,5567.75,,tp,2025-06
2147100,2025-06-11 12:13:00,BUY,rec,5510,1,5562.25,5562.0,True,rec,2025-06
2147100,2025-06-11 12:13:00,SELL,rec,5510,1,5564.25,5564.25,,tp,2025-06
2147110,2025-06-11 12:23:00,BUY,rec,5511,1,5560.5,5560.25,True,rec,2025-06
2147111,2025-06-11 12:24:00,SELL,rec,5511,1,5562.5,5562.5,,tp,2025-06
2147199,2025-06-11 13:52:00,BUY,rec,5512,1,5569.0,5568.75,True,rec,2025-06
2147211,2025-06-11 14:04:00,BUY,rec,5513,1,5554.25,5554.0,True,rec,2025-06
2147224,2025-06-11 14:17:00,BUY,rec,5514,1,5538.25,5538.0,True,rec,2025-06
2147226,2025-06-11 14:19:00,SELL,rec,5514,1,5540.25,5540.25,,tp,2025-06
2147252,2025-06-11 14:45:00,SELL,rec,5513,1,5556.25,5556.25,,tp,2025-06
2148410,2025-06-12 11:03:00,SELL,rec,5512,1,5571.0,5571.0,,tp,2025-06
2148432,2025-06-12 11:25:00,BUY,rec,5515,1,5560.0,5559.75,True,rec,2025-06
2148438,2025-06-12 11:31:00,SELL,rec,5515,1,5562.0,5562.0,,tp,2025-06
2148616,2025-06-12 14:29:00,BUY,rec,5516,1,5563.0,5562.75,True,rec,2025-06
2148616,2025-06-12 14:29:00,SELL,rec,5516,1,5565.0,5565.0,,tp,2025-06
2148699,2025-06-12 15:52:00,BUY,rec,5517,1,5564.5,5564.25,True,rec,2025-06
2148703,2025-06-12 15:56:00,SELL,rec,5517,1,5566.5,5566.5,,tp,2025-06
2149727,2025-06-13 10:00:00,BUY,rec,5518,1,5515.5,5515.25,True,rec,2025-06
2149728,2025-06-13 10:01:00,SELL,rec,5518,1,5517.5,5517.5,,tp,2025-06
2149740,2025-06-13 10:13:00,BUY,rec,5519,1,5512.5,5512.25,True,rec,2025-06
2149742,2025-06-13 10:15:00,SELL,rec,5519,1,5514.5,5514.5,,tp,2025-06
2149750,2025-06-13 10:23:00,BUY,rec,5520,1,5508.75,5508.5,True,rec,2025-06
2149751,2025-06-13 10:24:00,SELL,rec,5520,1,5510.75,5510.75,,tp,2025-06
2149760,2025-06-13 10:33:00,BUY,rec,5521,1,5503.0,5502.75,True,rec,2025-06
2149760,2025-06-13 10:33:00,SELL,rec,5521,1,5505.0,5505.0,,tp,2025-06
2149926,2025-06-13 13:19:00,BUY,rec,5522,1,5530.5,5530.25,True,rec,2025-06
2149926,2025-06-13 13:19:00,SELL,rec,5522,1,5532.5,5532.5,,tp,2025-06
2149953,2025-06-13 13:46:00,BUY,rec,5523,1,5528.0,5527.75,True,rec,2025-06
2149953,2025-06-13 13:46:00,SELL,rec,5523,1,5530.0,5530.0,,tp,2025-06
2149973,2025-06-13 14:06:00,BUY,rec,5524,1,5525.5,5525.25,True,rec,2025-06
2149973,2025-06-13 14:06:00,SELL,rec,5524,1,5527.5,5527.5,,tp,2025-06
2149984,2025-06-13 14:17:00,BUY,rec,5525,1,5516.25,5516.0,True,rec,2025-06
2149987,2025-06-13 14:20:00,SELL,rec,5525,1,5518.25,5518.25,,tp,2025-06
2150003,2025-06-13 14:36:00,BUY,rec,5526,1,5499.5,5499.25,True,rec,2025-06
2150013,2025-06-13 14:46:00,SELL,rec,5526,1,5501.5,5501.5,,tp,2025-06
2150075,2025-06-13 15:48:00,BUY,rec,5527,1,5492.75,5492.5,True,rec,2025-06
2150075,2025-06-13 15:48:00,SELL,rec,5527,1,5494.75,5494.75,,tp,2025-06
2151348,2025-06-16 14:01:00,BUY,rec,5528,1,5556.5,5556.25,True,rec,2025-06
2151349,2025-06-16 14:02:00,SELL,rec,5528,1,5558.5,5558.5,,tp,2025-06
2151400,2025-06-16 14:53:00,BUY,rec,5529,1,5554.25,5554.0,True,rec,2025-06
2151401,2025-06-16 14:54:00,SELL,rec,5529,1,5556.25,5556.25,,tp,2025-06
2151430,2025-06-16 15:23:00,BUY,rec,5530,1,5556.25,5556.0,True,rec,2025-06
2151456,2025-06-16 15:49:00,SELL,rec,5530,1,5558.25,5558.25,,tp,2025-06
2152471,2025-06-17 09:44:00,BUY,rec,5531,1,5532.5,5532.25,True,rec,2025-06
2152475,2025-06-17 09:48:00,SELL,rec,5531,1,5534.5,5534.5,,tp,2025-06
2152658,2025-06-17 12:51:00,BUY,rec,5532,1,5538.0,5537.75,True,rec,2025-06
2152699,2025-06-17 13:32:00,BUY,rec,5533,1,5521.5,5521.25,True,rec,2025-06
2152699,2025-06-17 13:32:00,SELL,rec,5533,1,5523.5,5523.5,,tp,2025-06
2152715,2025-06-17 13:48:00,BUY,rec,5534,1,5519.5,5519.25,True,rec,2025-06
2152729,2025-06-17 14:02:00,BUY,rec,5535,1,5508.25,5508.0,True,rec,2025-06
2152734,2025-06-17 14:07:00,SELL,rec,5535,1,5510.25,5510.25,,tp,2025-06
2152773,2025-06-17 14:46:00,BUY,rec,5536,1,5504.5,5504.25,True,rec,2025-06
2152774,2025-06-17 14:47:00,SELL,rec,5536,1,5506.5,5506.5,,tp,2025-06
2153859,2025-06-18 09:52:00,SELL,rec,5534,1,5521.5,5521.5,,tp,2025-06
2153894,2025-06-18 10:27:00,SELL,rec,5532,1,5540.0,5540.0,,tp,2025-06
2153969,2025-06-18 11:42:00,BUY,rec,5537,1,5530.75,5530.5,True,rec,2025-06
2153977,2025-06-18 11:50:00,SELL,rec,5537,1,5532.75,5532.75,,tp,2025-06
2153990,2025-06-18 12:03:00,BUY,rec,5538,1,5528.25,5528.0,True,rec,2025-06
2153991,2025-06-18 12:04:00,SELL,rec,5538,1,5530.25,5530.25,,tp,2025-06
2154050,2025-06-18 13:03:00,BUY,rec,5539,1,5526.5,5526.25,True,rec,2025-06
2154101,2025-06-18 13:54:00,SELL,rec,5539,1,5528.5,5528.5,,tp,2025-06
2154163,2025-06-18 14:56:00,BUY,rec,5540,1,5517.0,5516.75,True,rec,2025-06
2154166,2025-06-18 14:59:00,BUY,rec,5541,1,5503.75,5503.5,True,rec,2025-06
2154166,2025-06-18 14:59:00,SELL,rec,5541,1,5505.75,5505.75,,tp,2025-06
2154167,2025-06-18 15:00:00,BUY,rec,5542,1,5503.5,5503.25,True,rec,2025-06
2154170,2025-06-18 15:03:00,SELL,rec,5542,1,5505.5,5505.5,,tp,2025-06
2154190,2025-06-18 15:23:00,SELL,rec,5540,1,5519.0,5519.0,,tp,2025-06
2156606,2025-06-20 13:39:00,BUY,rec,5543,1,5476.25,5476.0,True,rec,2025-06
2156609,2025-06-20 13:42:00,SELL,rec,5543,1,5478.25,5478.25,,tp,2025-06
2156689,2025-06-20 15:02:00,BUY,rec,5544,1,5481.0,5480.75,True,rec,2025-06
2156689,2025-06-20 15:02:00,SELL,rec,5544,1,5483.0,5483.0,,tp,2025-06
2157859,2025-06-23 11:32:00,BUY,rec,5545,1,5511.0,5510.75,True,rec,2025-06
2157924,2025-06-23 12:37:00,BUY,rec,5546,1,5475.5,5475.25,True,rec,2025-06
2157926,2025-06-23 12:39:00,SELL,rec,5546,1,5477.5,5477.5,,tp,2025-06
2157972,2025-06-23 13:25:00,SELL,rec,5545,1,5513.0,5513.0,,tp,2025-06
2159504,2025-06-24 15:57:00,BUY,rec,5547,1,5616.5,5616.25,True,rec,2025-06
2160496,2025-06-25 09:31:00,SELL,rec,5547,1,5623.75,5624.0,,tp_gap,2025-06
2160593,2025-06-25 11:08:00,BUY,rec,5548,1,5617.5,5617.25,True,rec,2025-06
2160747,2025-06-25 13:42:00,BUY,rec,5549,1,5604.5,5604.25,True,rec,2025-06
2160748,2025-06-25 13:43:00,SELL,rec,5549,1,5606.5,5606.5,,tp,2025-06
2161876,2025-06-26 09:31:00,SELL,rec,5548,1,5634.25,5634.5,,tp_gap,2025-06
2162088,2025-06-26 13:03:00,BUY,rec,5550,1,5654.75,5654.5,True,rec,2025-06
2162097,2025-06-26 13:12:00,SELL,rec,5550,1,5656.75,5656.75,,tp,2025-06
2162196,2025-06-26 14:51:00,BUY,rec,5551,1,5658.25,5658.0,True,rec,2025-06
2162206,2025-06-26 15:01:00,SELL,rec,5551,1,5660.25,5660.25,,tp,2025-06
2163268,2025-06-27 09:43:00,SELL,rec,5230,1,5680.5,5680.5,,tp,2025-06
2163286,2025-06-27 10:01:00,SELL,rec,5229,1,5692.5,5692.5,,tp,2025-06
2163470,2025-06-27 13:05:00,BUY,rec,5552,1,5701.75,5701.5,True,rec,2025-06
2163511,2025-06-27 13:46:00,BUY,rec,5553,1,5692.0,5691.75,True,rec,2025-06
2163517,2025-06-27 13:52:00,BUY,rec,5554,1,5682.25,5682.0,True,rec,2025-06
2163518,2025-06-27 13:53:00,SELL,rec,5554,1,5684.25,5684.25,,tp,2025-06
2163523,2025-06-27 13:58:00,BUY,rec,5555,1,5680.0,5679.75,True,rec,2025-06
2163523,2025-06-27 13:58:00,SELL,rec,5555,1,5682.0,5682.0,,tp,2025-06
2163546,2025-06-27 14:21:00,BUY,rec,5556,1,5675.0,5674.75,True,rec,2025-06
2163558,2025-06-27 14:33:00,BUY,rec,5557,1,5664.5,5664.25,True,rec,2025-06
2163558,2025-06-27 14:33:00,SELL,rec,5557,1,5666.5,5666.5,,tp,2025-06
2163568,2025-06-27 14:43:00,BUY,rec,5558,1,5658.75,5658.5,True,rec,2025-06
2163570,2025-06-27 14:45:00,SELL,rec,5558,1,5660.75,5660.75,,tp,2025-06
2163630,2025-06-27 15:45:00,SELL,rec,5556,1,5677.0,5677.0,,tp,2025-06
2163643,2025-06-27 15:58:00,SELL,rec,5553,1,5695.0,5695.0,,tp,2025-06
