dt,qty,qty_core,qty_rec,realized_net,unrealized,equity,c
2025-10-01 09:31:00,8,8,0,209113.4600000381,-605.0,358508.4600000381,6119.0
2025-10-01 09:46:00,8,8,0,209113.4600000381,35.0,359148.4600000381,6135.0
2025-10-01 10:01:00,8,8,0,209127.2200000381,-295.0,358832.2200000381,6126.75
2025-10-01 10:16:00,8,8,0,209127.2200000381,-45.0,359082.2200000381,6133.0
2025-10-01 10:31:00,8,8,0,209127.2200000381,315.0,359442.2200000381,6142.0
2025-10-01 10:46:00,8,8,0,209127.2200000381,245.0,359372.2200000381,6140.25
2025-10-01 11:01:00,8,8,0,209127.2200000381,485.0,359612.2200000381,6146.25
2025-10-01 11:16:00,8,8,0,209127.2200000381,495.0,359622.2200000381,6146.5
2025-10-01 11:31:00,8,8,0,209127.2200000381,695.0,359822.2200000381,6151.5
2025-10-01 11:46:00,8,8,0,209127.2200000381,935.0,360062.2200000381,6157.5
2025-10-01 12:01:00,8,8,0,209127.2200000381,945.0,360072.2200000381,6157.75
2025-10-01 12:16:00,8,8,0,209127.2200000381,895.0,360022.2200000381,6156.5
2025-10-01 12:31:00,8,8,0,209127.2200000381,895.0,360022.2200000381,6156.5
2025-10-01 12:46:00,8,8,0,209127.2200000381,705.0,359832.2200000381,6151.75
2025-10-01 13:01:00,8,8,0,209127.2200000381,825.0,359952.2200000381,6154.75
2025-10-01 13:16:00,1,1,0,210126.64000003814,10.0,360136.64000003814,6161.75
2025-10-01 13:31:00,1,1,0,210126.64000003814,27.5,360154.14000003814,6165.25
2025-10-01 13:46:00,1,1,0,210126.64000003814,22.5,360149.14000003814,6164.25
2025-10-01 14:01:00,1,1,0,210126.64000003814,51.25,360177.89000003814,6170.0
2025-10-01 14:16:00,1,1,0,210126.64000003814,70.0,360196.64000003814,6173.75
2025-10-01 14:31:00,1,1,0,210126.64000003814,81.25,360207.89000003814,6176.0
2025-10-01 14:46:00,1,1,0,210126.64000003814,92.5,360219.14000003814,6178.25
2025-10-01 15:01:00,1,1,0,210126.64000003814,96.25,360222.89000003814,6179.0
2025-10-01 15:16:00,1,1,0,210126.64000003814,93.75,360220.39000003814,6178.5
2025-10-01 15:31:00,1,1,0,210126.64000003814,86.25,360212.89000003814,6177.0
2025-10-01 15:46:00,1,1,0,210126.64000003814,72.5,360199.14000003814,6174.25
2025-10-01 16:01:00,2,1,1,210126.02000003814,25.0,360151.02000003814,6169.5
2025-10-02 09:31:00,0,0,0,210459.79000003816,0.0,360459.79000003816,6185.25
2025-10-02 09:46:00,2,2,0,210458.55000003817,-27.5,360431.0500000382,6180.0
2025-10-02 10:01:00,3,3,0,210457.93000003818,-38.75,360419.1800000382,6177.75
2025-10-02 10:16:00,3,3,0,210457.93000003818,-121.25,360336.6800000382,6172.25
2025-10-02 10:31:00,4,4,0,210457.31000003818,-43.75,360413.5600000382,6175.5
2025-10-02 10:46:00,4,4,0,210457.31000003818,-208.75,360248.5600000382,6167.25
2025-10-02 11:01:00,6,5,1,210456.0700000382,-317.5,360138.5700000382,6162.5
2025-10-02 11:16:00,7,6,1,210455.4500000382,-418.75,360036.7000000382,6158.75
2025-10-02 11:31:00,7,6,1,210455.4500000382,-322.5,360132.9500000382,6161.5
2025-10-02 11:46:00,7,6,1,210455.4500000382,-357.5,360097.9500000382,6160.5
2025-10-02 12:01:00,6,6,0,210469.8300000382,-142.5,360327.3300000382,6167.0
2025-10-02 12:16:00,6,6,0,210469.8300000382,-187.5,360282.3300000382,6165.5
2025-10-02 12:31:00,6,6,0,210469.8300000382,-150.0,360319.8300000382,6166.75
2025-10-02 12:46:00,6,6,0,210469.8300000382,-157.5,360312.3300000382,6166.5
2025-10-02 13:01:00,6,6,0,210469.8300000382,-90.0,360379.8300000382,6168.75
2025-10-02 13:16:00,6,6,0,210469.8300000382,-67.5,360402.3300000382,6169.5
2025-10-02 13:31:00,6,6,0,210469.8300000382,-82.5,360387.3300000382,6169.0
2025-10-02 13:46:00,6,6,0,210469.8300000382,45.0,360514.8300000382,6173.25
2025-10-02 14:01:00,6,6,0,210469.8300000382,105.0,360574.8300000382,6175.25
2025-10-02 14:16:00,6,6,0,210469.8300000382,247.5,360717.3300000382,6180.0
2025-10-02 14:31:00,6,6,0,210469.8300000382,255.0,360724.8300000382,6180.25
2025-10-02 14:46:00,6,6,0,210469.8300000382,262.5,360732.3300000382,6180.5
2025-10-02 15:01:00,6,6,0,210469.8300000382,232.5,360702.3300000382,6179.5
2025-10-02 15:16:00,6,6,0,210469.8300000382,195.0,360664.8300000382,6178.25
2025-10-02 15:31:00,6,6,0,210469.8300000382,217.5,360687.3300000382,6179.0
2025-10-02 15:46:00,7,6,1,210469.2100000382,191.25,360660.4600000382,6178.0
2025-10-02 16:01:00,7,6,1,210469.2100000382,261.25,360730.4600000382,6180.0
2025-10-03 09:31:00,6,6,0,210483.5900000382,427.5,360911.0900000382,6186.0
2025-10-03 09:46:00,2,2,0,211228.63000003825,5.0,361233.63000003825,6193.5
2025-10-03 10:01:00,2,2,0,211228.63000003825,-40.0,361188.63000003825,6189.0
2025-10-03 10:16:00,2,2,0,211228.63000003825,-20.0,361208.63000003825,6191.0
2025-10-03 10:31:00,2,2,0,211228.63000003825,52.5,361281.13000003825,6198.25
2025-10-03 10:46:00,2,2,0,211228.63000003825,130.0,361358.63000003825,6206.0
2025-10-03 11:01:00,2,2,0,211228.63000003825,117.5,361346.13000003825,6204.75
2025-10-03 11:16:00,2,2,0,211228.63000003825,87.5,361316.13000003825,6201.75
2025-10-03 11:31:00,2,2,0,211228.63000003825,90.0,361318.63000003825,6202.0
2025-10-03 11:46:00,3,2,1,211228.01000003825,97.5,361325.51000003825,6201.75
2025-10-03 12:01:00,2,2,0,211242.39000003826,157.5,361399.89000003826,6208.75
2025-10-03 12:16:00,2,2,0,211242.39000003826,172.5,361414.89000003826,6210.25
2025-10-03 12:31:00,2,2,0,211242.39000003826,155.0,361397.39000003826,6208.5
2025-10-03 12:46:00,2,2,0,211242.39000003826,152.5,361394.89000003826,6208.25
2025-10-03 13:01:00,2,2,0,211242.39000003826,97.5,361339.89000003826,6202.75
2025-10-03 13:16:00,2,2,0,211256.15000003827,25.0,361281.15000003827,6195.5
2025-10-03 13:31:00,3,2,1,211255.53000003827,-63.75,361191.78000003827,6187.75
2025-10-03 13:46:00,4,3,1,211268.67000003828,-100.0,361168.6700000383,6184.25
2025-10-03 14:01:00,8,6,2,211293.71000003832,-392.5,360901.2100000383,6172.5
2025-10-03 14:16:00,8,6,2,211293.71000003832,-182.5,361111.2100000383,6177.75
2025-10-03 14:31:00,6,6,0,211322.47000003833,215.0,361537.47000003833,6189.0
2025-10-03 14:46:00,6,6,0,211322.47000003833,12.5,361334.97000003833,6182.25
2025-10-03 15:01:00,6,6,0,211322.47000003833,80.0,361402.47000003833,6184.5
2025-10-03 15:16:00,6,6,0,211322.47000003833,-10.0,361312.47000003833,6181.5
2025-10-03 15:31:00,6,6,0,211322.47000003833,-40.0,361282.47000003833,6180.5
2025-10-03 15:46:00,6,6,0,211322.47000003833,80.0,361402.47000003833,6184.5
2025-10-03 16:01:00,7,6,1,211321.85000003834,-136.25,361185.60000003834,6177.25
2025-10-06 09:31:00,6,6,0,211434.98000003834,447.5,361882.48000003834,6196.75
2025-10-06 09:46:00,6,6,0,211434.98000003834,185.0,361619.98000003834,6188.0
2025-10-06 10:01:00,6,6,0,211434.98000003834,102.5,361537.48000003834,6185.25
2025-10-06 10:16:00,6,6,0,211434.98000003834,170.0,361604.98000003834,6187.5
2025-10-06 10:31:00,6,6,0,211434.98000003834,207.5,361642.48000003834,6188.75
2025-10-06 10:46:00,6,6,0,211434.98000003834,155.0,361589.98000003834,6187.0
2025-10-06 11:01:00,6,6,0,211434.98000003834,305.0,361739.98000003834,6192.0
2025-10-06 11:16:00,6,6,0,211434.98000003834,365.0,361799.98000003834,6194.0
2025-10-06 11:31:00,6,6,0,211434.98000003834,402.5,361837.48000003834,6195.25
2025-10-06 11:46:00,6,6,0,211434.98000003834,507.5,361942.48000003834,6198.75
2025-10-06 12:01:00,6,6,0,211434.98000003834,582.5,362017.48000003834,6201.25
2025-10-06 12:16:00,6,6,0,211434.98000003834,470.0,361904.98000003834,6197.5
2025-10-06 12:31:00,6,6,0,211434.98000003834,582.5,362017.48000003834,6201.25
2025-10-06 12:46:00,6,6,0,211434.98000003834,537.5,361972.48000003834,6199.75
2025-10-06 13:01:00,6,6,0,211434.98000003834,567.5,362002.48000003834,6200.75
2025-10-06 13:16:00,6,6,0,211434.98000003834,492.5,361927.48000003834,6198.25
2025-10-06 13:31:00,1,1,0,212185.64000003837,-15.0,362170.6400000384,6204.5
2025-10-06 13:46:00,2,2,0,212185.02000003838,-17.5,362167.5200000384,6203.25
2025-10-06 14:01:00,2,2,0,212185.02000003838,2.5,362187.5200000384,6205.25
2025-10-06 14:16:00,2,2,0,212185.02000003838,7.5,362192.5200000384,6205.75
2025-10-06 14:31:00,2,2,0,212185.02000003838,20.0,362205.0200000384,6207.0
2025-10-06 14:46:00,2,2,0,212185.02000003838,2.5,362187.5200000384,6205.25
2025-10-06 15:01:00,3,2,1,212184.40000003838,-18.75,362165.6500000384,6204.0
2025-10-06 15:16:00,3,2,1,212184.40000003838,-37.5,362146.9000000384,6202.75
2025-10-06 15:31:00,3,2,1,212184.40000003838,-82.5,362101.9000000384,6199.75
2025-10-06 15:46:00,3,2,1,212184.40000003838,-41.25,362143.1500000384,6202.5
2025-10-06 16:01:00,3,2,1,212184.40000003838,-82.5,362101.9000000384,6199.75
2025-10-07 09:31:00,2,2,0,212241.2900000384,20.0,362261.2900000384,6207.0
2025-10-07 09:46:00,2,2,0,212241.2900000384,25.0,362266.2900000384,6207.5
2025-10-07 10:01:00,2,2,0,212241.2900000384,2.5,362243.7900000384,6205.25
2025-10-07 10:16:00,2,2,0,212241.2900000384,-17.5,362223.7900000384,6203.25
2025-10-07 10:31:00,4,3,1,212240.0500000384,-122.5,362117.5500000384,6195.5
2025-10-07 10:46:00,5,3,2,212239.4300000384,-208.75,362030.6800000384,6191.75
2025-10-07 11:01:00,6,4,2,212238.81000003841,-151.25,362087.5600000384,6193.5
2025-10-07 11:16:00,11,7,4,212235.71000003844,-823.75,361411.96000003844,6175.0
2025-10-07 11:31:00,10,7,3,212250.09000003844,-865.0,361385.09000003844,6173.75
2025-10-07 11:46:00,11,8,3,212263.23000003846,-1283.75,360979.48000003846,6165.5
2025-10-07 12:01:00,11,8,3,212286.99000003847,-1105.0,361181.99000003847,6168.75
2025-10-07 12:16:00,11,8,3,212286.99000003847,-1352.5,360934.49000003847,6164.25
2025-10-07 12:31:00,11,8,3,212300.75000003848,-1105.0,361195.7500000385,6168.75
2025-10-07 12:46:00,11,8,3,212300.75000003848,-940.0,361360.7500000385,6171.75
2025-10-07 13:01:00,11,8,3,212300.75000003848,-1283.75,361017.0000000385,6165.5
2025-10-07 13:16:00,11,8,3,212300.75000003848,-857.5,361443.2500000385,6173.25
2025-10-07 13:31:00,11,8,3,212300.75000003848,-981.25,361319.5000000385,6171.0
2025-10-07 13:46:00,11,8,3,212300.75000003848,-940.0,361360.7500000385,6171.75
2025-10-07 14:01:00,11,8,3,212300.75000003848,-1421.25,360879.5000000385,6163.0
2025-10-07 14:16:00,11,8,3,212300.75000003848,-1077.5,361223.2500000385,6169.25
2025-10-07 14:31:00,11,8,3,212300.75000003848,-1132.5,361168.2500000385,6168.25
2025-10-07 14:46:00,11,8,3,212300.75000003848,-981.25,361319.5000000385,6171.0
2025-10-07 15:01:00,11,8,3,212300.75000003848,-926.25,361374.5000000385,6172.0
2025-10-07 15:16:00,11,8,3,212300.75000003848,-1077.5,361223.2500000385,6169.25
2025-10-07 15:31:00,11,8,3,212300.75000003848,-1091.25,361209.5000000385,6169.0
2025-10-07 15:46:00,11,8,3,212300.75000003848,-775.0,361525.7500000385,6174.75
2025-10-07 16:01:00,11,8,3,212300.75000003848,-637.5,361663.2500000385,6177.25
2025-10-08 09:31:00,11,8,3,212300.75000003848,-362.5,361938.2500000385,6182.25
2025-10-08 09:46:00,11,8,3,212300.75000003848,-458.75,361842.0000000385,6180.5
2025-10-08 10:01:00,11,8,3,212300.75000003848,-18.75,362282.0000000385,6188.5
2025-10-08 10:16:00,9,8,1,212329.51000003848,560.0,362889.5100000385,6200.75
2025-10-08 10:31:00,9,8,1,212329.51000003848,593.75,362923.2600000385,6201.5
2025-10-08 10:46:00,8,8,0,212343.8900000385,497.5,362841.3900000385,6199.25
2025-10-08 11:01:00,8,8,0,212343.8900000385,587.5,362931.3900000385,6201.5
2025-10-08 11:16:00,8,8,0,212343.8900000385,717.5,363061.3900000385,6204.75
2025-10-08 11:31:00,8,8,0,212343.8900000385,817.5,363161.3900000385,6207.25
2025-10-08 11:46:00,8,8,0,212343.8900000385,857.5,363201.3900000385,6208.25
2025-10-08 12:01:00,1,1,0,213345.81000003853,-10.0,363335.81000003853,6210.0
2025-10-08 12:16:00,1,1,0,213345.81000003853,-2.5,363343.31000003853,6211.5
2025-10-08 12:31:00,1,1,0,213345.81000003853,-15.0,363330.81000003853,6209.0
2025-10-08 12:46:00,1,1,0,213345.81000003853,-21.25,363324.56000003853,6207.75
2025-10-08 13:01:00,3,2,1,213344.57000003854,15.0,363359.57000003854,6209.75
2025-10-08 13:16:00,2,2,0,213358.95000003855,11.25,363370.20000003855,6210.5
2025-10-08 13:31:00,2,2,0,213358.95000003855,21.25,363380.20000003855,6211.5
2025-10-08 13:46:00,2,2,0,213358.95000003855,-3.75,363355.20000003855,6209.0
2025-10-08 14:01:00,2,2,0,213358.95000003855,-11.25,363347.70000003855,6208.25
2025-10-08 14:16:00,2,2,0,213358.95000003855,23.75,363382.70000003855,6211.75
2025-10-08 14:31:00,2,2,0,213358.95000003855,16.25,363375.20000003855,6211.0
2025-10-08 14:46:00,3,2,1,213358.33000003855,-50.0,363308.33000003855,6205.75
2025-10-08 15:01:00,3,2,1,213358.33000003855,-72.5,363285.83000003855,6204.25
2025-10-08 15:16:00,3,2,1,213358.33000003855,10.0,363368.33000003855,6209.75
2025-10-08 15:31:00,2,2,0,213372.71000003855,23.75,363396.46000003855,6211.75
2025-10-08 15:46:00,2,2,0,213372.71000003855,3.75,363376.46000003855,6209.75
2025-10-08 16:01:00,2,2,0,213372.71000003855,28.75,363401.46000003855,6212.25
2025-10-09 09:31:00,2,2,0,213372.71000003855,71.25,363443.96000003855,6216.5
2025-10-09 09:46:00,3,2,1,213372.09000003856,-36.25,363335.84000003856,6207.5
2025-10-09 10:01:00,5,3,2,213370.85000003857,-202.5,363168.35000003857,6198.75
2025-10-09 10:16:00,6,4,2,213370.23000003857,-192.5,363177.7300000386,6198.75
2025-10-09 10:31:00,7,4,3,213369.61000003858,-445.0,362924.6100000386,6191.0
2025-10-09 10:46:00,10,6,4,213367.7500000386,-875.0,362492.7500000386,6181.75
2025-10-09 11:01:00,9,6,3,213395.8900000386,-176.25,363219.6400000386,6196.5
2025-10-09 11:16:00,8,6,2,213410.2700000386,-93.75,363316.5200000386,6198.75
2025-10-09 11:31:00,8,6,2,213410.2700000386,-493.75,362916.5200000386,6188.75
2025-10-09 11:46:00,8,6,2,213410.2700000386,-583.75,362826.5200000386,6186.5
2025-10-09 12:01:00,8,6,2,213410.2700000386,-223.75,363186.5200000386,6195.5
2025-10-09 12:16:00,8,6,2,213410.2700000386,-383.75,363026.5200000386,6191.5
2025-10-09 12:31:00,8,6,2,213410.2700000386,-443.75,362966.5200000386,6190.0
2025-10-09 12:46:00,8,6,2,213424.03000003862,-483.75,362940.2800000386,6189.0
2025-10-09 13:01:00,9,7,2,213423.41000003862,-790.0,362633.4100000386,6181.25
2025-10-09 13:16:00,9,7,2,213423.41000003862,-936.25,362487.1600000386,6178.0
2025-10-09 13:31:00,10,8,2,213436.55000003864,-1072.5,362364.05000003864,6175.0
2025-10-09 13:46:00,10,8,2,213450.31000003865,-835.0,362615.31000003865,6179.75
2025-10-09 14:01:00,10,8,2,213450.31000003865,-735.0,362715.31000003865,6181.75
2025-10-09 14:16:00,10,8,2,213450.31000003865,-847.5,362602.81000003865,6179.5
2025-10-09 14:31:00,10,8,2,213450.31000003865,-935.0,362515.31000003865,6177.75
2025-10-09 14:46:00,10,8,2,213450.31000003865,-985.0,362465.31000003865,6176.75
2025-10-09 15:01:00,10,8,2,213450.31000003865,-847.5,362602.81000003865,6179.5
2025-10-09 15:16:00,10,8,2,213450.31000003865,-722.5,362727.81000003865,6182.0
2025-10-09 15:31:00,10,8,2,213450.31000003865,-547.5,362902.81000003865,6185.5
2025-10-09 15:46:00,10,8,2,213450.31000003865,-322.5,363127.81000003865,6190.0
2025-10-09 16:01:00,10,8,2,213450.31000003865,-235.0,363215.31000003865,6191.75
2025-10-10 09:31:00,10,8,2,213450.31000003865,77.5,363527.81000003865,6198.0
2025-10-10 09:46:00,8,8,0,213479.07000003866,923.75,364402.82000003866,6217.0
2025-10-10 10:01:00,8,8,0,213479.07000003866,623.75,364102.82000003866,6209.5
2025-10-10 10:16:00,8,8,0,213479.07000003866,293.75,363772.82000003866,6201.25
2025-10-10 10:31:00,8,8,0,213479.07000003866,453.75,363932.82000003866,6205.25
2025-10-10 10:46:00,8,8,0,213479.07000003866,463.75,363942.82000003866,6205.5
2025-10-10 11:01:00,11,9,2,213477.21000003867,-2132.5,361344.71000003867,6149.0
2025-10-10 11:16:00,11,9,2,213532.2500000387,-1775.0,361757.2500000387,6155.5
2025-10-10 11:31:00,14,10,4,213547.91000003874,-6012.5,357535.41000003874,6087.75
2025-10-10 11:46:00,13,10,3,213566.05000003875,-4857.5,358708.55000003875,6104.5
2025-10-10 12:01:00,13,10,3,213566.05000003875,-6027.5,357538.55000003875,6086.5
2025-10-10 12:16:00,13,10,3,213566.05000003875,-5540.0,358026.05000003875,6094.0
2025-10-10 12:31:00,13,10,3,213566.05000003875,-5410.0,358156.05000003875,6096.0
2025-10-10 12:46:00,13,10,3,213566.05000003875,-6238.75,357327.30000003875,6083.25
2025-10-10 13:01:00,13,10,3,213566.05000003875,-7246.25,356319.80000003875,6067.75
2025-10-10 13:16:00,13,10,3,213566.05000003875,-7750.0,355816.05000003875,6060.0
2025-10-10 13:31:00,13,10,3,213566.05000003875,-7035.0,356531.05000003875,6071.0
2025-10-10 13:46:00,13,10,3,213566.05000003875,-6823.75,356742.30000003875,6074.25
2025-10-10 14:01:00,13,10,3,213566.05000003875,-7441.25,356124.80000003875,6064.75
2025-10-10 14:16:00,13,10,3,213566.05000003875,-6937.5,356628.55000003875,6072.5
2025-10-10 14:31:00,13,10,3,213566.05000003875,-7295.0,356271.05000003875,6067.0
2025-10-10 14:46:00,13,10,3,213566.05000003875,-7912.5,355653.55000003875,6057.5
2025-10-10 15:01:00,13,10,3,213566.05000003875,-8107.5,355458.55000003875,6054.5
2025-10-10 15:16:00,13,10,3,213566.05000003875,-8838.75,354727.30000003875,6043.25
2025-10-10 15:31:00,13,10,3,213566.05000003875,-9228.75,354337.30000003875,6037.25
2025-10-10 15:46:00,13,10,3,213566.05000003875,-9375.0,354191.05000003875,6035.0
2025-10-10 16:01:00,14,10,4,213565.43000003876,-11348.75,352216.68000003876,6005.0
2025-10-13 09:31:00,13,10,3,213574.81000003876,-6287.5,357287.31000003876,6082.5
2025-10-13 09:46:00,13,10,3,213574.81000003876,-6303.75,357271.06000003876,6082.25
2025-10-13 10:01:00,13,10,3,213574.81000003876,-4678.75,358896.06000003876,6107.25
2025-10-13 10:16:00,13,10,3,213574.81000003876,-4922.5,358652.31000003876,6103.5
2025-10-13 10:31:00,13,10,3,213574.81000003876,-6385.0,357189.81000003876,6081.0
2025-10-13 10:46:00,13,10,3,213574.81000003876,-5588.75,357986.06000003876,6093.25
2025-10-13 11:01:00,13,10,3,213574.81000003876,-6433.75,357141.06000003876,6080.25
2025-10-13 11:16:00,13,10,3,213574.81000003876,-5588.75,357986.06000003876,6093.25
2025-10-13 11:31:00,13,10,3,213574.81000003876,-4922.5,358652.31000003876,6103.5
2025-10-13 11:46:00,13,10,3,213574.81000003876,-4971.25,358603.56000003876,6102.75
2025-10-13 12:01:00,13,10,3,213574.81000003876,-4890.0,358684.81000003876,6104.0
2025-10-13 12:16:00,13,10,3,213574.81000003876,-4386.25,359188.56000003876,6111.75
2025-10-13 12:31:00,13,10,3,213574.81000003876,-4451.25,359123.56000003876,6110.75
2025-10-13 12:46:00,13,10,3,213574.81000003876,-4662.5,358912.31000003876,6107.5
2025-10-13 13:01:00,13,10,3,213574.81000003876,-3915.0,359659.81000003876,6119.0
2025-10-13 13:16:00,12,10,2,213584.19000003877,-4317.5,359266.69000003877,6112.25
2025-10-13 13:31:00,12,10,2,213584.19000003877,-4572.5,359011.69000003877,6108.0
2025-10-13 13:46:00,12,10,2,213584.19000003877,-4842.5,358741.69000003877,6103.5
2025-10-13 14:01:00,12,10,2,213584.19000003877,-4497.5,359086.69000003877,6109.25
2025-10-13 14:16:00,12,10,2,213584.19000003877,-4317.5,359266.69000003877,6112.25
2025-10-13 14:31:00,12,10,2,213584.19000003877,-3957.5,359626.69000003877,6118.25
2025-10-13 14:46:00,12,10,2,213584.19000003877,-4692.5,358891.69000003877,6106.0
2025-10-13 15:01:00,12,10,2,213584.19000003877,-5247.5,358336.69000003877,6096.75
2025-10-13 15:16:00,12,10,2,213584.19000003877,-5082.5,358501.69000003877,6099.5
2025-10-13 15:31:00,12,10,2,213584.19000003877,-4842.5,358741.69000003877,6103.5
2025-10-13 15:46:00,12,10,2,213584.19000003877,-4572.5,359011.69000003877,6108.0
2025-10-13 16:01:00,12,10,2,213584.19000003877,-4737.5,358846.69000003877,6105.25
2025-10-14 09:31:00,12,10,2,213584.19000003877,-8487.5,355096.69000003877,6042.75
2025-10-14 09:46:00,12,10,2,213601.7100000388,-10032.5,353569.2100000388,6017.0
2025-10-14 10:01:00,12,10,2,213610.4700000388,-8637.5,354972.9700000388,6040.25
2025-10-14 10:16:00,12,10,2,213610.4700000388,-7887.5,355722.9700000388,6052.75
2025-10-14 10:31:00,12,10,2,213610.4700000388,-6942.5,356667.9700000388,6068.5
2025-10-14 10:46:00,12,10,2,213610.4700000388,-6522.5,357087.9700000388,6075.5
2025-10-14 11:01:00,12,10,2,213610.4700000388,-6582.5,357027.9700000388,6074.5
2025-10-14 11:16:00,12,10,2,213610.4700000388,-6492.5,357117.9700000388,6076.0
2025-10-14 11:31:00,12,10,2,213610.4700000388,-6627.5,356982.9700000388,6073.75
2025-10-14 11:46:00,12,10,2,213610.4700000388,-5577.5,358032.9700000388,6091.25
2025-10-14 12:01:00,12,10,2,213610.4700000388,-5127.5,358482.9700000388,6098.75
2025-10-14 12:16:00,12,10,2,213610.4700000388,-5187.5,358422.9700000388,6097.75
2025-10-14 12:31:00,12,10,2,213610.4700000388,-4347.5,359262.9700000388,6111.75
2025-10-14 12:46:00,12,10,2,213610.4700000388,-3582.5,360027.9700000388,6124.5
2025-10-14 13:01:00,12,10,2,213610.4700000388,-4077.5,359532.9700000388,6116.25
2025-10-14 13:16:00,12,10,2,213610.4700000388,-3492.5,360117.9700000388,6126.0
2025-10-14 13:31:00,12,10,2,213610.4700000388,-3237.5,360372.9700000388,6130.25
2025-10-14 13:46:00,12,10,2,213610.4700000388,-3372.5,360237.9700000388,6128.0
2025-10-14 14:01:00,12,10,2,213610.4700000388,-3447.5,360162.9700000388,6126.75
2025-10-14 14:16:00,12,10,2,213610.4700000388,-3507.5,360102.9700000388,6125.75
2025-10-14 14:31:00,12,10,2,213610.4700000388,-3372.5,360237.9700000388,6128.0
2025-10-14 14:46:00,12,10,2,213610.4700000388,-3687.5,359922.9700000388,6122.75
2025-10-14 15:01:00,12,10,2,213610.4700000388,-3357.5,360252.9700000388,6128.25
2025-10-14 15:16:00,12,10,2,213610.4700000388,-3627.5,359982.9700000388,6123.75
2025-10-14 15:31:00,12,10,2,213610.4700000388,-3732.5,359877.9700000388,6122.0
2025-10-14 15:46:00,12,10,2,213636.75000003882,-6147.5,357489.2500000388,6081.75
2025-10-14 16:01:00,12,10,2,213645.51000003883,-4887.5,358758.01000003883,6102.75
2025-10-15 09:31:00,12,10,2,213645.51000003883,-2727.5,360918.01000003883,6138.75
2025-10-15 09:46:00,11,9,2,213669.89000003884,-1940.0,361729.89000003884,6152.5
2025-10-15 10:01:00,11,9,2,213693.65000003885,-1403.75,362289.90000003885,6162.25
2025-10-15 10:16:00,10,9,1,213708.03000003885,-806.25,362901.78000003885,6173.5
2025-10-15 10:31:00,10,9,1,213708.03000003885,-843.75,362864.28000003885,6172.75
2025-10-15 10:46:00,10,9,1,213708.03000003885,-1081.25,362626.78000003885,6168.0
2025-10-15 11:01:00,10,9,1,213708.03000003885,-1268.75,362439.28000003885,6164.25
2025-10-15 11:16:00,10,9,1,213708.03000003885,-1543.75,362164.28000003885,6158.75
2025-10-15 11:31:00,10,9,1,213708.03000003885,-1881.25,361826.78000003885,6152.0
2025-10-15 11:46:00,12,10,2,213706.79000003886,-3068.75,360638.04000003886,6128.75
2025-10-15 12:01:00,12,10,2,213706.79000003886,-2978.75,360728.04000003886,6130.25
2025-10-15 12:16:00,11,10,1,213744.93000003888,-2851.25,360893.6800000389,6132.5
2025-10-15 12:31:00,11,10,1,213744.93000003888,-3043.75,360701.1800000389,6129.0
2025-10-15 12:46:00,11,10,1,213744.93000003888,-3552.5,360192.4300000389,6119.75
2025-10-15 13:01:00,13,11,2,213743.69000003889,-4788.75,358954.9400000389,6100.5
2025-10-15 13:16:00,14,11,3,213743.0700000389,-7255.0,356488.0700000389,6064.0
2025-10-15 13:31:00,13,11,2,213752.4500000389,-5861.25,357891.2000000389,6084.0
2025-10-15 13:46:00,13,11,2,213752.4500000389,-4252.5,359499.9500000389,6108.75
2025-10-15 14:01:00,13,11,2,213752.4500000389,-3635.0,360117.4500000389,6118.25
2025-10-15 14:16:00,12,11,1,213761.8300000389,-3515.0,360246.8300000389,6120.25
2025-10-15 14:31:00,12,11,1,213761.8300000389,-3560.0,360201.8300000389,6119.5
2025-10-15 14:46:00,11,10,1,213786.2100000389,-3291.25,360494.9600000389,6124.5
2025-10-15 15:01:00,11,10,1,213786.2100000389,-2961.25,360824.9600000389,6130.5
2025-10-15 15:16:00,11,10,1,213786.2100000389,-3153.75,360632.4600000389,6127.0
2025-10-15 15:31:00,11,10,1,213786.2100000389,-3167.5,360618.7100000389,6126.75
2025-10-15 15:46:00,11,10,1,213799.9700000389,-3442.5,360357.4700000389,6121.75
2025-10-15 16:01:00,11,10,1,213823.73000003892,-2920.0,360903.7300000389,6131.25
2025-10-16 09:31:00,11,10,1,213823.73000003892,-2136.25,361687.4800000389,6145.5
2025-10-16 09:46:00,11,10,1,213823.73000003892,-1613.75,362209.9800000389,6155.0
2025-10-16 10:01:00,11,10,1,213823.73000003892,-2328.75,361494.9800000389,6142.0
2025-10-16 10:16:00,11,10,1,213823.73000003892,-2521.25,361302.4800000389,6138.5
2025-10-16 10:31:00,11,10,1,213823.73000003892,-2218.75,361604.9800000389,6144.0
2025-10-16 10:46:00,11,10,1,213823.73000003892,-1407.5,362416.2300000389,6158.75
2025-10-16 11:01:00,11,10,1,213823.73000003892,-2040.0,361783.7300000389,6147.25
2025-10-16 11:16:00,11,10,1,213823.73000003892,-1916.25,361907.4800000389,6149.5
2025-10-16 11:31:00,11,10,1,213823.73000003892,-3236.25,360587.4800000389,6125.5
2025-10-16 11:46:00,12,10,2,213836.87000003894,-3528.75,360308.12000003894,6120.75
2025-10-16 12:01:00,12,10,2,213836.87000003894,-3873.75,359963.12000003894,6115.0
2025-10-16 12:16:00,12,10,2,213836.87000003894,-3483.75,360353.12000003894,6121.5
2025-10-16 12:31:00,12,10,2,213836.87000003894,-5658.75,358178.12000003894,6085.25
2025-10-16 12:46:00,12,10,2,213836.87000003894,-6408.75,357428.12000003894,6072.75
2025-10-16 13:01:00,12,10,2,213836.87000003894,-4518.75,359318.12000003894,6104.25
2025-10-16 13:16:00,12,10,2,213836.87000003894,-4743.75,359093.12000003894,6100.5
2025-10-16 13:31:00,12,10,2,213836.87000003894,-4098.75,359738.12000003894,6111.25
2025-10-16 13:46:00,12,10,2,213836.87000003894,-5478.75,358358.12000003894,6088.25
2025-10-16 14:01:00,12,10,2,213836.87000003894,-5538.75,358298.12000003894,6087.25
2025-10-16 14:16:00,12,10,2,213836.87000003894,-7653.75,356183.12000003894,6052.0
2025-10-16 14:31:00,12,10,2,213845.63000003895,-7293.75,356551.88000003895,6058.0
2025-10-16 14:46:00,12,10,2,213845.63000003895,-6363.75,357481.88000003895,6073.5
2025-10-16 15:01:00,12,10,2,213845.63000003895,-6333.75,357511.88000003895,6074.0
2025-10-16 15:16:00,12,10,2,213845.63000003895,-6828.75,357016.88000003895,6065.75
2025-10-16 15:31:00,12,10,2,213845.63000003895,-7158.75,356686.88000003895,6060.25
2025-10-16 15:46:00,12,10,2,213845.63000003895,-6558.75,357286.88000003895,6070.25
2025-10-16 16:01:00,12,10,2,213845.63000003895,-5868.75,357976.88000003895,6081.75
2025-10-17 09:31:00,12,10,2,213845.63000003895,-7158.75,356686.88000003895,6060.25
2025-10-17 09:46:00,12,10,2,213845.63000003895,-7278.75,356566.88000003895,6058.25
2025-10-17 10:01:00,12,10,2,213845.63000003895,-6663.75,357181.88000003895,6068.5
2025-10-17 10:16:00,12,10,2,213845.63000003895,-4323.75,359521.88000003895,6107.5
2025-10-17 10:31:00,12,10,2,213845.63000003895,-5283.75,358561.88000003895,6091.5
2025-10-17 10:46:00,12,10,2,213845.63000003895,-6258.75,357586.88000003895,6075.25
2025-10-17 11:01:00,12,10,2,213845.63000003895,-6723.75,357121.88000003895,6067.5
2025-10-17 11:16:00,12,10,2,213845.63000003895,-6963.75,356881.88000003895,6063.5
2025-10-17 11:31:00,12,10,2,213845.63000003895,-6768.75,357076.88000003895,6066.75
2025-10-17 11:46:00,12,10,2,213845.63000003895,-6258.75,357586.88000003895,6075.25
2025-10-17 12:01:00,12,10,2,213845.63000003895,-5118.75,358726.88000003895,6094.25
2025-10-17 12:16:00,12,10,2,213845.63000003895,-4518.75,359326.88000003895,6104.25
2025-10-17 12:31:00,12,10,2,213845.63000003895,-4338.75,359506.88000003895,6107.25
2025-10-17 12:46:00,12,10,2,213845.63000003895,-5418.75,358426.88000003895,6089.25
2025-10-17 13:01:00,12,10,2,213845.63000003895,-5358.75,358486.88000003895,6090.25
2025-10-17 13:16:00,12,10,2,213845.63000003895,-5718.75,358126.88000003895,6084.25
2025-10-17 13:31:00,12,10,2,213863.15000003896,-5823.75,358039.40000003896,6082.5
2025-10-17 13:46:00,12,10,2,213863.15000003896,-5943.75,357919.40000003896,6080.5
2025-10-17 14:01:00,12,10,2,213863.15000003896,-4563.75,359299.40000003896,6103.5
2025-10-17 14:16:00,12,10,2,213863.15000003896,-4188.75,359674.40000003896,6109.75
2025-10-17 14:31:00,12,10,2,213863.15000003896,-3603.75,360259.40000003896,6119.5
2025-10-17 14:46:00,12,10,2,213863.15000003896,-3738.75,360124.40000003896,6117.25
2025-10-17 15:01:00,12,10,2,213863.15000003896,-3783.75,360079.40000003896,6116.5
2025-10-17 15:16:00,12,10,2,213863.15000003896,-3348.75,360514.40000003896,6123.75
2025-10-17 15:31:00,12,10,2,213863.15000003896,-3663.75,360199.40000003896,6118.5
2025-10-17 15:46:00,12,10,2,213863.15000003896,-3753.75,360109.40000003896,6117.0
2025-10-17 16:01:00,12,10,2,213863.15000003896,-3873.75,359989.40000003896,6115.0
2025-10-20 09:31:00,11,10,1,213951.28000003897,-1682.5,362268.78000003897,6153.75
2025-10-20 09:46:00,11,10,1,213951.28000003897,-1256.25,362695.03000003897,6161.5
2025-10-20 10:01:00,11,10,1,213951.28000003897,-1256.25,362695.03000003897,6161.5
2025-10-20 10:16:00,11,10,1,213951.28000003897,-1008.75,362942.53000003897,6166.0
2025-10-20 10:31:00,11,10,1,213951.28000003897,-610.0,363341.28000003897,6173.25
2025-10-20 10:46:00,10,10,0,213965.66000003897,-135.0,363830.660000039,6182.5
2025-10-20 11:01:00,10,10,0,213965.66000003897,-210.0,363755.660000039,6181.0
2025-10-20 11:16:00,10,10,0,213965.66000003897,-410.0,363555.660000039,6177.0
2025-10-20 11:31:00,10,10,0,213965.66000003897,-147.5,363818.160000039,6182.25
2025-10-20 11:46:00,10,10,0,213965.66000003897,-222.5,363743.160000039,6180.75
2025-10-20 12:01:00,10,10,0,213965.66000003897,-360.0,363605.660000039,6178.0
2025-10-20 12:16:00,10,10,0,213965.66000003897,-447.5,363518.160000039,6176.25
2025-10-20 12:31:00,10,10,0,213965.66000003897,-285.0,363680.660000039,6179.5
2025-10-20 12:46:00,10,10,0,213965.66000003897,-297.5,363668.160000039,6179.25
2025-10-20 13:01:00,10,10,0,213965.66000003897,-60.0,363905.660000039,6184.0
2025-10-20 13:16:00,10,10,0,213965.66000003897,165.0,364130.660000039,6188.5
2025-10-20 13:31:00,10,10,0,213965.66000003897,165.0,364130.660000039,6188.5
2025-10-20 13:46:00,10,10,0,213965.66000003897,365.0,364330.660000039,6192.5
2025-10-20 14:01:00,10,10,0,213965.66000003897,302.5,364268.160000039,6191.25
2025-10-20 14:16:00,10,10,0,213965.66000003897,440.0,364405.660000039,6194.0
2025-10-20 14:31:00,10,10,0,213965.66000003897,252.5,364218.160000039,6190.25
2025-10-20 14:46:00,10,10,0,213965.66000003897,90.0,364055.660000039,6187.0
2025-10-20 15:01:00,10,10,0,213965.66000003897,240.0,364205.660000039,6190.0
2025-10-20 15:16:00,10,10,0,213965.66000003897,65.0,364030.660000039,6186.5
2025-10-20 15:31:00,10,10,0,213965.66000003897,152.5,364118.160000039,6188.25
2025-10-20 15:46:00,10,10,0,213965.66000003897,202.5,364168.160000039,6189.25
2025-10-20 16:01:00,10,10,0,213965.66000003897,-72.5,363893.160000039,6183.75
2025-10-21 09:31:00,10,10,0,213979.42000003898,-72.5,363906.920000039,6183.75
2025-10-21 09:46:00,11,10,1,213992.560000039,-295.0,363697.560000039,6179.5
2025-10-21 10:01:00,11,10,1,213992.560000039,-611.25,363381.310000039,6173.75
2025-10-21 10:16:00,9,8,1,214232.58000003902,-518.75,363713.830000039,6181.0
2025-10-21 10:31:00,8,8,0,214246.96000003902,-676.25,363570.710000039,6177.0
2025-10-21 10:46:00,8,8,0,214246.96000003902,-416.25,363830.710000039,6183.5
2025-10-21 11:01:00,8,8,0,214246.96000003902,43.75,364290.710000039,6195.0
2025-10-21 11:16:00,8,8,0,214246.96000003902,-6.25,364240.710000039,6193.75
2025-10-21 11:31:00,8,8,0,214246.96000003902,-86.25,364160.710000039,6191.75
2025-10-21 11:46:00,8,8,0,214246.96000003902,-76.25,364170.710000039,6192.0
2025-10-21 12:01:00,8,8,0,214246.96000003902,53.75,364300.710000039,6195.25
2025-10-21 12:16:00,8,8,0,214246.96000003902,83.75,364330.710000039,6196.0
2025-10-21 12:31:00,8,8,0,214246.96000003902,193.75,364440.710000039,6198.75
2025-10-21 12:46:00,8,8,0,214246.96000003902,173.75,364420.710000039,6198.25
2025-10-21 13:01:00,9,8,1,214246.34000003902,-400.0,363846.340000039,6184.75
2025-10-21 13:16:00,9,8,1,214260.10000003903,-175.0,364085.10000003903,6189.75
2025-10-21 13:31:00,9,8,1,214260.10000003903,-253.75,364006.35000003903,6188.0
2025-10-21 13:46:00,9,8,1,214260.10000003903,-208.75,364051.35000003903,6189.0
2025-10-21 14:01:00,9,8,1,214260.10000003903,-6.25,364253.85000003903,6193.5
2025-10-21 14:16:00,8,8,0,214274.48000003904,-46.25,364228.23000003904,6192.75
2025-10-21 14:31:00,8,8,0,214274.48000003904,33.75,364308.23000003904,6194.75
2025-10-21 14:46:00,8,8,0,214274.48000003904,-136.25,364138.23000003904,6190.5
2025-10-21 15:01:00,8,8,0,214274.48000003904,-156.25,364118.23000003904,6190.0
2025-10-21 15:16:00,8,8,0,214274.48000003904,-86.25,364188.23000003904,6191.75
2025-10-21 15:31:00,8,8,0,214274.48000003904,-186.25,364088.23000003904,6189.25
2025-10-21 15:46:00,8,8,0,214274.48000003904,-106.25,364168.23000003904,6191.25
2025-10-21 16:01:00,8,8,0,214274.48000003904,-346.25,363928.23000003904,6185.25
2025-10-22 09:31:00,8,8,0,214324.49000003905,-466.25,363858.24000003905,6182.25
2025-10-22 09:46:00,8,8,0,214338.25000003906,-296.25,364042.00000003906,6186.5
2025-10-22 10:01:00,8,8,0,214338.25000003906,-416.25,363922.00000003906,6183.5
2025-10-22 10:16:00,8,8,0,214338.25000003906,-596.25,363742.00000003906,6179.0
2025-10-22 10:31:00,8,8,0,214352.01000003907,-1246.25,363105.76000003907,6162.75
2025-10-22 10:46:00,8,8,0,214365.77000003908,-1486.25,362879.5200000391,6156.75
2025-10-22 11:01:00,8,8,0,214379.53000003909,-896.25,363483.2800000391,6171.5
2025-10-22 11:16:00,8,8,0,214379.53000003909,-1066.25,363313.2800000391,6167.25
2025-10-22 11:31:00,9,8,1,214392.6700000391,-1908.75,362483.9200000391,6147.0
2025-10-22 11:46:00,8,8,0,214420.8100000391,-1336.25,363084.5600000391,6160.5
2025-10-22 12:01:00,8,8,0,214420.8100000391,-1436.25,362984.5600000391,6158.0
2025-10-22 12:16:00,8,8,0,214420.8100000391,-1686.25,362734.5600000391,6151.75
2025-10-22 12:31:00,8,8,0,214420.8100000391,-2936.25,361484.5600000391,6120.5
2025-10-22 12:46:00,8,8,0,214462.09000003914,-1936.25,362525.84000003914,6145.5
2025-10-22 13:01:00,8,8,0,214462.09000003914,-2036.25,362425.84000003914,6143.0
2025-10-22 13:16:00,8,8,0,214462.09000003914,-2556.25,361905.84000003914,6130.0
2025-10-22 13:31:00,8,8,0,214462.09000003914,-3016.25,361445.84000003914,6118.5
2025-10-22 13:46:00,9,9,0,214461.47000003915,-3358.75,361102.72000003915,6109.75
2025-10-22 14:01:00,9,9,0,214461.47000003915,-2830.0,361631.47000003915,6121.5
2025-10-22 14:16:00,9,9,0,214461.47000003915,-3167.5,361293.97000003915,6114.0
2025-10-22 14:31:00,9,9,0,214461.47000003915,-2571.25,361890.22000003915,6127.25
2025-10-22 14:46:00,9,9,0,214461.47000003915,-2425.0,362036.47000003915,6130.5
2025-10-22 15:01:00,9,9,0,214461.47000003915,-2256.25,362205.22000003915,6134.25
2025-10-22 15:16:00,9,9,0,214461.47000003915,-1896.25,362565.22000003915,6142.25
2025-10-22 15:31:00,9,9,0,214461.47000003915,-1738.75,362722.72000003915,6145.75
2025-10-22 15:46:00,9,9,0,214461.47000003915,-1761.25,362700.22000003915,6145.25
2025-10-22 16:01:00,9,9,0,214461.47000003915,-1525.0,362936.47000003915,6150.5
2025-10-23 09:31:00,9,9,0,214461.47000003915,-1457.5,363003.97000003915,6152.0
2025-10-23 09:46:00,9,9,0,214461.47000003915,-715.0,363746.47000003915,6168.5
2025-10-23 10:01:00,9,9,0,214461.47000003915,-793.75,363667.72000003915,6166.75
2025-10-23 10:16:00,9,9,0,214461.47000003915,-1030.0,363431.47000003915,6161.5
2025-10-23 10:31:00,9,9,0,214461.47000003915,-985.0,363476.47000003915,6162.5
2025-10-23 10:46:00,9,9,0,214461.47000003915,-692.5,363768.97000003915,6169.0
2025-10-23 11:01:00,9,9,0,214461.47000003915,-523.75,363937.72000003915,6172.75
2025-10-23 11:16:00,9,9,0,214461.47000003915,-782.5,363678.97000003915,6167.0
2025-10-23 11:31:00,9,9,0,214461.47000003915,-523.75,363937.72000003915,6172.75
2025-10-23 11:46:00,9,9,0,214461.47000003915,-1075.0,363386.47000003915,6160.5
2025-10-23 12:01:00,9,9,0,214461.47000003915,-523.75,363937.72000003915,6172.75
2025-10-23 12:16:00,9,9,0,214461.47000003915,-197.5,364263.97000003915,6180.0
2025-10-23 12:31:00,9,9,0,214461.47000003915,-332.5,364128.97000003915,6177.0
2025-10-23 12:46:00,9,9,0,214461.47000003915,-85.0,364376.47000003915,6182.5
2025-10-23 13:01:00,9,9,0,214461.47000003915,50.0,364511.47000003915,6185.5
2025-10-23 13:16:00,9,9,0,214461.47000003915,-6.25,364455.22000003915,6184.25
2025-10-23 13:31:00,9,9,0,214461.47000003915,-163.75,364297.72000003915,6180.75
2025-10-23 13:46:00,9,9,0,214461.47000003915,353.75,364815.22000003915,6192.25
2025-10-23 14:01:00,9,9,0,214461.47000003915,432.5,364893.97000003915,6194.0
2025-10-23 14:16:00,9,9,0,214461.47000003915,263.75,364725.22000003915,6190.25
2025-10-23 14:31:00,9,9,0,214461.47000003915,477.5,364938.97000003915,6195.0
2025-10-23 14:46:00,9,9,0,214461.47000003915,410.0,364871.47000003915,6193.5
2025-10-23 15:01:00,9,9,0,214461.47000003915,533.75,364995.22000003915,6196.25
2025-10-23 15:16:00,9,9,0,214461.47000003915,522.5,364983.97000003915,6196.0
2025-10-23 15:31:00,9,9,0,214461.47000003915,376.25,364837.72000003915,6192.75
2025-10-23 15:46:00,9,9,0,214461.47000003915,342.5,364803.97000003915,6192.0
2025-10-23 16:01:00,10,9,1,214474.61000003916,77.5,364552.11000003916,6186.75
2025-10-24 09:31:00,0,0,0,216808.4100000392,0.0,366808.4100000392,6226.25
2025-10-24 09:46:00,1,1,0,216807.7900000392,83.75,366891.5400000392,6243.5
2025-10-24 10:01:00,1,1,0,216807.7900000392,81.25,366889.0400000392,6243.0
2025-10-24 10:16:00,1,1,0,216807.7900000392,78.75,366886.5400000392,6242.5
2025-10-24 10:31:00,1,1,0,216807.7900000392,18.75,366826.5400000392,6230.5
2025-10-24 10:46:00,1,1,0,216807.7900000392,85.0,366892.7900000392,6243.75
2025-10-24 11:01:00,1,1,0,216807.7900000392,43.75,366851.5400000392,6235.5
2025-10-24 11:16:00,1,1,0,216807.7900000392,90.0,366897.7900000392,6244.75
2025-10-24 11:31:00,1,1,0,216931.55000003922,-6.25,366925.3000000392,6250.0
2025-10-24 11:46:00,2,2,0,216930.93000003922,-32.5,366898.4300000392,6245.5
2025-10-24 12:01:00,2,2,0,216930.93000003922,15.0,366945.9300000392,6250.25
2025-10-24 12:16:00,2,2,0,216930.93000003922,15.0,366945.9300000392,6250.25
2025-10-24 12:31:00,2,2,0,216930.93000003922,-12.5,366918.4300000392,6247.5
2025-10-24 12:46:00,3,3,0,216930.31000003923,-47.5,366882.81000003923,6243.0
2025-10-24 13:01:00,3,3,0,216930.31000003923,8.75,366939.06000003923,6246.75
2025-10-24 13:16:00,3,3,0,216930.31000003923,-28.75,366901.56000003923,6244.25
2025-10-24 13:31:00,3,3,0,216930.31000003923,27.5,366957.81000003923,6248.0
2025-10-24 13:46:00,3,3,0,216930.31000003923,53.75,366984.06000003923,6249.75
2025-10-24 14:01:00,3,3,0,216930.31000003923,23.75,366954.06000003923,6247.75
2025-10-24 14:16:00,3,3,0,216930.31000003923,50.0,366980.31000003923,6249.5
2025-10-24 14:31:00,3,3,0,216930.31000003923,35.0,366965.31000003923,6248.5
2025-10-24 14:46:00,3,3,0,216930.31000003923,5.0,366935.31000003923,6246.5
2025-10-24 15:01:00,3,3,0,216930.31000003923,57.5,366987.81000003923,6250.0
2025-10-24 15:16:00,3,3,0,216930.31000003923,61.25,366991.56000003923,6250.25
2025-10-24 15:31:00,3,3,0,216930.31000003923,42.5,366972.81000003923,6249.0
2025-10-24 15:46:00,4,3,1,216929.69000003923,10.0,366939.69000003923,6246.75
2025-10-24 16:01:00,5,3,2,216929.07000003924,-188.75,366740.32000003924,6237.75
2025-10-27 09:31:00,0,0,0,218149.72000003926,0.0,368149.72000003926,6295.5
2025-10-27 09:46:00,2,2,0,218148.48000003927,-6.25,368142.2300000393,6292.25
2025-10-27 10:01:00,2,2,0,218148.48000003927,38.75,368187.2300000393,6296.75
2025-10-27 10:16:00,2,2,0,218148.48000003927,56.25,368204.7300000393,6298.5
2025-10-27 10:31:00,2,2,0,218148.48000003927,56.25,368204.7300000393,6298.5
2025-10-27 10:46:00,2,2,0,218148.48000003927,78.75,368227.2300000393,6300.75
2025-10-27 11:01:00,2,2,0,218148.48000003927,11.25,368159.7300000393,6294.0
2025-10-27 11:16:00,2,2,0,218148.48000003927,48.75,368197.2300000393,6297.75
2025-10-27 11:31:00,2,2,0,218148.48000003927,86.25,368234.7300000393,6301.5
2025-10-27 11:46:00,2,2,0,218148.48000003927,88.75,368237.2300000393,6301.75
2025-10-27 12:01:00,2,2,0,218148.48000003927,98.75,368247.2300000393,6302.75
2025-10-27 12:16:00,2,2,0,218148.48000003927,106.25,368254.7300000393,6303.5
2025-10-27 12:31:00,2,2,0,218148.48000003927,108.75,368257.2300000393,6303.75
2025-10-27 12:46:00,2,2,0,218148.48000003927,106.25,368254.7300000393,6303.5
2025-10-27 13:01:00,2,2,0,218148.48000003927,116.25,368264.7300000393,6304.5
2025-10-27 13:16:00,2,2,0,218148.48000003927,108.75,368257.2300000393,6303.75
2025-10-27 13:31:00,2,2,0,218148.48000003927,81.25,368229.7300000393,6301.0
2025-10-27 13:46:00,2,2,0,218148.48000003927,141.25,368289.7300000393,6307.0
2025-10-27 14:01:00,2,2,0,218148.48000003927,138.75,368287.2300000393,6306.75
2025-10-27 14:16:00,2,2,0,218148.48000003927,136.25,368284.7300000393,6306.5
2025-10-27 14:31:00,2,2,0,218148.48000003927,136.25,368284.7300000393,6306.5
2025-10-27 14:46:00,2,2,0,218148.48000003927,158.75,368307.2300000393,6308.75
2025-10-27 15:01:00,2,2,0,218148.48000003927,156.25,368304.7300000393,6308.5
2025-10-27 15:16:00,2,2,0,218148.48000003927,153.75,368302.2300000393,6308.25
2025-10-27 15:31:00,2,2,0,218148.48000003927,181.25,368329.7300000393,6311.0
2025-10-27 15:46:00,2,2,0,218148.48000003927,211.25,368359.7300000393,6314.0
2025-10-27 16:01:00,1,1,0,218397.8700000393,1.25,368399.1200000393,6319.25
2025-10-28 09:31:00,1,1,0,218397.8700000393,76.25,368474.1200000393,6334.25
2025-10-28 09:46:00,1,1,0,218397.8700000393,31.25,368429.1200000393,6325.25
2025-10-28 10:01:00,1,1,0,218397.8700000393,15.0,368412.8700000393,6322.0
2025-10-28 10:16:00,1,1,0,218397.8700000393,31.25,368429.1200000393,6325.25
2025-10-28 10:31:00,1,1,0,218397.8700000393,46.25,368444.1200000393,6328.25
2025-10-28 10:46:00,1,1,0,218397.8700000393,18.75,368416.6200000393,6322.75
2025-10-28 11:01:00,1,1,0,218397.8700000393,40.0,368437.8700000393,6327.0
2025-10-28 11:16:00,1,1,0,218397.8700000393,28.75,368426.6200000393,6324.75
2025-10-28 11:31:00,2,1,1,218397.2500000393,5.0,368402.2500000393,6321.0
2025-10-28 11:46:00,2,1,1,218397.2500000393,-30.0,368367.2500000393,6317.5
2025-10-28 12:01:00,2,1,1,218397.2500000393,32.5,368429.7500000393,6323.75
2025-10-28 12:16:00,1,1,0,218411.6300000393,31.25,368442.8800000393,6325.25
2025-10-28 12:31:00,1,1,0,218411.6300000393,75.0,368486.6300000393,6334.0
2025-10-28 12:46:00,1,1,0,218411.6300000393,80.0,368491.6300000393,6335.0
2025-10-28 13:01:00,1,1,0,218411.6300000393,93.75,368505.3800000393,6337.75
2025-10-28 13:16:00,1,1,0,218411.6300000393,91.25,368502.8800000393,6337.25
2025-10-28 13:31:00,1,1,0,218411.6300000393,96.25,368507.8800000393,6338.25
2025-10-28 13:46:00,1,1,0,218411.6300000393,98.75,368510.3800000393,6338.75
2025-10-28 14:01:00,1,1,0,218411.6300000393,122.5,368534.1300000393,6343.5
2025-10-28 14:16:00,1,1,0,218535.3900000393,10.0,368545.3900000393,6346.25
2025-10-28 14:31:00,1,1,0,218535.3900000393,18.75,368554.1400000393,6348.0
2025-10-28 14:46:00,1,1,0,218535.3900000393,10.0,368545.3900000393,6346.25
2025-10-28 15:01:00,1,1,0,218535.3900000393,8.75,368544.1400000393,6346.0
2025-10-28 15:16:00,1,1,0,218535.3900000393,20.0,368555.3900000393,6348.25
2025-10-28 15:31:00,1,1,0,218535.3900000393,40.0,368575.3900000393,6352.25
2025-10-28 15:46:00,2,1,1,218534.7700000393,-1.25,368533.5200000393,6343.5
2025-10-28 16:01:00,3,2,1,218534.1500000393,-95.0,368439.1500000393,6335.25
2025-10-29 09:31:00,2,2,0,218584.78000003932,71.25,368656.0300000393,6348.0
2025-10-29 09:46:00,2,2,0,218584.78000003932,156.25,368741.0300000393,6356.5
2025-10-29 10:01:00,2,2,0,218584.78000003932,203.75,368788.5300000393,6361.25
2025-10-29 10:16:00,2,2,0,218584.78000003932,131.25,368716.0300000393,6354.0
2025-10-29 10:31:00,2,2,0,218584.78000003932,151.25,368736.0300000393,6356.0
2025-10-29 10:46:00,2,2,0,218584.78000003932,103.75,368688.5300000393,6351.25
2025-10-29 11:01:00,2,2,0,218584.78000003932,93.75,368678.5300000393,6350.25
2025-10-29 11:16:00,2,2,0,218584.78000003932,66.25,368651.0300000393,6347.5
2025-10-29 11:31:00,2,2,0,218584.78000003932,78.75,368663.5300000393,6348.75
2025-10-29 11:46:00,2,2,0,218584.78000003932,81.25,368666.0300000393,6349.0
2025-10-29 12:01:00,2,2,0,218584.78000003932,43.75,368628.5300000393,6345.25
2025-10-29 12:16:00,2,2,0,218584.78000003932,56.25,368641.0300000393,6346.5
2025-10-29 12:31:00,2,2,0,218584.78000003932,106.25,368691.0300000393,6351.5
2025-10-29 12:46:00,2,2,0,218584.78000003932,128.75,368713.5300000393,6353.75
2025-10-29 13:01:00,2,2,0,218584.78000003932,101.25,368686.0300000393,6351.0
2025-10-29 13:16:00,2,2,0,218584.78000003932,116.25,368701.0300000393,6352.5
2025-10-29 13:31:00,2,2,0,218584.78000003932,21.25,368606.0300000393,6343.0
2025-10-29 13:46:00,2,2,0,218584.78000003932,41.25,368626.0300000393,6345.0
2025-10-29 14:01:00,2,2,0,218584.78000003932,98.75,368683.5300000393,6350.75
2025-10-29 14:16:00,2,2,0,218598.54000003933,1.25,368599.7900000393,6341.0
2025-10-29 14:31:00,2,2,0,218598.54000003933,38.75,368637.2900000393,6344.75
2025-10-29 14:46:00,7,5,2,218622.96000003937,-602.5,368020.46000003937,6306.0
2025-10-29 15:01:00,5,5,0,218651.72000003938,162.5,368814.2200000394,6331.0
2025-10-29 15:16:00,5,5,0,218651.72000003938,56.25,368707.9700000394,6326.75
2025-10-29 15:31:00,5,5,0,218651.72000003938,-81.25,368570.4700000394,6321.25
2025-10-29 15:46:00,5,5,0,218651.72000003938,87.5,368739.2200000394,6328.0
2025-10-29 16:01:00,0,0,0,219273.6200000394,0.0,369273.6200000394,6345.0
2025-10-30 09:31:00,4,4,0,219271.14000003942,-701.25,368569.8900000394,6299.25
2025-10-30 09:46:00,7,7,0,219269.28000003943,-800.0,368469.28000003943,6293.25
2025-10-30 10:01:00,7,7,0,219269.28000003943,145.0,369414.28000003943,6320.25
2025-10-30 10:16:00,7,7,0,219269.28000003943,-257.5,369011.78000003943,6308.75
2025-10-30 10:31:00,7,7,0,219269.28000003943,-336.25,368933.03000003943,6306.5
2025-10-30 10:46:00,7,7,0,219269.28000003943,-108.75,369160.53000003943,6313.0
2025-10-30 11:01:00,7,7,0,219269.28000003943,-161.25,369108.03000003943,6311.5
2025-10-30 11:16:00,7,7,0,219269.28000003943,-21.25,369248.03000003943,6315.5
2025-10-30 11:31:00,7,7,0,219269.28000003943,-126.25,369143.03000003943,6312.5
2025-10-30 11:46:00,7,7,0,219269.28000003943,-502.5,368766.78000003943,6301.75
2025-10-30 12:01:00,7,7,0,219269.28000003943,-598.75,368670.53000003943,6299.0
2025-10-30 12:16:00,7,7,0,219269.28000003943,-30.0,369239.28000003943,6315.25
2025-10-30 12:31:00,7,7,0,219269.28000003943,-170.0,369099.28000003943,6311.25
2025-10-30 12:46:00,7,7,0,219269.28000003943,-213.75,369055.53000003943,6310.0
2025-10-30 13:01:00,7,7,0,219269.28000003943,-345.0,368924.28000003943,6306.25
2025-10-30 13:16:00,7,7,0,219269.28000003943,-590.0,368679.28000003943,6299.25
2025-10-30 13:31:00,7,7,0,219269.28000003943,-362.5,368906.78000003943,6305.75
2025-10-30 13:46:00,7,7,0,219269.28000003943,-318.75,368950.53000003943,6307.0
2025-10-30 14:01:00,7,7,0,219269.28000003943,-283.75,368985.53000003943,6308.0
2025-10-30 14:16:00,7,7,0,219269.28000003943,-843.75,368425.53000003943,6292.0
2025-10-30 14:31:00,7,7,0,219269.28000003943,-563.75,368705.53000003943,6300.0
2025-10-30 14:46:00,7,7,0,219269.28000003943,-870.0,368399.28000003943,6291.25
2025-10-30 15:01:00,7,7,0,219269.28000003943,-975.0,368294.28000003943,6288.25
2025-10-30 15:16:00,7,7,0,219269.28000003943,-1193.75,368075.53000003943,6282.0
2025-10-30 15:31:00,9,9,0,219268.04000003944,-1126.25,368141.79000003944,6282.0
2025-10-30 15:46:00,9,9,0,219268.04000003944,-1542.5,367725.54000003944,6272.75
2025-10-30 16:01:00,10,10,0,219267.42000003945,-1567.5,367699.92000003945,6271.75
2025-10-31 09:31:00,10,10,0,219281.18000003946,395.0,369676.18000003946,6311.0
2025-10-31 09:46:00,10,10,0,219281.18000003946,-505.0,368776.18000003946,6293.0
2025-10-31 10:01:00,10,10,0,219281.18000003946,-380.0,368901.18000003946,6295.5
2025-10-31 10:16:00,10,10,0,219281.18000003946,-405.0,368876.18000003946,6295.0
2025-10-31 10:31:00,10,10,0,219281.18000003946,-355.0,368926.18000003946,6296.0
2025-10-31 10:46:00,10,10,0,219281.18000003946,370.0,369651.18000003946,6310.5
2025-10-31 11:01:00,10,10,0,219281.18000003946,170.0,369451.18000003946,6306.5
2025-10-31 11:16:00,10,10,0,219281.18000003946,145.0,369426.18000003946,6306.0
2025-10-31 11:31:00,10,10,0,219281.18000003946,-117.5,369163.68000003946,6300.75
2025-10-31 11:46:00,10,10,0,219294.94000003947,-180.0,369114.94000003947,6299.5
2025-10-31 12:01:00,11,10,1,219294.32000003947,-1187.5,368106.8200000395,6280.5
2025-10-31 12:16:00,11,10,1,219294.32000003947,-1503.75,367790.5700000395,6274.75
2025-10-31 12:31:00,11,10,1,219294.32000003947,-926.25,368368.0700000395,6285.25
2025-10-31 12:46:00,11,10,1,219294.32000003947,-1545.0,367749.3200000395,6274.0
2025-10-31 13:01:00,11,10,1,219294.32000003947,-1943.75,367350.5700000395,6266.75
2025-10-31 13:16:00,11,10,1,219318.08000003948,-2356.25,366961.8300000395,6259.25
2025-10-31 13:31:00,11,10,1,219341.8400000395,-2012.5,367329.3400000395,6265.5
2025-10-31 13:46:00,11,10,1,219341.8400000395,-1723.75,367618.0900000395,6270.75
2025-10-31 14:01:00,11,10,1,219341.8400000395,-1462.5,367879.3400000395,6275.5
2025-10-31 14:16:00,11,10,1,219341.8400000395,-1173.75,368168.0900000395,6280.75
2025-10-31 14:31:00,11,10,1,219341.8400000395,-802.5,368539.3400000395,6287.5
2025-10-31 14:46:00,11,10,1,219341.8400000395,-967.5,368374.3400000395,6284.5
2025-10-31 15:01:00,11,10,1,219341.8400000395,-692.5,368649.3400000395,6289.5
2025-10-31 15:16:00,11,10,1,219341.8400000395,-555.0,368786.8400000395,6292.0
2025-10-31 15:31:00,10,10,0,219356.2200000395,-5.0,369351.2200000395,6303.0
2025-10-31 15:46:00,10,10,0,219356.2200000395,32.5,369388.7200000395,6303.75
2025-10-31 16:01:00,10,10,0,219356.2200000395,-1017.5,368338.7200000395,6282.75
