model,thr,split,n,p3,lift,p5_10,mae15,t_reb
BottomScore_equal,0,s1_2019_21,256399,0.5011564007659937,0.0,0.702847452479182,3.877258686656344,9.0
BottomScore_equal,0,s2_2022,99500,0.49392964824120605,0.0,0.6790185069661052,6.641527638190955,3.0
BottomScore_equal,0,s3_2023_24,196295,0.5058457933212767,0.0,0.6911154165513423,4.401423877327492,6.0
BottomScore_equal,0,s4_2025_26,138112,0.485482796570899,0.0,0.6725991814208745,6.5455391276645045,4.0
BottomScore_equal,50,s1_2019_21,34506,0.518170752912537,0.017014352146543343,0.6906566089490828,4.48937865878398,6.0
BottomScore_equal,50,s2_2022,16746,0.5064493013256898,0.012519653084483717,0.6686225878652229,6.650274692463872,3.0
BottomScore_equal,50,s3_2023_24,28303,0.5184962724799491,0.012650479158672456,0.6876260174744231,4.726327597781154,5.0
BottomScore_equal,50,s4_2025_26,19810,0.4856638061585058,0.0001810095876068063,0.6749056311081235,7.763730439172135,3.0
BottomScore_equal,60,s1_2019_21,34506,0.518170752912537,0.017014352146543343,0.6906566089490828,4.48937865878398,6.0
BottomScore_equal,60,s2_2022,16746,0.5064493013256898,0.012519653084483717,0.6686225878652229,6.650274692463872,3.0
BottomScore_equal,60,s3_2023_24,28303,0.5184962724799491,0.012650479158672456,0.6876260174744231,4.726327597781154,5.0
BottomScore_equal,60,s4_2025_26,19810,0.4856638061585058,0.0001810095876068063,0.6749056311081235,7.763730439172135,3.0
BottomScore_equal,70,s1_2019_21,5892,0.524949083503055,0.023792682737061366,0.6788457935169571,5.1192718940936865,5.0
BottomScore_equal,70,s2_2022,3128,0.518542199488491,0.024612551247284953,0.6864760681015099,6.511029411764706,3.0
BottomScore_equal,70,s3_2023_24,4812,0.5330423940149626,0.0271966006936859,0.6832656550544989,4.981036990856193,4.0
BottomScore_equal,70,s4_2025_26,3289,0.48951048951048953,0.004027692939590544,0.6816226183159189,8.713514746123442,2.0
BottomScore_equal,80,s1_2019_21,5892,0.524949083503055,0.023792682737061366,0.6788457935169571,5.1192718940936865,5.0
BottomScore_equal,80,s2_2022,3128,0.518542199488491,0.024612551247284953,0.6864760681015099,6.511029411764706,3.0
BottomScore_equal,80,s3_2023_24,4812,0.5330423940149626,0.0271966006936859,0.6832656550544989,4.981036990856193,4.0
BottomScore_equal,80,s4_2025_26,3289,0.48951048951048953,0.004027692939590544,0.6816226183159189,8.713514746123442,2.0
BottomScore_equal,100,s1_2019_21,349,0.501432664756447,0.0002762639904533293,0.6656626506024096,5.760744985673353,5.0
BottomScore_equal,100,s2_2022,198,0.5252525252525253,0.03132287701131925,0.696969696969697,6.372474747474747,2.0
BottomScore_equal,100,s3_2023_24,369,0.5663956639566395,0.06054987063536288,0.6862745098039216,4.5602981029810294,5.0
BottomScore_equal,100,s4_2025_26,211,0.4976303317535545,0.012147535182655489,0.6650485436893204,9.462085308056873,2.0
