model,train,test,auc,base_p3,top20_p3,top5_p3,top5_mae15
logit_l2,s1_2019_21,s2_2022,0.4993592546636092,0.49392964824120605,0.5036683417085427,0.5023115577889448,6.103517587939699
tree_d3,s1_2019_21,s2_2022,0.5008749745530533,0.49392964824120605,0.49419279907084784,0.49924076261177663,5.090391429053484
gbm_shallow,s1_2019_21,s2_2022,0.5024870999556,0.49392964824120605,0.5001005025125628,0.5036173633440515,5.894342845659164
logit_l2,"s1_2019_21,s2_2022",s3_2023_24,0.5085729350685217,0.5058457933212767,0.5140222624111669,0.5096281202241467,4.300585838003056
tree_d3,"s1_2019_21,s2_2022",s3_2023_24,0.49987086459539753,0.5058457933212767,0.5059891898627704,0.5488061127029609,3.108022922636103
gbm_shallow,"s1_2019_21,s2_2022",s3_2023_24,0.5081178432692751,0.5058457933212767,0.5098563569682152,0.5517979015992666,2.963201589080167
logit_l2,"s1_2019_21,s2_2022,s3_2023_24",s4_2025_26,0.5062432094637017,0.485482796570899,0.49248814393802265,0.49782797567332754,5.007312481899797
tree_d3,"s1_2019_21,s2_2022,s3_2023_24",s4_2025_26,0.4964088014779119,0.485482796570899,0.47782469055609683,0.47909943138158906,5.0682822345166745
gbm_shallow,"s1_2019_21,s2_2022,s3_2023_24",s4_2025_26,0.511786137856365,0.485482796570899,0.4902635007962936,0.5175057870370371,3.915943287037037
