,ok_median,failed_median,ok_mean,failed_mean
vwap_dev_atr,-0.9475278585895504,-0.769144668441468,-1.0368763591489198,-0.7943191335905436
rpos60,0.14285714285714285,0.16216216216216217,0.1575141393622974,0.17264527130889387
rpos1d,0.23048327137546468,0.378125,0.32652417904557396,0.4044704957650644
rpos5d,0.5451664025356577,0.655367231638418,0.5053156312508775,0.5829432247722779
sess_dd_atr,-2.670682730923695,-2.5830258302583027,-3.025797436494492,-3.0001165363570066
consec_down,0.0,0.0,0.8556227832255372,0.9720558882235529
dist_ema20_atr,-0.5604075403060951,-0.5565600109456141,-0.8105270942266278,-0.7942247195823222
slope30_atr,-1.2344689378757514,-1.0234986945169713,-1.6579310497883841,-1.539100285187133
slope60_atr,-1.4775086505190311,-1.2435530085959887,-1.9417099573454062,-1.766653720115109
eff_ratio30,0.275,0.24528301886792453,0.29317330598835223,0.2698661341308205
datr_pct,0.5378486055776892,0.4103585657370518,0.5139225192487709,0.43784579093135106
gap_atr,-0.00911062906724512,0.06469828460413532,-0.037749682686810594,0.0355166790799626
wick_body_ratio,1.0,1.1428571428571428,2.308520676064176,2.1663603170960055
close_upper25,1.0,1.0,0.6378051324848738,0.6327345309381237
newlow_weak_close,0.0,0.0,0.019820571667014397,0.017964071856287425
down_trend_persist,0.0,0.0,0.1168370540371375,0.10978043912175649
below_pdl,0.0,0.0,0.3523889004798665,0.24750499001996007
