G,max_mtm_dd_bar,min_equity_bar,peak_contracts,peak_A,peak_B,budget_violation,peak_notional,total_pnl,pnl_A,pnl_B,max_dd,min_equity,underwater_days_max,wk_mean,wk_median,wk_p10,wk_p25,wk_p75,wk_p90,wk_pos,wk_ge1k,wk_ge2k,wk_ge3k,wk_ge4k,wk_le_m2k,wk_le_m4k,wk_worst,wk_worst_4w,wk_longest_losing,corr_daily,corr_weekly,pnl_per_contract_day,annual_pnl_over_maxdd,top1_day_share,top10_day_share,pnl_ex_best10d,fresh2022_min_equity,fresh2022_max_dd,y2019_pnl,y2020_pnl,y2021_pnl,y2022_pnl,y2023_pnl,y2024_pnl,y2025_pnl,y2026_pnl,runtime_s,config_id,family,sleeve,parent,stage,label,params,exec,lineage,note,hash_core,mech,spec,capA,sizeB,book,inter
12,-10046.160000000149,146475.54,12,0,12,False,452520.0,36842.21999999997,0.0,36842.21999999997,-9521.520000000048,146697.0,328.0,99.84341463414633,285.3,-1198.08,-382.02000000000004,742.8,1177.8,0.6151761517615176,0.17344173441734417,0.0027100271002710027,0.0,0.0,0.032520325203252036,0.0027100271002710027,-8429.58,-6711.239999999999,5.0,,,36.906960960685176,0.5482098306731588,0.03990313287310051,0.26286363851038314,27157.73999999997,143052.12,-9521.51999999996,-403.62000000000023,8258.46,7687.859999999999,8444.16,3291.539999999999,1989.1199999999992,6668.58,906.1199999999989,0.16525673866271973,AB_99817b12d4b5,AB-FIXED,AB,,S6,ES-signal / MES-economics proxy backtest,"{""G"":12,""a_id"":null,""alloc"":""40/60"",""b"":[{""name"":""B7F"",""params"":{""events"":[""B7_tf3_k5.0_first""],""lim_off"":0.5,""tmax"":120,""tp"":9.0,""ttl"":5},""size"":6},{""name"":""B4F"",""params"":{""events"":[""B4v_or18_pullback""],""tmax"":1000000000,""tp"":10.0},""size"":6}],""book"":""B7F+B4F"",""capA"":0}",{},"{'dataset': '2b4f41b124ab8772', 'engine': '0.2.0', 'exec_spec': 'EXEC-1.1', 'roll': 'ROLL-1.0'}",G12 A0 B12 alloc 40/60 B7F+B4F,e1645cb30ef7,none,"{'G': 12, 'a_id': None, 'capA': 0, 'b': [{'name': 'B7F', 'params': {'events': ['B7_tf3_k5.0_first'], 'lim_off': 0.5, 'ttl': 5, 'tp': 9.0, 'tmax': 120}, 'size': 6}, {'name': 'B4F', 'params': {'events': ['B4v_or18_pullback'], 'tp': 10.0, 'tmax': 1000000000}, 'size': 6}], 'alloc': '40/60', 'book': 'B7F+B4F'}",0,12,B7F+B4F,
16,-14848.639999999723,146319.52,16,0,16,False,603360.0,48368.47999999998,0.0,48368.47999999998,-12549.11999999982,146922.24,303.0,131.07989159891594,120.31999999999994,-1099.6799999999998,-299.52,700.16,1400.32,0.5474254742547425,0.17886178861788618,0.037940379403794036,0.0027100271002710027,0.0027100271002710027,0.04065040650406504,0.013550135501355014,-6619.52,-7659.199999999999,5.0,,,83.705018651694,0.5460802617157494,0.0810511308190789,0.38876226832019545,29564.63999999998,150560.16,-12549.120000000024,-1792.48,12775.359999999999,15496.159999999998,12396.639999999998,3952.319999999999,4557.119999999998,5897.599999999998,-4914.240000000002,0.15958929061889648,AB_ea1628a55d36,AB-FIXED,AB,,S6,ES-signal / MES-economics proxy backtest,"{""G"":16,""a_id"":null,""alloc"":""0/100"",""b"":[{""name"":""B7F"",""params"":{""events"":[""B7_tf3_k5.0_first""],""lim_off"":0.5,""tmax"":120,""tp"":9.0,""ttl"":5},""size"":16}],""book"":""B7F"",""capA"":0}",{},"{'dataset': '2b4f41b124ab8772', 'engine': '0.2.0', 'exec_spec': 'EXEC-1.1', 'roll': 'ROLL-1.0'}",G16 A0 B16 alloc 0/100 B7F,41e1fc4e9f9d,none,"{'G': 16, 'a_id': None, 'capA': 0, 'b': [{'name': 'B7F', 'params': {'events': ['B7_tf3_k5.0_first'], 'lim_off': 0.5, 'ttl': 5, 'tp': 9.0, 'tmax': 120}, 'size': 16}], 'alloc': '0/100', 'book': 'B7F'}",0,16,B7F,
14,-11720.519999999553,145888.13,14,0,14,False,527940.0,42982.59,0.0,42982.59,-11108.440000000031,146146.5,328.0,116.48398373983737,332.84999999999997,-1397.76,-445.69,866.5999999999999,1374.1,0.6151761517615176,0.21138211382113822,0.01084010840108401,0.0027100271002710027,0.0,0.06233062330623306,0.005420054200542005,-9834.51,-7829.78,5.0,,,36.9069609606852,0.5482098306731604,0.03990313287310048,0.2628636385103829,31684.03,141894.14,-11108.440000000002,-470.89000000000044,9634.869999999999,8969.17,9851.519999999999,3840.13,2320.6399999999994,7780.0099999999975,1057.139999999999,0.1902756690979004,AB_c09ab91622cc,AB-FIXED,AB,,S6,ES-signal / MES-economics proxy backtest,"{""G"":14,""a_id"":null,""alloc"":""0/100"",""b"":[{""name"":""B7F"",""params"":{""events"":[""B7_tf3_k5.0_first""],""lim_off"":0.5,""tmax"":120,""tp"":9.0,""ttl"":5},""size"":7},{""name"":""B4F"",""params"":{""events"":[""B4v_or18_pullback""],""tmax"":1000000000,""tp"":10.0},""size"":7}],""book"":""B7F+B4F"",""capA"":0}",{},"{'dataset': '2b4f41b124ab8772', 'engine': '0.2.0', 'exec_spec': 'EXEC-1.1', 'roll': 'ROLL-1.0'}",G14 A0 B14 alloc 0/100 B7F+B4F,785b665092f8,none,"{'G': 14, 'a_id': None, 'capA': 0, 'b': [{'name': 'B7F', 'params': {'events': ['B7_tf3_k5.0_first'], 'lim_off': 0.5, 'ttl': 5, 'tp': 9.0, 'tmax': 120}, 'size': 7}, {'name': 'B4F', 'params': {'events': ['B4v_or18_pullback'], 'tp': 10.0, 'tmax': 1000000000}, 'size': 7}], 'alloc': '0/100', 'book': 'B7F+B4F'}",0,14,B7F+B4F,
10,-8371.799999999814,147062.95,10,0,10,False,377100.0,30701.850000000002,0.0,30701.850000000002,-7934.600000000035,147247.5,328.0,83.2028455284553,237.75000000000006,-998.3999999999999,-318.3499999999999,619.0,981.5,0.6151761517615176,0.08943089430894309,0.0027100271002710027,0.0,0.0,0.018970189701897018,0.0027100271002710027,-7024.65,-5592.700000000001,5.0,,,36.906960960685204,0.5482098306731595,0.039903132873100475,0.2628636385103829,22631.450000000004,144210.1,-7934.600000000006,-336.34999999999974,6882.050000000002,6406.550000000002,7036.800000000003,2742.9500000000016,1657.600000000002,5557.150000000002,755.1000000000006,0.18265342712402344,AB_7af9cb6fc4c2,AB-FIXED,AB,,S6,ES-signal / MES-economics proxy backtest,"{""G"":10,""a_id"":null,""alloc"":""40/60"",""b"":[{""name"":""B7F"",""params"":{""events"":[""B7_tf3_k5.0_first""],""lim_off"":0.5,""tmax"":120,""tp"":9.0,""ttl"":5},""size"":5},{""name"":""B4F"",""params"":{""events"":[""B4v_or18_pullback""],""tmax"":1000000000,""tp"":10.0},""size"":5}],""book"":""B7F+B4F"",""capA"":0}",{},"{'dataset': '2b4f41b124ab8772', 'engine': '0.2.0', 'exec_spec': 'EXEC-1.1', 'roll': 'ROLL-1.0'}",G10 A0 B10 alloc 40/60 B7F+B4F,e3a92a31cb45,none,"{'G': 10, 'a_id': None, 'capA': 0, 'b': [{'name': 'B7F', 'params': {'events': ['B7_tf3_k5.0_first'], 'lim_off': 0.5, 'ttl': 5, 'tp': 9.0, 'tmax': 120}, 'size': 5}, {'name': 'B4F', 'params': {'events': ['B4v_or18_pullback'], 'tp': 10.0, 'tmax': 1000000000}, 'size': 5}], 'alloc': '40/60', 'book': 'B7F+B4F'}",0,10,B7F+B4F,
20,-18560.799999999726,145399.4,20,0,20,False,754200.0,60460.600000000006,0.0,60460.600000000006,-15686.400000000198,146152.8,303.0,163.849864498645,150.4000000000001,-1374.6,-374.4000000000001,875.2,1750.4,0.5474254742547425,0.2032520325203252,0.04065040650406504,0.01084010840108401,0.0027100271002710027,0.06233062330623306,0.024390243902439025,-8274.4,-9574.0,5.0,,,83.70501865169403,0.546080261715735,0.08105113081907886,0.38876226832019534,36955.8,150700.2,-15686.400000000052,-2240.5999999999995,15969.200000000003,19370.2,15495.800000000001,4940.400000000002,5696.400000000003,7372.000000000003,-6142.799999999999,0.19178390502929688,AB_48c4bac9089d,AB-FIXED,AB,,S6,ES-signal / MES-economics proxy backtest,"{""G"":20,""a_id"":null,""alloc"":""0/100"",""b"":[{""name"":""B7F"",""params"":{""events"":[""B7_tf3_k5.0_first""],""lim_off"":0.5,""tmax"":120,""tp"":9.0,""ttl"":5},""size"":20}],""book"":""B7F"",""capA"":0}",{},"{'dataset': '2b4f41b124ab8772', 'engine': '0.2.0', 'exec_spec': 'EXEC-1.1', 'roll': 'ROLL-1.0'}",G20 A0 B20 alloc 0/100 B7F,0ccf98eb72c4,none,"{'G': 20, 'a_id': None, 'capA': 0, 'b': [{'name': 'B7F', 'params': {'events': ['B7_tf3_k5.0_first'], 'lim_off': 0.5, 'ttl': 5, 'tp': 9.0, 'tmax': 120}, 'size': 20}], 'alloc': '0/100', 'book': 'B7F'}",0,20,B7F,
10,-9280.399999999849,147699.7,10,0,10,False,377100.0,30230.300000000003,0.0,30230.300000000003,-7843.200000000099,148076.4,303.0,81.9249322493225,75.20000000000005,-687.3,-187.20000000000005,437.6,875.2,0.5474254742547425,0.04065040650406504,0.0027100271002710027,0.0027100271002710027,0.0,0.024390243902439025,0.0027100271002710027,-4137.2,-4787.0,5.0,,,83.70501865169403,0.546080261715735,0.08105113081907886,0.38876226832019534,18477.9,150350.1,-7843.200000000012,-1120.2999999999997,7984.600000000001,9685.1,7747.900000000001,2470.200000000001,2848.2000000000016,3686.0000000000014,-3071.3999999999996,0.14445710182189941,AB_86b61f8d672b,AB-FIXED,AB,,S6,ES-signal / MES-economics proxy backtest,"{""G"":10,""a_id"":null,""alloc"":""0/100"",""b"":[{""name"":""B7F"",""params"":{""events"":[""B7_tf3_k5.0_first""],""lim_off"":0.5,""tmax"":120,""tp"":9.0,""ttl"":5},""size"":10}],""book"":""B7F"",""capA"":0}",{},"{'dataset': '2b4f41b124ab8772', 'engine': '0.2.0', 'exec_spec': 'EXEC-1.1', 'roll': 'ROLL-1.0'}",G10 A0 B10 alloc 0/100 B7F,dbd0565b2c7f,none,"{'G': 10, 'a_id': None, 'capA': 0, 'b': [{'name': 'B7F', 'params': {'events': ['B7_tf3_k5.0_first'], 'lim_off': 0.5, 'ttl': 5, 'tp': 9.0, 'tmax': 120}, 'size': 10}], 'alloc': '0/100', 'book': 'B7F'}",0,10,B7F,
14,-12992.560000000056,146779.58,14,0,14,False,527940.0,42322.41999999999,0.0,42322.41999999999,-10980.48000000004,147306.96,303.0,114.69490514905146,105.27999999999997,-962.2199999999999,-262.08000000000004,612.64,1225.28,0.5474254742547425,0.15989159891598917,0.013550135501355014,0.0027100271002710027,0.0027100271002710027,0.032520325203252036,0.013550135501355014,-5792.08,-6701.800000000001,5.0,,,83.70501865169402,0.5460802617157398,0.08105113081907889,0.3887622683201954,25869.05999999999,150490.14,-10980.48000000004,-1568.4200000000003,11178.44,13559.139999999998,10847.06,3458.279999999999,3987.479999999999,5160.399999999998,-4299.96,0.14146089553833008,AB_1976f886ebc5,AB-FIXED,AB,,S6,ES-signal / MES-economics proxy backtest,"{""G"":14,""a_id"":null,""alloc"":""25/75"",""b"":[{""name"":""B7F"",""params"":{""events"":[""B7_tf3_k5.0_first""],""lim_off"":0.5,""tmax"":120,""tp"":9.0,""ttl"":5},""size"":14}],""book"":""B7F"",""capA"":0}",{},"{'dataset': '2b4f41b124ab8772', 'engine': '0.2.0', 'exec_spec': 'EXEC-1.1', 'roll': 'ROLL-1.0'}",G14 A0 B14 alloc 25/75 B7F,bc5c2c4f4e2d,none,"{'G': 14, 'a_id': None, 'capA': 0, 'b': [{'name': 'B7F', 'params': {'events': ['B7_tf3_k5.0_first'], 'lim_off': 0.5, 'ttl': 5, 'tp': 9.0, 'tmax': 120}, 'size': 14}], 'alloc': '25/75', 'book': 'B7F'}",0,14,B7F,
14,-11720.519999999553,145888.13,14,0,14,False,527940.0,42982.59,0.0,42982.59,-11108.440000000031,146146.5,328.0,116.48398373983737,332.84999999999997,-1397.76,-445.69,866.5999999999999,1374.1,0.6151761517615176,0.21138211382113822,0.01084010840108401,0.0027100271002710027,0.0,0.06233062330623306,0.005420054200542005,-9834.51,-7829.78,5.0,,,36.9069609606852,0.5482098306731604,0.03990313287310048,0.2628636385103829,31684.03,141894.14,-11108.440000000002,-470.89000000000044,9634.869999999999,8969.17,9851.519999999999,3840.13,2320.6399999999994,7780.0099999999975,1057.139999999999,0.17208170890808105,AB_5b37dacd71ca,AB-FIXED,AB,,S6,ES-signal / MES-economics proxy backtest,"{""G"":14,""a_id"":null,""alloc"":""25/75"",""b"":[{""name"":""B7F"",""params"":{""events"":[""B7_tf3_k5.0_first""],""lim_off"":0.5,""tmax"":120,""tp"":9.0,""ttl"":5},""size"":7},{""name"":""B4F"",""params"":{""events"":[""B4v_or18_pullback""],""tmax"":1000000000,""tp"":10.0},""size"":7}],""book"":""B7F+B4F"",""capA"":0}",{},"{'dataset': '2b4f41b124ab8772', 'engine': '0.2.0', 'exec_spec': 'EXEC-1.1', 'roll': 'ROLL-1.0'}",G14 A0 B14 alloc 25/75 B7F+B4F,9606af8394a9,none,"{'G': 14, 'a_id': None, 'capA': 0, 'b': [{'name': 'B7F', 'params': {'events': ['B7_tf3_k5.0_first'], 'lim_off': 0.5, 'ttl': 5, 'tp': 9.0, 'tmax': 120}, 'size': 7}, {'name': 'B4F', 'params': {'events': ['B4v_or18_pullback'], 'tp': 10.0, 'tmax': 1000000000}, 'size': 7}], 'alloc': '25/75', 'book': 'B7F+B4F'}",0,14,B7F+B4F,
12,-10046.160000000149,146475.54,12,0,12,False,452520.0,36842.21999999997,0.0,36842.21999999997,-9521.520000000048,146697.0,328.0,99.84341463414633,285.3,-1198.08,-382.02000000000004,742.8,1177.8,0.6151761517615176,0.17344173441734417,0.0027100271002710027,0.0,0.0,0.032520325203252036,0.0027100271002710027,-8429.58,-6711.239999999999,5.0,,,36.906960960685176,0.5482098306731588,0.03990313287310051,0.26286363851038314,27157.73999999997,143052.12,-9521.51999999996,-403.62000000000023,8258.46,7687.859999999999,8444.16,3291.539999999999,1989.1199999999992,6668.58,906.1199999999989,0.16643881797790527,AB_b67e2206dfed,AB-FIXED,AB,,S6,ES-signal / MES-economics proxy backtest,"{""G"":12,""a_id"":null,""alloc"":""0/100"",""b"":[{""name"":""B7F"",""params"":{""events"":[""B7_tf3_k5.0_first""],""lim_off"":0.5,""tmax"":120,""tp"":9.0,""ttl"":5},""size"":6},{""name"":""B4F"",""params"":{""events"":[""B4v_or18_pullback""],""tmax"":1000000000,""tp"":10.0},""size"":6}],""book"":""B7F+B4F"",""capA"":0}",{},"{'dataset': '2b4f41b124ab8772', 'engine': '0.2.0', 'exec_spec': 'EXEC-1.1', 'roll': 'ROLL-1.0'}",G12 A0 B12 alloc 0/100 B7F+B4F,a2ad13cb4c02,none,"{'G': 12, 'a_id': None, 'capA': 0, 'b': [{'name': 'B7F', 'params': {'events': ['B7_tf3_k5.0_first'], 'lim_off': 0.5, 'ttl': 5, 'tp': 9.0, 'tmax': 120}, 'size': 6}, {'name': 'B4F', 'params': {'events': ['B4v_or18_pullback'], 'tp': 10.0, 'tmax': 1000000000}, 'size': 6}], 'alloc': '0/100', 'book': 'B7F+B4F'}",0,12,B7F+B4F,
16,-13394.879999999888,145300.72,16,0,16,False,603360.0,49122.959999999955,0.0,49122.959999999955,-12695.359999999928,145596.0,328.0,133.12455284552834,380.3999999999999,-1597.44,-509.36000000000007,990.3999999999999,1570.3999999999999,0.6151761517615176,0.24932249322493225,0.032520325203252036,0.0027100271002710027,0.0,0.06775067750677506,0.008130081300813009,-11239.44,-8948.320000000002,5.0,,,36.90696096068517,0.5482098306731645,0.039903132873100516,0.26286363851038314,36210.319999999956,140736.16,-12695.359999999957,-538.1600000000008,11011.279999999997,10250.479999999998,11258.879999999996,4388.7199999999975,2652.1599999999976,8891.439999999997,1208.159999999998,0.17404627799987793,AB_10dda9c48976,AB-FIXED,AB,,S6,ES-signal / MES-economics proxy backtest,"{""G"":16,""a_id"":null,""alloc"":""25/75"",""b"":[{""name"":""B7F"",""params"":{""events"":[""B7_tf3_k5.0_first""],""lim_off"":0.5,""tmax"":120,""tp"":9.0,""ttl"":5},""size"":8},{""name"":""B4F"",""params"":{""events"":[""B4v_or18_pullback""],""tmax"":1000000000,""tp"":10.0},""size"":8}],""book"":""B7F+B4F"",""capA"":0}",{},"{'dataset': '2b4f41b124ab8772', 'engine': '0.2.0', 'exec_spec': 'EXEC-1.1', 'roll': 'ROLL-1.0'}",G16 A0 B16 alloc 25/75 B7F+B4F,2eab6d7d38c5,none,"{'G': 16, 'a_id': None, 'capA': 0, 'b': [{'name': 'B7F', 'params': {'events': ['B7_tf3_k5.0_first'], 'lim_off': 0.5, 'ttl': 5, 'tp': 9.0, 'tmax': 120}, 'size': 8}, {'name': 'B4F', 'params': {'events': ['B4v_or18_pullback'], 'tp': 10.0, 'tmax': 1000000000}, 'size': 8}], 'alloc': '25/75', 'book': 'B7F+B4F'}",0,16,B7F+B4F,
20,-16743.599999999627,144125.9,20,0,20,False,754200.0,61403.700000000004,0.0,61403.700000000004,-15869.20000000007,144495.0,328.0,166.4056910569106,475.5000000000001,-1996.7999999999997,-636.6999999999998,1238.0,1963.0,0.6151761517615176,0.3116531165311653,0.08943089430894309,0.008130081300813009,0.0027100271002710027,0.1002710027100271,0.018970189701897018,-14049.3,-11185.400000000001,5.0,,,36.906960960685204,0.5482098306731595,0.039903132873100475,0.2628636385103829,45262.90000000001,138420.2,-15869.20000000004,-672.6999999999995,13764.100000000004,12813.100000000004,14073.600000000006,5485.900000000003,3315.200000000004,11114.300000000005,1510.2000000000012,0.18887948989868164,AB_dae045cb26ff,AB-FIXED,AB,,S6,ES-signal / MES-economics proxy backtest,"{""G"":20,""a_id"":null,""alloc"":""25/75"",""b"":[{""name"":""B7F"",""params"":{""events"":[""B7_tf3_k5.0_first""],""lim_off"":0.5,""tmax"":120,""tp"":9.0,""ttl"":5},""size"":10},{""name"":""B4F"",""params"":{""events"":[""B4v_or18_pullback""],""tmax"":1000000000,""tp"":10.0},""size"":10}],""book"":""B7F+B4F"",""capA"":0}",{},"{'dataset': '2b4f41b124ab8772', 'engine': '0.2.0', 'exec_spec': 'EXEC-1.1', 'roll': 'ROLL-1.0'}",G20 A0 B20 alloc 25/75 B7F+B4F,929b916377f1,none,"{'G': 20, 'a_id': None, 'capA': 0, 'b': [{'name': 'B7F', 'params': {'events': ['B7_tf3_k5.0_first'], 'lim_off': 0.5, 'ttl': 5, 'tp': 9.0, 'tmax': 120}, 'size': 10}, {'name': 'B4F', 'params': {'events': ['B4v_or18_pullback'], 'tp': 10.0, 'tmax': 1000000000}, 'size': 10}], 'alloc': '25/75', 'book': 'B7F+B4F'}",0,20,B7F+B4F,
10,-8371.799999999814,147062.95,10,0,10,False,377100.0,30701.850000000002,0.0,30701.850000000002,-7934.600000000035,147247.5,328.0,83.2028455284553,237.75000000000006,-998.3999999999999,-318.3499999999999,619.0,981.5,0.6151761517615176,0.08943089430894309,0.0027100271002710027,0.0,0.0,0.018970189701897018,0.0027100271002710027,-7024.65,-5592.700000000001,5.0,,,36.906960960685204,0.5482098306731595,0.039903132873100475,0.2628636385103829,22631.450000000004,144210.1,-7934.600000000006,-336.34999999999974,6882.050000000002,6406.550000000002,7036.800000000003,2742.9500000000016,1657.600000000002,5557.150000000002,755.1000000000006,0.16033649444580078,AB_f48e38d2cf41,AB-FIXED,AB,,S6,ES-signal / MES-economics proxy backtest,"{""G"":10,""a_id"":null,""alloc"":""25/75"",""b"":[{""name"":""B7F"",""params"":{""events"":[""B7_tf3_k5.0_first""],""lim_off"":0.5,""tmax"":120,""tp"":9.0,""ttl"":5},""size"":5},{""name"":""B4F"",""params"":{""events"":[""B4v_or18_pullback""],""tmax"":1000000000,""tp"":10.0},""size"":5}],""book"":""B7F+B4F"",""capA"":0}",{},"{'dataset': '2b4f41b124ab8772', 'engine': '0.2.0', 'exec_spec': 'EXEC-1.1', 'roll': 'ROLL-1.0'}",G10 A0 B10 alloc 25/75 B7F+B4F,9b73a4122038,none,"{'G': 10, 'a_id': None, 'capA': 0, 'b': [{'name': 'B7F', 'params': {'events': ['B7_tf3_k5.0_first'], 'lim_off': 0.5, 'ttl': 5, 'tp': 9.0, 'tmax': 120}, 'size': 5}, {'name': 'B4F', 'params': {'events': ['B4v_or18_pullback'], 'tp': 10.0, 'tmax': 1000000000}, 'size': 5}], 'alloc': '25/75', 'book': 'B7F+B4F'}",0,10,B7F+B4F,
24,-22272.96000000066,144479.28,24,0,24,False,905040.0,72552.71999999997,0.0,72552.71999999997,-18823.67999999976,145383.36,303.0,196.61983739837396,180.48000000000002,-1649.52,-449.2800000000002,1050.24,2100.48,0.5474254742547425,0.35501355013550134,0.14905149051490515,0.037940379403794036,0.01084010840108401,0.07046070460704607,0.02981029810298103,-9929.28,-11488.8,5.0,,,83.705018651694,0.5460802617157485,0.0810511308190789,0.3887622683201955,44346.95999999997,150840.24,-18823.68000000005,-2688.72,19163.04,23244.239999999998,18594.96,5928.48,6835.679999999999,8846.399999999998,-7371.360000000001,0.14371109008789062,AB_6738fbc942b3,AB-FIXED,AB,,S6,ES-signal / MES-economics proxy backtest,"{""G"":24,""a_id"":null,""alloc"":""0/100"",""b"":[{""name"":""B7F"",""params"":{""events"":[""B7_tf3_k5.0_first""],""lim_off"":0.5,""tmax"":120,""tp"":9.0,""ttl"":5},""size"":24}],""book"":""B7F"",""capA"":0}",{},"{'dataset': '2b4f41b124ab8772', 'engine': '0.2.0', 'exec_spec': 'EXEC-1.1', 'roll': 'ROLL-1.0'}",G24 A0 B24 alloc 0/100 B7F,f0af60677047,none,"{'G': 24, 'a_id': None, 'capA': 0, 'b': [{'name': 'B7F', 'params': {'events': ['B7_tf3_k5.0_first'], 'lim_off': 0.5, 'ttl': 5, 'tp': 9.0, 'tmax': 120}, 'size': 24}], 'alloc': '0/100', 'book': 'B7F'}",0,24,B7F,
12,-10046.160000000149,146475.54,12,0,12,False,452520.0,36842.21999999997,0.0,36842.21999999997,-9521.520000000048,146697.0,328.0,99.84341463414633,285.3,-1198.08,-382.02000000000004,742.8,1177.8,0.6151761517615176,0.17344173441734417,0.0027100271002710027,0.0,0.0,0.032520325203252036,0.0027100271002710027,-8429.58,-6711.239999999999,5.0,,,36.906960960685176,0.5482098306731588,0.03990313287310051,0.26286363851038314,27157.73999999997,143052.12,-9521.51999999996,-403.62000000000023,8258.46,7687.859999999999,8444.16,3291.539999999999,1989.1199999999992,6668.58,906.1199999999989,0.16426444053649902,AB_b40b7478671e,AB-FIXED,AB,,S6,ES-signal / MES-economics proxy backtest,"{""G"":12,""a_id"":null,""alloc"":""25/75"",""b"":[{""name"":""B7F"",""params"":{""events"":[""B7_tf3_k5.0_first""],""lim_off"":0.5,""tmax"":120,""tp"":9.0,""ttl"":5},""size"":6},{""name"":""B4F"",""params"":{""events"":[""B4v_or18_pullback""],""tmax"":1000000000,""tp"":10.0},""size"":6}],""book"":""B7F+B4F"",""capA"":0}",{},"{'dataset': '2b4f41b124ab8772', 'engine': '0.2.0', 'exec_spec': 'EXEC-1.1', 'roll': 'ROLL-1.0'}",G12 A0 B12 alloc 25/75 B7F+B4F,e861f78e8336,none,"{'G': 12, 'a_id': None, 'capA': 0, 'b': [{'name': 'B7F', 'params': {'events': ['B7_tf3_k5.0_first'], 'lim_off': 0.5, 'ttl': 5, 'tp': 9.0, 'tmax': 120}, 'size': 6}, {'name': 'B4F', 'params': {'events': ['B4v_or18_pullback'], 'tp': 10.0, 'tmax': 1000000000}, 'size': 6}], 'alloc': '25/75', 'book': 'B7F+B4F'}",0,12,B7F+B4F,
10,-8371.799999999814,147062.95,10,0,10,False,377100.0,30701.850000000002,0.0,30701.850000000002,-7934.600000000035,147247.5,328.0,83.2028455284553,237.75000000000006,-998.3999999999999,-318.3499999999999,619.0,981.5,0.6151761517615176,0.08943089430894309,0.0027100271002710027,0.0,0.0,0.018970189701897018,0.0027100271002710027,-7024.65,-5592.700000000001,5.0,,,36.906960960685204,0.5482098306731595,0.039903132873100475,0.2628636385103829,22631.450000000004,144210.1,-7934.600000000006,-336.34999999999974,6882.050000000002,6406.550000000002,7036.800000000003,2742.9500000000016,1657.600000000002,5557.150000000002,755.1000000000006,0.18627047538757324,AB_811bf0b0a8a9,AB-FIXED,AB,,S6,ES-signal / MES-economics proxy backtest,"{""G"":10,""a_id"":null,""alloc"":""50/50"",""b"":[{""name"":""B7F"",""params"":{""events"":[""B7_tf3_k5.0_first""],""lim_off"":0.5,""tmax"":120,""tp"":9.0,""ttl"":5},""size"":5},{""name"":""B4F"",""params"":{""events"":[""B4v_or18_pullback""],""tmax"":1000000000,""tp"":10.0},""size"":5}],""book"":""B7F+B4F"",""capA"":0}",{},"{'dataset': '2b4f41b124ab8772', 'engine': '0.2.0', 'exec_spec': 'EXEC-1.1', 'roll': 'ROLL-1.0'}",G10 A0 B10 alloc 50/50 B7F+B4F,2979896633ae,none,"{'G': 10, 'a_id': None, 'capA': 0, 'b': [{'name': 'B7F', 'params': {'events': ['B7_tf3_k5.0_first'], 'lim_off': 0.5, 'ttl': 5, 'tp': 9.0, 'tmax': 120}, 'size': 5}, {'name': 'B4F', 'params': {'events': ['B4v_or18_pullback'], 'tp': 10.0, 'tmax': 1000000000}, 'size': 5}], 'alloc': '50/50', 'book': 'B7F+B4F'}",0,10,B7F+B4F,
10,-9280.399999999849,147699.7,10,0,10,False,377100.0,30230.300000000003,0.0,30230.300000000003,-7843.200000000099,148076.4,303.0,81.9249322493225,75.20000000000005,-687.3,-187.20000000000005,437.6,875.2,0.5474254742547425,0.04065040650406504,0.0027100271002710027,0.0027100271002710027,0.0,0.024390243902439025,0.0027100271002710027,-4137.2,-4787.0,5.0,,,83.70501865169403,0.546080261715735,0.08105113081907886,0.38876226832019534,18477.9,150350.1,-7843.200000000012,-1120.2999999999997,7984.600000000001,9685.1,7747.900000000001,2470.200000000001,2848.2000000000016,3686.0000000000014,-3071.3999999999996,0.15781545639038086,AB_19bf13c2d412,AB-FIXED,AB,,S6,ES-signal / MES-economics proxy backtest,"{""G"":10,""a_id"":null,""alloc"":""40/60"",""b"":[{""name"":""B7F"",""params"":{""events"":[""B7_tf3_k5.0_first""],""lim_off"":0.5,""tmax"":120,""tp"":9.0,""ttl"":5},""size"":10}],""book"":""B7F"",""capA"":0}",{},"{'dataset': '2b4f41b124ab8772', 'engine': '0.2.0', 'exec_spec': 'EXEC-1.1', 'roll': 'ROLL-1.0'}",G10 A0 B10 alloc 40/60 B7F,f432f81d29a0,none,"{'G': 10, 'a_id': None, 'capA': 0, 'b': [{'name': 'B7F', 'params': {'events': ['B7_tf3_k5.0_first'], 'lim_off': 0.5, 'ttl': 5, 'tp': 9.0, 'tmax': 120}, 'size': 10}], 'alloc': '40/60', 'book': 'B7F'}",0,10,B7F,
14,-12992.560000000056,146779.58,14,0,14,False,527940.0,42322.41999999999,0.0,42322.41999999999,-10980.48000000004,147306.96,303.0,114.69490514905146,105.27999999999997,-962.2199999999999,-262.08000000000004,612.64,1225.28,0.5474254742547425,0.15989159891598917,0.013550135501355014,0.0027100271002710027,0.0027100271002710027,0.032520325203252036,0.013550135501355014,-5792.08,-6701.800000000001,5.0,,,83.70501865169402,0.5460802617157398,0.08105113081907889,0.3887622683201954,25869.05999999999,150490.14,-10980.48000000004,-1568.4200000000003,11178.44,13559.139999999998,10847.06,3458.279999999999,3987.479999999999,5160.399999999998,-4299.96,0.15204358100891113,AB_52f1fca91c20,AB-FIXED,AB,,S6,ES-signal / MES-economics proxy backtest,"{""G"":14,""a_id"":null,""alloc"":""0/100"",""b"":[{""name"":""B7F"",""params"":{""events"":[""B7_tf3_k5.0_first""],""lim_off"":0.5,""tmax"":120,""tp"":9.0,""ttl"":5},""size"":14}],""book"":""B7F"",""capA"":0}",{},"{'dataset': '2b4f41b124ab8772', 'engine': '0.2.0', 'exec_spec': 'EXEC-1.1', 'roll': 'ROLL-1.0'}",G14 A0 B14 alloc 0/100 B7F,29b1a0ce2e0d,none,"{'G': 14, 'a_id': None, 'capA': 0, 'b': [{'name': 'B7F', 'params': {'events': ['B7_tf3_k5.0_first'], 'lim_off': 0.5, 'ttl': 5, 'tp': 9.0, 'tmax': 120}, 'size': 14}], 'alloc': '0/100', 'book': 'B7F'}",0,14,B7F,
10,-8371.799999999814,147062.95,10,0,10,False,377100.0,30701.850000000002,0.0,30701.850000000002,-7934.600000000035,147247.5,328.0,83.2028455284553,237.75000000000006,-998.3999999999999,-318.3499999999999,619.0,981.5,0.6151761517615176,0.08943089430894309,0.0027100271002710027,0.0,0.0,0.018970189701897018,0.0027100271002710027,-7024.65,-5592.700000000001,5.0,,,36.906960960685204,0.5482098306731595,0.039903132873100475,0.2628636385103829,22631.450000000004,144210.1,-7934.600000000006,-336.34999999999974,6882.050000000002,6406.550000000002,7036.800000000003,2742.9500000000016,1657.600000000002,5557.150000000002,755.1000000000006,0.1754605770111084,AB_f4e88cc6b6b4,AB-FIXED,AB,,S6,ES-signal / MES-economics proxy backtest,"{""G"":10,""a_id"":null,""alloc"":""0/100"",""b"":[{""name"":""B7F"",""params"":{""events"":[""B7_tf3_k5.0_first""],""lim_off"":0.5,""tmax"":120,""tp"":9.0,""ttl"":5},""size"":5},{""name"":""B4F"",""params"":{""events"":[""B4v_or18_pullback""],""tmax"":1000000000,""tp"":10.0},""size"":5}],""book"":""B7F+B4F"",""capA"":0}",{},"{'dataset': '2b4f41b124ab8772', 'engine': '0.2.0', 'exec_spec': 'EXEC-1.1', 'roll': 'ROLL-1.0'}",G10 A0 B10 alloc 0/100 B7F+B4F,60f0a7806a46,none,"{'G': 10, 'a_id': None, 'capA': 0, 'b': [{'name': 'B7F', 'params': {'events': ['B7_tf3_k5.0_first'], 'lim_off': 0.5, 'ttl': 5, 'tp': 9.0, 'tmax': 120}, 'size': 5}, {'name': 'B4F', 'params': {'events': ['B4v_or18_pullback'], 'tp': 10.0, 'tmax': 1000000000}, 'size': 5}], 'alloc': '0/100', 'book': 'B7F+B4F'}",0,10,B7F+B4F,
12,-11136.48000000033,147239.63999999998,12,0,12,False,452520.0,36276.359999999986,0.0,36276.359999999986,-9411.83999999988,147691.68,303.0,98.30991869918698,90.24000000000001,-824.76,-224.6400000000001,525.12,1050.24,0.5474254742547425,0.14905149051490515,0.01084010840108401,0.0027100271002710027,0.0,0.02981029810298103,0.005420054200542005,-4964.64,-5744.4,5.0,,,83.705018651694,0.5460802617157485,0.0810511308190789,0.3887622683201955,22173.479999999985,150420.12,-9411.840000000026,-1344.36,9581.52,11622.119999999999,9297.48,2964.24,3417.8399999999997,4423.199999999999,-3685.6800000000003,0.14042353630065918,AB_33e72656d601,AB-FIXED,AB,,S6,ES-signal / MES-economics proxy backtest,"{""G"":12,""a_id"":null,""alloc"":""25/75"",""b"":[{""name"":""B7F"",""params"":{""events"":[""B7_tf3_k5.0_first""],""lim_off"":0.5,""tmax"":120,""tp"":9.0,""ttl"":5},""size"":12}],""book"":""B7F"",""capA"":0}",{},"{'dataset': '2b4f41b124ab8772', 'engine': '0.2.0', 'exec_spec': 'EXEC-1.1', 'roll': 'ROLL-1.0'}",G12 A0 B12 alloc 25/75 B7F,e415340c3892,none,"{'G': 12, 'a_id': None, 'capA': 0, 'b': [{'name': 'B7F', 'params': {'events': ['B7_tf3_k5.0_first'], 'lim_off': 0.5, 'ttl': 5, 'tp': 9.0, 'tmax': 120}, 'size': 12}], 'alloc': '25/75', 'book': 'B7F'}",0,12,B7F,
12,-11136.48000000033,147239.63999999998,12,0,12,False,452520.0,36276.359999999986,0.0,36276.359999999986,-9411.83999999988,147691.68,303.0,98.30991869918698,90.24000000000001,-824.76,-224.6400000000001,525.12,1050.24,0.5474254742547425,0.14905149051490515,0.01084010840108401,0.0027100271002710027,0.0,0.02981029810298103,0.005420054200542005,-4964.64,-5744.4,5.0,,,83.705018651694,0.5460802617157485,0.0810511308190789,0.3887622683201955,22173.479999999985,150420.12,-9411.840000000026,-1344.36,9581.52,11622.119999999999,9297.48,2964.24,3417.8399999999997,4423.199999999999,-3685.6800000000003,0.13847661018371582,AB_5c165eb44238,AB-FIXED,AB,,S6,ES-signal / MES-economics proxy backtest,"{""G"":12,""a_id"":null,""alloc"":""0/100"",""b"":[{""name"":""B7F"",""params"":{""events"":[""B7_tf3_k5.0_first""],""lim_off"":0.5,""tmax"":120,""tp"":9.0,""ttl"":5},""size"":12}],""book"":""B7F"",""capA"":0}",{},"{'dataset': '2b4f41b124ab8772', 'engine': '0.2.0', 'exec_spec': 'EXEC-1.1', 'roll': 'ROLL-1.0'}",G12 A0 B12 alloc 0/100 B7F,185a19e4bd1a,none,"{'G': 12, 'a_id': None, 'capA': 0, 'b': [{'name': 'B7F', 'params': {'events': ['B7_tf3_k5.0_first'], 'lim_off': 0.5, 'ttl': 5, 'tp': 9.0, 'tmax': 120}, 'size': 12}], 'alloc': '0/100', 'book': 'B7F'}",0,12,B7F,
20,-16743.599999999627,144125.9,20,0,20,False,754200.0,61403.700000000004,0.0,61403.700000000004,-15869.20000000007,144495.0,328.0,166.4056910569106,475.5000000000001,-1996.7999999999997,-636.6999999999998,1238.0,1963.0,0.6151761517615176,0.3116531165311653,0.08943089430894309,0.008130081300813009,0.0027100271002710027,0.1002710027100271,0.018970189701897018,-14049.3,-11185.400000000001,5.0,,,36.906960960685204,0.5482098306731595,0.039903132873100475,0.2628636385103829,45262.90000000001,138420.2,-15869.20000000004,-672.6999999999995,13764.100000000004,12813.100000000004,14073.600000000006,5485.900000000003,3315.200000000004,11114.300000000005,1510.2000000000012,0.18664216995239258,AB_fb907ddc150a,AB-FIXED,AB,,S6,ES-signal / MES-economics proxy backtest,"{""G"":20,""a_id"":null,""alloc"":""0/100"",""b"":[{""name"":""B7F"",""params"":{""events"":[""B7_tf3_k5.0_first""],""lim_off"":0.5,""tmax"":120,""tp"":9.0,""ttl"":5},""size"":10},{""name"":""B4F"",""params"":{""events"":[""B4v_or18_pullback""],""tmax"":1000000000,""tp"":10.0},""size"":10}],""book"":""B7F+B4F"",""capA"":0}",{},"{'dataset': '2b4f41b124ab8772', 'engine': '0.2.0', 'exec_spec': 'EXEC-1.1', 'roll': 'ROLL-1.0'}",G20 A0 B20 alloc 0/100 B7F+B4F,d979457143e8,none,"{'G': 20, 'a_id': None, 'capA': 0, 'b': [{'name': 'B7F', 'params': {'events': ['B7_tf3_k5.0_first'], 'lim_off': 0.5, 'ttl': 5, 'tp': 9.0, 'tmax': 120}, 'size': 10}, {'name': 'B4F', 'params': {'events': ['B4v_or18_pullback'], 'tp': 10.0, 'tmax': 1000000000}, 'size': 10}], 'alloc': '0/100', 'book': 'B7F+B4F'}",0,20,B7F+B4F,
24,-20092.320000000298,142951.08,24,0,24,False,905040.0,73684.43999999994,0.0,73684.43999999994,-19043.040000000095,143394.0,328.0,199.68682926829266,570.6,-2396.16,-764.0400000000001,1485.6,2355.6,0.6151761517615176,0.3604336043360434,0.17344173441734417,0.032520325203252036,0.0027100271002710027,0.13279132791327913,0.032520325203252036,-16859.16,-13422.479999999998,5.0,,,36.906960960685176,0.5482098306731588,0.03990313287310051,0.26286363851038314,54315.47999999994,136104.24,-19043.03999999995,-807.2400000000005,16516.92,15375.719999999998,16888.32,6583.079999999998,3978.2399999999984,13337.16,1812.2399999999977,0.16475391387939453,AB_19d5be218834,AB-FIXED,AB,,S6,ES-signal / MES-economics proxy backtest,"{""G"":24,""a_id"":null,""alloc"":""0/100"",""b"":[{""name"":""B7F"",""params"":{""events"":[""B7_tf3_k5.0_first""],""lim_off"":0.5,""tmax"":120,""tp"":9.0,""ttl"":5},""size"":12},{""name"":""B4F"",""params"":{""events"":[""B4v_or18_pullback""],""tmax"":1000000000,""tp"":10.0},""size"":12}],""book"":""B7F+B4F"",""capA"":0}",{},"{'dataset': '2b4f41b124ab8772', 'engine': '0.2.0', 'exec_spec': 'EXEC-1.1', 'roll': 'ROLL-1.0'}",G24 A0 B24 alloc 0/100 B7F+B4F,2d382e7096bc,none,"{'G': 24, 'a_id': None, 'capA': 0, 'b': [{'name': 'B7F', 'params': {'events': ['B7_tf3_k5.0_first'], 'lim_off': 0.5, 'ttl': 5, 'tp': 9.0, 'tmax': 120}, 'size': 12}, {'name': 'B4F', 'params': {'events': ['B4v_or18_pullback'], 'tp': 10.0, 'tmax': 1000000000}, 'size': 12}], 'alloc': '0/100', 'book': 'B7F+B4F'}",0,24,B7F+B4F,
14,-11720.519999999553,145888.13,14,0,14,False,527940.0,42982.59,0.0,42982.59,-11108.440000000031,146146.5,328.0,116.48398373983737,332.84999999999997,-1397.76,-445.69,866.5999999999999,1374.1,0.6151761517615176,0.21138211382113822,0.01084010840108401,0.0027100271002710027,0.0,0.06233062330623306,0.005420054200542005,-9834.51,-7829.78,5.0,,,36.9069609606852,0.5482098306731604,0.03990313287310048,0.2628636385103829,31684.03,141894.14,-11108.440000000002,-470.89000000000044,9634.869999999999,8969.17,9851.519999999999,3840.13,2320.6399999999994,7780.0099999999975,1057.139999999999,0.16546416282653809,AB_c40e727f8e4a,AB-FIXED,AB,,S6,ES-signal / MES-economics proxy backtest,"{""G"":14,""a_id"":null,""alloc"":""40/60"",""b"":[{""name"":""B7F"",""params"":{""events"":[""B7_tf3_k5.0_first""],""lim_off"":0.5,""tmax"":120,""tp"":9.0,""ttl"":5},""size"":7},{""name"":""B4F"",""params"":{""events"":[""B4v_or18_pullback""],""tmax"":1000000000,""tp"":10.0},""size"":7}],""book"":""B7F+B4F"",""capA"":0}",{},"{'dataset': '2b4f41b124ab8772', 'engine': '0.2.0', 'exec_spec': 'EXEC-1.1', 'roll': 'ROLL-1.0'}",G14 A0 B14 alloc 40/60 B7F+B4F,98cde62d7946,none,"{'G': 14, 'a_id': None, 'capA': 0, 'b': [{'name': 'B7F', 'params': {'events': ['B7_tf3_k5.0_first'], 'lim_off': 0.5, 'ttl': 5, 'tp': 9.0, 'tmax': 120}, 'size': 7}, {'name': 'B4F', 'params': {'events': ['B4v_or18_pullback'], 'tp': 10.0, 'tmax': 1000000000}, 'size': 7}], 'alloc': '40/60', 'book': 'B7F+B4F'}",0,14,B7F+B4F,
14,-12992.560000000056,146779.58,14,0,14,False,527940.0,42322.41999999999,0.0,42322.41999999999,-10980.48000000004,147306.96,303.0,114.69490514905146,105.27999999999997,-962.2199999999999,-262.08000000000004,612.64,1225.28,0.5474254742547425,0.15989159891598917,0.013550135501355014,0.0027100271002710027,0.0027100271002710027,0.032520325203252036,0.013550135501355014,-5792.08,-6701.800000000001,5.0,,,83.70501865169402,0.5460802617157398,0.08105113081907889,0.3887622683201954,25869.05999999999,150490.14,-10980.48000000004,-1568.4200000000003,11178.44,13559.139999999998,10847.06,3458.279999999999,3987.479999999999,5160.399999999998,-4299.96,0.14346694946289062,AB_39297f7359aa,AB-FIXED,AB,,S6,ES-signal / MES-economics proxy backtest,"{""G"":14,""a_id"":null,""alloc"":""40/60"",""b"":[{""name"":""B7F"",""params"":{""events"":[""B7_tf3_k5.0_first""],""lim_off"":0.5,""tmax"":120,""tp"":9.0,""ttl"":5},""size"":14}],""book"":""B7F"",""capA"":0}",{},"{'dataset': '2b4f41b124ab8772', 'engine': '0.2.0', 'exec_spec': 'EXEC-1.1', 'roll': 'ROLL-1.0'}",G14 A0 B14 alloc 40/60 B7F,e5be44f05945,none,"{'G': 14, 'a_id': None, 'capA': 0, 'b': [{'name': 'B7F', 'params': {'events': ['B7_tf3_k5.0_first'], 'lim_off': 0.5, 'ttl': 5, 'tp': 9.0, 'tmax': 120}, 'size': 14}], 'alloc': '40/60', 'book': 'B7F'}",0,14,B7F,
16,-13394.879999999888,145300.72,16,0,16,False,603360.0,49122.959999999955,0.0,49122.959999999955,-12695.359999999928,145596.0,328.0,133.12455284552834,380.3999999999999,-1597.44,-509.36000000000007,990.3999999999999,1570.3999999999999,0.6151761517615176,0.24932249322493225,0.032520325203252036,0.0027100271002710027,0.0,0.06775067750677506,0.008130081300813009,-11239.44,-8948.320000000002,5.0,,,36.90696096068517,0.5482098306731645,0.039903132873100516,0.26286363851038314,36210.319999999956,140736.16,-12695.359999999957,-538.1600000000008,11011.279999999997,10250.479999999998,11258.879999999996,4388.7199999999975,2652.1599999999976,8891.439999999997,1208.159999999998,0.19409561157226562,AB_975cdc6197c3,AB-FIXED,AB,,S6,ES-signal / MES-economics proxy backtest,"{""G"":16,""a_id"":null,""alloc"":""0/100"",""b"":[{""name"":""B7F"",""params"":{""events"":[""B7_tf3_k5.0_first""],""lim_off"":0.5,""tmax"":120,""tp"":9.0,""ttl"":5},""size"":8},{""name"":""B4F"",""params"":{""events"":[""B4v_or18_pullback""],""tmax"":1000000000,""tp"":10.0},""size"":8}],""book"":""B7F+B4F"",""capA"":0}",{},"{'dataset': '2b4f41b124ab8772', 'engine': '0.2.0', 'exec_spec': 'EXEC-1.1', 'roll': 'ROLL-1.0'}",G16 A0 B16 alloc 0/100 B7F+B4F,5b0ad2341b96,none,"{'G': 16, 'a_id': None, 'capA': 0, 'b': [{'name': 'B7F', 'params': {'events': ['B7_tf3_k5.0_first'], 'lim_off': 0.5, 'ttl': 5, 'tp': 9.0, 'tmax': 120}, 'size': 8}, {'name': 'B4F', 'params': {'events': ['B4v_or18_pullback'], 'tp': 10.0, 'tmax': 1000000000}, 'size': 8}], 'alloc': '0/100', 'book': 'B7F+B4F'}",0,16,B7F+B4F,
20,-18560.799999999726,145399.4,20,0,20,False,754200.0,60460.600000000006,0.0,60460.600000000006,-15686.400000000198,146152.8,303.0,163.849864498645,150.4000000000001,-1374.6,-374.4000000000001,875.2,1750.4,0.5474254742547425,0.2032520325203252,0.04065040650406504,0.01084010840108401,0.0027100271002710027,0.06233062330623306,0.024390243902439025,-8274.4,-9574.0,5.0,,,83.70501865169403,0.546080261715735,0.08105113081907886,0.38876226832019534,36955.8,150700.2,-15686.400000000052,-2240.5999999999995,15969.200000000003,19370.2,15495.800000000001,4940.400000000002,5696.400000000003,7372.000000000003,-6142.799999999999,0.17198586463928223,AB_5fa0243b129b,AB-FIXED,AB,,S6,ES-signal / MES-economics proxy backtest,"{""G"":20,""a_id"":null,""alloc"":""25/75"",""b"":[{""name"":""B7F"",""params"":{""events"":[""B7_tf3_k5.0_first""],""lim_off"":0.5,""tmax"":120,""tp"":9.0,""ttl"":5},""size"":20}],""book"":""B7F"",""capA"":0}",{},"{'dataset': '2b4f41b124ab8772', 'engine': '0.2.0', 'exec_spec': 'EXEC-1.1', 'roll': 'ROLL-1.0'}",G20 A0 B20 alloc 25/75 B7F,eb6ca5b3bf96,none,"{'G': 20, 'a_id': None, 'capA': 0, 'b': [{'name': 'B7F', 'params': {'events': ['B7_tf3_k5.0_first'], 'lim_off': 0.5, 'ttl': 5, 'tp': 9.0, 'tmax': 120}, 'size': 20}], 'alloc': '25/75', 'book': 'B7F'}",0,20,B7F,
10,-9280.399999999849,147699.7,10,0,10,False,377100.0,30230.300000000003,0.0,30230.300000000003,-7843.200000000099,148076.4,303.0,81.9249322493225,75.20000000000005,-687.3,-187.20000000000005,437.6,875.2,0.5474254742547425,0.04065040650406504,0.0027100271002710027,0.0027100271002710027,0.0,0.024390243902439025,0.0027100271002710027,-4137.2,-4787.0,5.0,,,83.70501865169403,0.546080261715735,0.08105113081907886,0.38876226832019534,18477.9,150350.1,-7843.200000000012,-1120.2999999999997,7984.600000000001,9685.1,7747.900000000001,2470.200000000001,2848.2000000000016,3686.0000000000014,-3071.3999999999996,0.14303255081176758,AB_b7b8833f622e,AB-FIXED,AB,,S6,ES-signal / MES-economics proxy backtest,"{""G"":10,""a_id"":null,""alloc"":""50/50"",""b"":[{""name"":""B7F"",""params"":{""events"":[""B7_tf3_k5.0_first""],""lim_off"":0.5,""tmax"":120,""tp"":9.0,""ttl"":5},""size"":10}],""book"":""B7F"",""capA"":0}",{},"{'dataset': '2b4f41b124ab8772', 'engine': '0.2.0', 'exec_spec': 'EXEC-1.1', 'roll': 'ROLL-1.0'}",G10 A0 B10 alloc 50/50 B7F,1752f970d3f8,none,"{'G': 10, 'a_id': None, 'capA': 0, 'b': [{'name': 'B7F', 'params': {'events': ['B7_tf3_k5.0_first'], 'lim_off': 0.5, 'ttl': 5, 'tp': 9.0, 'tmax': 120}, 'size': 10}], 'alloc': '50/50', 'book': 'B7F'}",0,10,B7F,
10,-9280.399999999849,147699.7,10,0,10,False,377100.0,30230.300000000003,0.0,30230.300000000003,-7843.200000000099,148076.4,303.0,81.9249322493225,75.20000000000005,-687.3,-187.20000000000005,437.6,875.2,0.5474254742547425,0.04065040650406504,0.0027100271002710027,0.0027100271002710027,0.0,0.024390243902439025,0.0027100271002710027,-4137.2,-4787.0,5.0,,,83.70501865169403,0.546080261715735,0.08105113081907886,0.38876226832019534,18477.9,150350.1,-7843.200000000012,-1120.2999999999997,7984.600000000001,9685.1,7747.900000000001,2470.200000000001,2848.2000000000016,3686.0000000000014,-3071.3999999999996,0.1404111385345459,AB_8bb511dd192c,AB-FIXED,AB,,S6,ES-signal / MES-economics proxy backtest,"{""G"":10,""a_id"":null,""alloc"":""25/75"",""b"":[{""name"":""B7F"",""params"":{""events"":[""B7_tf3_k5.0_first""],""lim_off"":0.5,""tmax"":120,""tp"":9.0,""ttl"":5},""size"":10}],""book"":""B7F"",""capA"":0}",{},"{'dataset': '2b4f41b124ab8772', 'engine': '0.2.0', 'exec_spec': 'EXEC-1.1', 'roll': 'ROLL-1.0'}",G10 A0 B10 alloc 25/75 B7F,ef08ad562bbb,none,"{'G': 10, 'a_id': None, 'capA': 0, 'b': [{'name': 'B7F', 'params': {'events': ['B7_tf3_k5.0_first'], 'lim_off': 0.5, 'ttl': 5, 'tp': 9.0, 'tmax': 120}, 'size': 10}], 'alloc': '25/75', 'book': 'B7F'}",0,10,B7F,
16,-14848.639999999723,146319.52,16,0,16,False,603360.0,48368.47999999998,0.0,48368.47999999998,-12549.11999999982,146922.24,303.0,131.07989159891594,120.31999999999994,-1099.6799999999998,-299.52,700.16,1400.32,0.5474254742547425,0.17886178861788618,0.037940379403794036,0.0027100271002710027,0.0027100271002710027,0.04065040650406504,0.013550135501355014,-6619.52,-7659.199999999999,5.0,,,83.705018651694,0.5460802617157494,0.0810511308190789,0.38876226832019545,29564.63999999998,150560.16,-12549.120000000024,-1792.48,12775.359999999999,15496.159999999998,12396.639999999998,3952.319999999999,4557.119999999998,5897.599999999998,-4914.240000000002,0.15410947799682617,AB_fbc2fea5ecc7,AB-FIXED,AB,,S6,ES-signal / MES-economics proxy backtest,"{""G"":16,""a_id"":null,""alloc"":""25/75"",""b"":[{""name"":""B7F"",""params"":{""events"":[""B7_tf3_k5.0_first""],""lim_off"":0.5,""tmax"":120,""tp"":9.0,""ttl"":5},""size"":16}],""book"":""B7F"",""capA"":0}",{},"{'dataset': '2b4f41b124ab8772', 'engine': '0.2.0', 'exec_spec': 'EXEC-1.1', 'roll': 'ROLL-1.0'}",G16 A0 B16 alloc 25/75 B7F,686569ea5805,none,"{'G': 16, 'a_id': None, 'capA': 0, 'b': [{'name': 'B7F', 'params': {'events': ['B7_tf3_k5.0_first'], 'lim_off': 0.5, 'ttl': 5, 'tp': 9.0, 'tmax': 120}, 'size': 16}], 'alloc': '25/75', 'book': 'B7F'}",0,16,B7F,
12,-11136.48000000033,147239.63999999998,12,0,12,False,452520.0,36276.359999999986,0.0,36276.359999999986,-9411.83999999988,147691.68,303.0,98.30991869918698,90.24000000000001,-824.76,-224.6400000000001,525.12,1050.24,0.5474254742547425,0.14905149051490515,0.01084010840108401,0.0027100271002710027,0.0,0.02981029810298103,0.005420054200542005,-4964.64,-5744.4,5.0,,,83.705018651694,0.5460802617157485,0.0810511308190789,0.3887622683201955,22173.479999999985,150420.12,-9411.840000000026,-1344.36,9581.52,11622.119999999999,9297.48,2964.24,3417.8399999999997,4423.199999999999,-3685.6800000000003,0.1468183994293213,AB_83898269fbbf,AB-FIXED,AB,,S6,ES-signal / MES-economics proxy backtest,"{""G"":12,""a_id"":null,""alloc"":""40/60"",""b"":[{""name"":""B7F"",""params"":{""events"":[""B7_tf3_k5.0_first""],""lim_off"":0.5,""tmax"":120,""tp"":9.0,""ttl"":5},""size"":12}],""book"":""B7F"",""capA"":0}",{},"{'dataset': '2b4f41b124ab8772', 'engine': '0.2.0', 'exec_spec': 'EXEC-1.1', 'roll': 'ROLL-1.0'}",G12 A0 B12 alloc 40/60 B7F,3a8718f6165c,none,"{'G': 12, 'a_id': None, 'capA': 0, 'b': [{'name': 'B7F', 'params': {'events': ['B7_tf3_k5.0_first'], 'lim_off': 0.5, 'ttl': 5, 'tp': 9.0, 'tmax': 120}, 'size': 12}], 'alloc': '40/60', 'book': 'B7F'}",0,12,B7F,
