fq,fq_qmean,fq_mtm,fq_dd,fq_fresh22,core_only,co_qmean,co_mtm,co_dd,co_fresh22
cap16 core8/rec8 mkt,8.681797722256569,179431.61000002938,-78159.31999999683,72620.16000000006,"NULL-A core only cap10 (armed add, basket +25, grid 5)",8.437524159743722,199906.1300000081,-69624.79999999999,86171.62
cap24 core8/rec16 mkt,9.227750208462638,190704.85000003804,-90387.53999999465,60391.94000000012,"NULL-A core only cap12 (armed add, basket +25, grid 5)",9.686796400887028,242104.83000001113,-82964.88,73767.94
cap12 core8/rec4 lmt,7.343895976640922,169361.4100000176,-57687.08999999988,93109.89000000001,"NULL-A core only cap8 (armed add, basket +25, grid 5)",7.049690332924788,158200.320000005,-55699.84,98744.04999999999
cap16 core10/rec6 mkt,9.546265431564924,207665.8800000291,-84247.60999999815,66647.43000000002,"NULL-A core only cap12 (armed add, basket +25, grid 5)",9.686796400887028,242104.83000001113,-82964.88,73767.94
cap32 core16/rec16 lmt (RUN-3 C32),12.900074696597866,303771.3500000481,-127501.52999999502,23295.4500000001,"NULL-A core only cap16 (armed add, basket +25, grid 5)",11.985779891611495,312006.8400000159,-106425.42999999993,49501.82999999999
cap12 core6/rec6 mkt,6.724113324835272,136147.9200000196,-58527.1599999982,92359.83000000002,"NULL-A core only cap8 (armed add, basket +25, grid 5)",7.049690332924788,158200.320000005,-55699.84,98744.04999999999
cap24 core12/rec12 lmt,11.53793215521607,264992.25000004016,-112557.48999999592,38239.49000000008,"NULL-A core only cap16 (armed add, basket +25, grid 5)",11.985779891611495,312006.8400000159,-106425.42999999993,49501.82999999999
cap20 core6/rec14 lmt,7.779653483407661,154595.76000002777,-83413.92999999574,67511.8300000001,"NULL-A core only cap10 (armed add, basket +25, grid 5)",8.437524159743722,199906.1300000081,-69624.79999999999,86171.62
cap14 core4/rec10 lmt,5.898716722906997,118426.09000000975,-60466.700000002194,83240.18000000008,"NULL-A core only cap6 (armed add, basket +25, grid 5)",5.504676280551894,119827.67000000225,-41774.880000000005,111455.23000000001
cap24 core12/rec12 mkt,11.765337641091898,265043.070000043,-116991.51999999554,33787.96000000008,"NULL-A core only cap16 (armed add, basket +25, grid 5)",11.985779891611495,312006.8400000159,-106425.42999999993,49501.82999999999
cap20 core6/rec14 mkt,7.648103000051889,152019.42000003078,-78086.49999999476,72800.4900000001,"NULL-A core only cap8 (armed add, basket +25, grid 5)",7.049690332924788,158200.320000005,-55699.84,98744.04999999999
cap14 core4/rec10 mkt,5.811223153773224,116786.49000000977,-58946.240000002465,84714.39000000007,"NULL-A core only cap6 (armed add, basket +25, grid 5)",5.504676280551894,119827.67000000225,-41774.880000000005,111455.23000000001
cap14 core8/rec6 mkt,8.269443942757547,171592.90000002395,-70933.3199999982,79846.16000000003,"NULL-A core only cap10 (armed add, basket +25, grid 5)",8.437524159743722,199906.1300000081,-69624.79999999999,86171.62
cap16 core6/rec10 mkt,7.365489206401945,146252.01000002626,-72364.3799999957,78522.61000000007,"NULL-A core only cap8 (armed add, basket +25, grid 5)",7.049690332924788,158200.320000005,-55699.84,98744.04999999999
cap24 core8/rec16 lmt,9.120456610608686,197894.78000003612,-89336.72999999503,61460.25000000012,"NULL-A core only cap12 (armed add, basket +25, grid 5)",9.686796400887028,242104.83000001113,-82964.88,73767.94
cap16 core6/rec10 lmt,7.409592378614006,149838.06000002415,-73907.35999999655,77018.40000000008,"NULL-A core only cap8 (armed add, basket +25, grid 5)",7.049690332924788,158200.320000005,-55699.84,98744.04999999999
cap14 core6/rec8 mkt,7.119780841710387,143365.50000002375,-65753.15999999686,85133.83000000005,"NULL-A core only cap8 (armed add, basket +25, grid 5)",7.049690332924788,158200.320000005,-55699.84,98744.04999999999
cap12 core4/rec8 mkt,5.565514789081666,113899.98000000918,-52910.79999999906,91325.61000000004,"NULL-A core only cap6 (armed add, basket +25, grid 5)",5.504676280551894,119827.67000000225,-41774.880000000005,111455.23000000001
cap12 core8/rec4 mkt,7.641200101204437,162207.79000001866,-62163.30999999927,88616.17000000001,"NULL-A core only cap8 (armed add, basket +25, grid 5)",7.049690332924788,158200.320000005,-55699.84,98744.04999999999
cap14 core6/rec8 lmt,7.12957707727538,145368.43000002112,-68395.70999999851,82530.05000000005,"NULL-A core only cap8 (armed add, basket +25, grid 5)",7.049690332924788,158200.320000005,-55699.84,98744.04999999999
cap16 core10/rec6 lmt,9.144842213995897,217262.8200000286,-79304.00999999885,64994.20000000001,"NULL-A core only cap12 (armed add, basket +25, grid 5)",9.686796400887028,242104.83000001113,-82964.88,73767.94
cap14 core8/rec6 lmt,7.986682123539404,178479.57000002265,-66384.7299999989,84412.25000000003,"NULL-A core only cap10 (armed add, basket +25, grid 5)",8.437524159743722,199906.1300000081,-69624.79999999999,86171.62
cap18 core10/rec8 lmt,9.60048381835171,224738.17000003264,-87480.55999999808,56817.65000000002,"NULL-A core only cap12 (armed add, basket +25, grid 5)",9.686796400887028,242104.83000001113,-82964.88,73767.94
cap12 core6/rec6 lmt,6.702369656045698,139624.22000001709,-60219.16000000018,90706.6,"NULL-A core only cap8 (armed add, basket +25, grid 5)",7.049690332924788,158200.320000005,-55699.84,98744.04999999999
cap20 core10/rec10 lmt,9.890583361523891,229955.8200000362,-92992.20999999612,51306.00000000009,"NULL-A core only cap12 (armed add, basket +25, grid 5)",9.686796400887028,242104.83000001113,-82964.88,73767.94
cap18 core8/rec10 mkt,8.937528383299338,183846.29000003252,-84770.53999999567,66008.94000000009,"NULL-A core only cap10 (armed add, basket +25, grid 5)",8.437524159743722,199906.1300000081,-69624.79999999999,86171.62
cap18 core10/rec8 mkt,9.970744435867722,215758.43000003393,-91473.60999999678,59421.43000000005,"NULL-A core only cap12 (armed add, basket +25, grid 5)",9.686796400887028,242104.83000001113,-82964.88,73767.94
cap18 core6/rec12 mkt,7.577253457985879,147216.85000002722,-78886.71999999555,72000.27000000008,"NULL-A core only cap8 (armed add, basket +25, grid 5)",7.049690332924788,158200.320000005,-55699.84,98744.04999999999
cap20 core10/rec10 mkt,10.22647509691049,220173.110000037,-98084.82999999565,52810.21000000008,"NULL-A core only cap12 (armed add, basket +25, grid 5)",9.686796400887028,242104.83000001113,-82964.88,73767.94
cap16 core8/rec8 lmt,8.431097114828823,185713.51000002702,-74561.27999999805,76235.70000000004,"NULL-A core only cap10 (armed add, basket +25, grid 5)",8.437524159743722,199906.1300000081,-69624.79999999999,86171.62
cap24 core10/rec14 mkt,10.509093717481136,225993.08000004163,-103806.94999999474,47088.09000000011,"NULL-A core only cap14 (armed add, basket +25, grid 5)",10.865723915421086,281759.3900000138,-93707.95999999996,61530.51000000001
cap24 core10/rec14 lmt,10.261096185646588,234867.44000004,-102498.77999999528,41799.43000000011,"NULL-A core only cap12 (armed add, basket +25, grid 5)",9.686796400887028,242104.83000001113,-82964.88,73767.94
cap20 core8/rec12 lmt,8.952191361662262,191974.7100000314,-86960.11999999586,63836.8600000001,"NULL-A core only cap10 (armed add, basket +25, grid 5)",8.437524159743722,199906.1300000081,-69624.79999999999,86171.62
cap20 core8/rec12 mkt,9.149297461803974,184863.69000003347,-91292.87999999555,59486.60000000009,"NULL-A core only cap12 (armed add, basket +25, grid 5)",9.686796400887028,242104.83000001113,-82964.88,73767.94
cap18 core6/rec12 lmt,7.640135362946224,150727.69000002497,-80794.54999999629,70131.21000000008,"NULL-A core only cap8 (armed add, basket +25, grid 5)",7.049690332924788,158200.320000005,-55699.84,98744.04999999999
cap32 core16/rec16 mkt (RUN-3 C32),12.717654904935808,306464.84000005067,-122339.25999999465,28440.220000000118,"NULL-A core only cap16 (armed add, basket +25, grid 5)",11.985779891611495,312006.8400000159,-106425.42999999993,49501.82999999999
cap12 core4/rec8 lmt,5.618701421568371,113956.46000000881,-54955.05000000112,88751.83000000005,"NULL-A core only cap6 (armed add, basket +25, grid 5)",5.504676280551894,119827.67000000225,-41774.880000000005,111455.23000000001
cap18 core8/rec10 lmt,8.721196658001004,190931.16000003048,-80072.92999999612,70724.05000000008,"NULL-A core only cap10 (armed add, basket +25, grid 5)",8.437524159743722,199906.1300000081,-69624.79999999999,86171.62
