note,family,cap,mtm,dd,fr20,fr22,fr25,worst,ne,rtpd,qm,pcd,uw,yp,mtm_2t,fr22_2t,mtm_3t,fr22_3t,rob_n,rob_fr22_min,rob_fr22_max,rob_mtm_min,rob_mtm_max,rob_ne_max
minfree2 R4_deep_harv_salv,A-CSM,14,160181.2300000328,-55166.79999999612,106847.91000000003,95630.17999999996,91543.31000000003,91543.31000000003,5.764583333333333,2.7247602932882122,6.983886934209473,8.901789859676306,778.6013888888889,7.0,153165.77000003308,89274.44999999995,142497.85000002175,89104.44999999995,11.0,92482.72999999995,96191.43000000005,156243.44000002055,163574.960000035,5.764583333333333
minfree3 R4_deep_harv_salv,A-CSM,14,166692.42000003415,-54980.69999999509,106847.91000000003,95816.28000000009,91507.03000000003,91507.03000000003,5.764583333333333,2.652566271855612,7.015075680082958,9.228729116596018,778.6013888888889,7.0,157094.26000003458,89743.0800000001,149661.5100000318,89580.5800000001,11.0,91580.63000000006,96910.1000000001,155662.40000001807,170217.1700000345,5.764583333333333
minfree4 R4_deep_harv_salv,A-CSM,14,165087.28000003286,-55049.52999999517,106847.91000000003,95747.4500000001,91969.53000000003,91969.53000000003,5.764583333333333,2.5713479977439366,7.001333034600575,9.158686680660976,778.8763888888889,7.0,156242.8300000336,89609.18000000011,149062.6800000306,89447.93000000011,12.0,91435.47000000006,96542.32000000007,161279.4900000285,168705.86000003293,5.764583333333333
dead50 prof_be +1 (wave1c structure sweep),A-HARV,12,131011.92000000866,-51731.10000000289,117160.32,99194.66000000009,99510.05000000005,99194.66000000009,45.830555555555556,2.823463056965595,6.2586481323638194,8.13045209501112,755.3604166666667,7.0,128299.55000000785,92121.53000000009,127558.90000000829,91605.28000000009,6.0,92548.85000000006,99475.63000000009,131011.92000000866,135115.3700000121,298.10069444444446
free3 prof_be +1 (wave1c structure sweep),A-HARV,12,103970.22000000044,-44099.510000003065,128025.24000000002,99607.37000000011,110501.28000000003,99607.37000000011,7.779861111111111,2.8849407783417935,5.008089114610003,8.070836093159286,747.4854166666667,7.0,101804.24999999991,99061.12000000011,97437.88999999952,98522.37000000008,6.0,95286.44000000012,105513.0200000001,97912.7999999995,108348.72000000399,45.830555555555556
dead50 prof_be +1 (wave1c structure sweep),A-HARV,12,106214.64000000156,-44044.540000003064,128032.74000000002,99662.34000000011,110620.03000000003,99662.34000000011,7.779861111111111,2.8510998307952624,5.093355059839738,8.106803395347999,747.4854166666667,7.0,104239.94000000093,99132.34000000011,100132.32999999926,98609.84000000011,6.0,88213.23000000004,99973.50000000012,106214.64000000156,108390.86000000779,446.08680555555554
dead50 prof_be +1 (wave1c structure sweep),A-HARV,14,137712.88000002457,-57485.20000000257,117326.55000000002,93440.56000000011,99551.40000000005,93440.56000000011,7.779861111111111,2.877608573040045,6.603713430544834,8.100946272034742,750.0729166666666,7.0,135181.69000002742,86359.93000000011,132109.10000001878,85836.18000000011,6.0,81991.45000000004,93751.72000000012,137712.88000002457,139739.0800000208,446.08680555555554
dead5d pts10 highest,A-SALV,14,163645.60000002768,-54382.86999999624,106855.41000000003,96414.10999999996,95525.22000000003,95525.22000000003,5.764583333333333,2.756909193457417,6.735827456892581,9.428061487773824,778.4576388888889,7.0,153984.90000002633,91856.5099999999,147477.45000002242,91740.2599999999,7.0,84412.25000000003,96414.10999999996,157474.2300000249,178479.57000002265,453.9604166666667
dead5d pts10 oldest,A-SALV,14,163645.60000002768,-54382.86999999624,106855.41000000003,96414.10999999996,95525.22000000003,95525.22000000003,5.764583333333333,2.756909193457417,6.735827456892581,9.428061487773824,778.4576388888889,7.0,153984.90000002633,91856.5099999999,147477.45000002242,91740.2599999999,7.0,84412.25000000003,96414.10999999996,157474.2300000249,178479.57000002265,453.9604166666667
dead5d atr0.5 closest_be trig={'trig': 'always'},A-SALV,16,143853.44000001496,-52463.28999999986,113418.44000000003,98333.6899999996,96741.48000000004,96741.48000000004,5.050694444444445,2.790186125211506,6.253961594605434,8.89171245717916,866.7854166666667,7.0,133616.86000001297,87179.02999999968,129362.02000000747,87057.78999999966,7.0,76235.70000000004,98556.84999999954,141264.7800000143,185713.51000002702,446.08680555555554
dead5d pts10 closest_be trig={'trig': 'always'},A-SALV,16,141440.81000001298,-52614.5400000012,112928.37000000002,98182.43999999957,96786.48000000004,96786.48000000004,5.050694444444445,2.787366046249295,6.255328015407531,8.744698493356326,866.75625,7.0,133349.3000000103,87031.52999999965,127619.250000006,86910.28999999963,7.0,76235.70000000004,98357.61999999962,141440.81000001298,185713.51000002702,446.08680555555554
recycle only 8 (no core),A-STATIC,8,77378.34999999747,-49368.570000000385,133155.73,106820.85000000003,116449.64000000001,106820.85000000003,462.0756944444444,2.173716864072194,3.938336490273554,7.628708967082906,623.9722222222222,7.0,76782.09999999718,106797.10000000003,76212.09999999689,106773.35000000003,,,,,,
static core 4 + recycle 10 + prof_be free3,A-STATIC,14,149989.7499999858,-67828.05000000066,111980.79000000001,83439.53000000012,95310.38,83439.53000000012,7.779861111111111,3.0344049633389734,7.82230415473177,7.4370454978913525,747.5673611111112,7.0,147032.24999998382,82878.28000000012,144125.99999998242,82328.28000000012,6.0,78677.0500000001,88476.4900000001,145475.78999998327,156253.06999999133,45.830555555555556
static core 4 + recycle 10 + CSM R4 minfree4,A-STATIC,14,139572.0399999906,-73088.10000000126,111980.79000000001,77610.06999999995,92558.49000000002,77610.06999999995,5.764583333333333,2.817822899041173,7.49137409158358,7.220699000099677,779.3208333333333,7.0,138603.28999999102,77443.81999999995,137677.03999999148,77286.31999999995,13.0,76563.78999999992,82655.80999999968,134507.4899999923,143913.50999998767,5.764583333333333
static core 6 + recycle 8 + prof_be free3,A-STATIC,14,179150.1399999946,-70458.53999999876,101350.83000000002,80505.8900000001,90911.69000000003,80505.8900000001,7.779861111111111,3.1060349689791313,9.100074535700509,7.634225139448945,755.3611111111111,7.0,175472.63999999623,79864.64000000007,171847.63999999705,79234.64000000007,6.0,75313.3500000001,86430.3600000001,169908.15999999747,183994.60999998444,45.830555555555556
control core8/rec6 lmt,A-STRUCT,14,178479.57000002265,-66384.7299999989,106855.41000000003,84412.25000000003,83600.72000000003,83600.72000000003,453.9604166666667,1.897913141567964,7.986682123539404,8.685167162986051,749.5520833333334,7.0,170446.7400000224,77859.16,167150.98000002315,77827.91,,,,,,
control core8/rec8 lmt,A-STRUCT,16,185713.51000002702,-74561.27999999805,106855.41000000003,76235.70000000004,83724.58000000005,76235.70000000004,446.08680555555554,2.1833051325437114,8.431097114828823,8.561035288493722,744.9138888888889,7.0,177583.180000027,69666.36000000004,172987.89000002667,69618.86000000004,,,,,,
control core10/rec10 lmt,A-STRUCT,20,229955.8200000362,-92992.20999999612,95279.17000000001,51306.00000000009,77340.23000000004,51306.00000000009,298.10625,2.41229554427524,9.890583361523891,9.03654442083075,722.4013888888888,7.0,227377.13000003656,57686.61000000007,220429.13000003592,57607.86000000007,,,,,,
control core6/rec14 lmt,A-STRUCT,20,154595.76000002777,-83413.92999999574,117326.55000000002,67511.8300000001,96654.52000000005,67511.8300000001,45.800694444444446,2.6006768189509306,7.779653483407661,7.71670898210058,706.1902777777777,7.0,154660.79000002833,60871.2000000001,153164.5200000283,60784.9500000001,,,,,,
control core16/rec16 lmt,A-STRUCT,32,303771.3500000481,-127501.52999999502,79222.35,23295.4500000001,38354.080000000045,23295.4500000001,7.779861111111111,2.7986463620981388,12.900074696597866,9.133529963954725,708.7194444444444,7.0,280700.34000004694,16729.850000000093,283956.9600000475,16632.350000000093,,,,,,
