tranche,lane,qty,entry_idx,exit_idx,entry_dt,exit_dt,entry_px,exit_px,gross,net,reason,tag,cycle,lane_cycle,rolls,raw_exit,raw_basis_final,roll_realized
6154,rec,1,2256385,2256388,2025-10-01 09:52:00,2025-10-01 09:55:00,6122.5,6125.5,16.25,13.760000000000002,tp,rec,198,738,0,6714.0,6711.0,0.0
6152,core,1,2255346,2256499,2025-09-30 15:33:00,2025-10-01 11:46:00,6145.75,6158.5,65.0,62.510000000000005,basket_tp,init,198,218,0,6747.0,6734.25,0.0
6153,core,1,2256366,2256499,2025-10-01 09:33:00,2025-10-01 11:46:00,6129.0,6158.5,148.75,146.26,basket_tp,add_rev,198,218,0,6747.0,6717.5,0.0
6155,core,1,2256389,2256499,2025-10-01 09:56:00,2025-10-01 11:46:00,6125.25,6158.5,167.5,165.01,basket_tp,add_rev,198,218,0,6747.0,6713.75,0.0
6156,core,1,2256500,2256701,2025-10-01 11:47:00,2025-10-01 15:08:00,6158.0,6180.75,115.0,112.50999999999999,basket_tp,init,199,219,0,6769.25,6746.5,0.0
6157,core,1,2256540,2256701,2025-10-01 12:27:00,2025-10-01 15:08:00,6156.25,6180.75,123.75,121.25999999999999,basket_tp,add_rev,199,219,0,6769.25,6744.75,0.0
6158,core,1,2256571,2256701,2025-10-01 12:58:00,2025-10-01 15:08:00,6152.5,6180.75,142.5,140.01,basket_tp,add_rev,199,219,0,6769.25,6741.0,0.0
6161,rec,1,2256750,2257742,2025-10-01 15:57:00,2025-10-02 09:31:00,6174.25,6190.25,82.5,78.75999999999999,tp_gap,rec,200,739,0,6778.75,6762.75,0.0
6164,rec,1,2256760,2257742,2025-10-01 16:07:00,2025-10-02 09:31:00,6169.5,6190.25,106.25,102.50999999999999,tp_gap,rec,200,739,0,6778.75,6758.0,0.0
6166,rec,1,2257830,2257887,2025-10-02 10:59:00,2025-10-02 11:56:00,6164.5,6167.5,16.25,13.760000000000002,tp,rec,200,740,0,6756.0,6753.0,0.0
6168,rec,1,2258111,2258133,2025-10-02 15:40:00,2025-10-02 16:02:00,6177.25,6180.25,16.25,13.760000000000002,tp,rec,200,741,0,6768.75,6765.75,0.0
6159,core,1,2256702,2259132,2025-10-01 15:09:00,2025-10-03 09:41:00,6181.0,6196.25,77.5,75.00999999999999,basket_tp,init,200,220,0,6784.75,6769.5,0.0
6160,core,1,2256708,2259132,2025-10-01 15:15:00,2025-10-03 09:41:00,6178.5,6196.25,90.0,87.50999999999999,basket_tp,add_rev,200,220,0,6784.75,6767.0,0.0
6162,core,1,2256751,2259132,2025-10-01 15:58:00,2025-10-03 09:41:00,6174.75,6196.25,108.75,106.25999999999999,basket_tp,add_rev,200,220,0,6784.75,6763.25,0.0
6163,core,1,2256759,2259132,2025-10-01 16:06:00,2025-10-03 09:41:00,6169.5,6196.25,135.0,132.51,basket_tp,add_rev,200,220,0,6784.75,6758.0,0.0
6165,core,1,2257820,2259132,2025-10-02 10:49:00,2025-10-03 09:41:00,6164.75,6196.25,158.75,156.26,basket_tp,add_rev,200,220,0,6784.75,6753.25,0.0
6167,core,1,2257838,2259132,2025-10-02 11:07:00,2025-10-03 09:41:00,6158.0,6196.25,192.5,190.01,basket_tp,add_rev,200,220,0,6784.75,6746.5,0.0
6172,rec,1,2259253,2259258,2025-10-03 11:42:00,2025-10-03 11:47:00,6199.75,6202.75,16.25,13.760000000000002,tp,rec,201,742,0,6791.25,6788.25,0.0
6173,rec,1,2259337,2259343,2025-10-03 13:06:00,2025-10-03 13:12:00,6193.75,6196.75,16.25,13.760000000000002,tp,rec,201,743,0,6785.25,6782.25,0.0
6174,rec,1,2259361,2259365,2025-10-03 13:30:00,2025-10-03 13:34:00,6190.0,6193.0,16.25,13.760000000000002,tp,rec,201,744,0,6781.5,6778.5,0.0
6177,rec,1,2259386,2259387,2025-10-03 13:55:00,2025-10-03 13:56:00,6170.0,6173.0,16.25,13.760000000000002,tp,rec,201,745,0,6761.5,6758.5,0.0
6178,rec,1,2259388,2259389,2025-10-03 13:57:00,2025-10-03 13:58:00,6174.25,6177.25,16.25,13.760000000000002,tp,rec,201,745,0,6765.75,6762.75,0.0
6176,rec,1,2259380,2259412,2025-10-03 13:49:00,2025-10-03 14:21:00,6181.25,6184.25,16.25,13.760000000000002,tp,rec,201,745,0,6772.75,6769.75,0.0
6175,rec,1,2259376,2259418,2025-10-03 13:45:00,2025-10-03 14:27:00,6186.25,6189.25,16.25,13.760000000000002,tp,rec,201,745,0,6777.75,6774.75,0.0
6181,rec,1,2259512,2260500,2025-10-03 16:01:00,2025-10-06 09:31:00,6177.0,6199.75,116.25,112.50999999999999,tp_gap,rec,201,746,0,6788.25,6765.5,0.0
6183,rec,1,2260891,2261879,2025-10-06 16:02:00,2025-10-07 09:31:00,6199.75,6208.5,46.25,42.510000000000005,tp_gap,rec,201,747,0,6797.0,6788.25,0.0
6169,core,1,2259133,2261879,2025-10-03 09:42:00,2025-10-07 09:31:00,6196.0,6209.25,67.5,65.00999999999999,basket_tp,init,201,221,0,6797.75,6784.5,0.0
6170,core,1,2259136,2261879,2025-10-03 09:45:00,2025-10-07 09:31:00,6192.0,6209.25,87.5,85.00999999999999,basket_tp,add_rev,201,221,0,6797.75,6780.5,0.0
6171,core,1,2259157,2261879,2025-10-03 10:06:00,2025-10-07 09:31:00,6187.25,6209.25,111.25,108.75999999999999,basket_tp,add_rev,201,221,0,6797.75,6775.75,0.0
6179,core,1,2259389,2261879,2025-10-03 13:58:00,2025-10-07 09:31:00,6174.75,6209.25,173.75,171.26,basket_tp,add_rev,201,221,0,6797.75,6763.25,0.0
6180,core,1,2259398,2261879,2025-10-03 14:07:00,2025-10-07 09:31:00,6170.75,6209.25,193.75,191.26,basket_tp,add_rev,201,221,0,6797.75,6759.25,0.0
6182,rec,1,2260828,2261879,2025-10-06 14:59:00,2025-10-07 09:31:00,6205.75,6208.75,16.25,13.760000000000002,tp,rec,201,747,0,6797.25,6794.25,0.0
6192,rec,1,2261977,2261989,2025-10-07 11:09:00,2025-10-07 11:21:00,6179.25,6182.25,16.25,13.760000000000002,tp,rec,202,748,0,6770.75,6767.75,0.0
6195,rec,1,2262009,2262010,2025-10-07 11:41:00,2025-10-07 11:42:00,6167.5,6170.5,16.25,13.760000000000002,tp,rec,202,748,0,6759.0,6756.0,0.0
6198,rec,1,2262053,2262054,2025-10-07 12:25:00,2025-10-07 12:26:00,6163.25,6166.25,16.25,13.760000000000002,tp,rec,202,748,0,6754.75,6751.75,0.0
6191,rec,1,2261973,2263290,2025-10-07 11:05:00,2025-10-08 10:02:00,6188.5,6191.5,16.25,13.760000000000002,tp,rec,202,748,0,6780.0,6777.0,0.0
6188,rec,1,2261947,2263297,2025-10-07 10:39:00,2025-10-08 10:09:00,6194.0,6197.0,16.25,13.760000000000002,tp,rec,202,748,0,6785.5,6782.5,0.0
6186,rec,1,2261935,2263321,2025-10-07 10:27:00,2025-10-08 10:33:00,6200.25,6203.25,16.25,13.760000000000002,tp,rec,202,748,0,6791.75,6788.75,0.0
6184,core,1,2261880,2263399,2025-10-07 09:32:00,2025-10-08 11:51:00,6207.5,6211.75,22.5,20.009999999999998,basket_tp,init,202,222,0,6800.25,6796.0,0.0
6185,core,1,2261916,2263399,2025-10-07 10:08:00,2025-10-08 11:51:00,6204.0,6211.75,40.0,37.510000000000005,basket_tp,add_rev,202,222,0,6800.25,6792.5,0.0
6187,core,1,2261938,2263399,2025-10-07 10:30:00,2025-10-08 11:51:00,6197.0,6211.75,75.0,72.50999999999999,basket_tp,add_rev,202,222,0,6800.25,6785.5,0.0
6189,core,1,2261957,2263399,2025-10-07 10:49:00,2025-10-08 11:51:00,6195.0,6211.75,85.0,82.50999999999999,basket_tp,add_rev,202,222,0,6800.25,6783.5,0.0
6190,core,1,2261967,2263399,2025-10-07 10:59:00,2025-10-08 11:51:00,6192.0,6211.75,100.0,97.50999999999999,basket_tp,add_rev,202,222,0,6800.25,6780.5,0.0
6193,core,1,2261980,2263399,2025-10-07 11:12:00,2025-10-08 11:51:00,6175.75,6211.75,181.25,178.76,basket_tp,add_rev,202,222,0,6800.25,6764.25,0.0
6194,core,1,2262003,2263399,2025-10-07 11:35:00,2025-10-08 11:51:00,6173.25,6211.75,193.75,191.26,basket_tp,add_rev,202,222,0,6800.25,6761.75,0.0
6196,core,1,2262013,2263399,2025-10-07 11:45:00,2025-10-08 11:51:00,6172.0,6211.75,200.0,197.51,basket_tp,add_rev,202,222,0,6800.25,6760.5,0.0
6197,core,1,2262019,2263399,2025-10-07 11:51:00,2025-10-08 11:51:00,6162.5,6211.75,247.5,245.01,basket_tp,add_rev,202,222,0,6800.25,6751.0,0.0
6200,rec,1,2263461,2263470,2025-10-08 12:53:00,2025-10-08 13:02:00,6207.5,6210.5,16.25,13.760000000000002,tp,rec,203,749,0,6799.0,6796.0,0.0
6202,rec,1,2263571,2263608,2025-10-08 14:43:00,2025-10-08 15:20:00,6208.5,6211.5,16.25,13.760000000000002,tp,rec,203,750,0,6800.0,6797.0,0.0
6212,rec,1,2264714,2264714,2025-10-09 10:47:00,2025-10-09 10:47:00,6181.75,6184.75,16.25,13.760000000000002,tp,rec,203,751,0,6773.25,6770.25,0.0
6208,rec,1,2264701,2264719,2025-10-09 10:34:00,2025-10-09 10:52:00,6188.75,6191.75,16.25,13.760000000000002,tp,rec,203,751,0,6780.25,6777.25,0.0
6207,rec,1,2264690,2264743,2025-10-09 10:23:00,2025-10-09 11:16:00,6195.0,6198.0,16.25,13.760000000000002,tp,rec,203,751,0,6786.5,6783.5,0.0
6214,rec,1,2264831,2264833,2025-10-09 12:44:00,2025-10-09 12:46:00,6185.5,6188.5,16.25,13.760000000000002,tp,rec,203,751,0,6777.0,6774.0,0.0
6216,rec,1,2264867,2264868,2025-10-09 13:20:00,2025-10-09 13:21:00,6177.25,6180.25,16.25,13.760000000000002,tp,rec,203,751,0,6768.75,6765.75,0.0
6217,rec,1,2264879,2264885,2025-10-09 13:32:00,2025-10-09 13:38:00,6175.25,6178.25,16.25,13.760000000000002,tp,rec,203,751,0,6766.75,6763.75,0.0
6204,rec,1,2264662,2266020,2025-10-09 09:55:00,2025-10-10 09:33:00,6202.25,6205.25,16.25,13.760000000000002,tp,rec,203,751,0,6793.75,6790.75,0.0
6203,rec,1,2264652,2266030,2025-10-09 09:45:00,2025-10-10 09:43:00,6211.0,6214.0,16.25,13.760000000000002,tp,rec,203,751,0,6802.5,6799.5,0.0
6199,core,1,2263400,2266035,2025-10-08 11:52:00,2025-10-10 09:48:00,6212.0,6217.75,30.0,27.509999999999998,basket_tp,init,203,223,0,6806.25,6800.5,0.0
6201,core,1,2263465,2266035,2025-10-08 12:57:00,2025-10-10 09:48:00,6207.0,6217.75,55.0,52.510000000000005,basket_tp,add_rev,203,223,0,6806.25,6795.5,0.0
6205,core,1,2264665,2266035,2025-10-09 09:58:00,2025-10-10 09:48:00,6200.5,6217.75,87.5,85.00999999999999,basket_tp,add_rev,203,223,0,6806.25,6789.0,0.0
6206,core,1,2264672,2266035,2025-10-09 10:05:00,2025-10-10 09:48:00,6199.75,6217.75,91.25,88.75999999999999,basket_tp,add_rev,203,223,0,6806.25,6788.25,0.0
6209,core,1,2264702,2266035,2025-10-09 10:35:00,2025-10-10 09:48:00,6189.75,6217.75,141.25,138.76,basket_tp,add_rev,203,223,0,6806.25,6778.25,0.0
6210,core,1,2264706,2266035,2025-10-09 10:39:00,2025-10-10 09:48:00,6188.5,6217.75,147.5,145.01,basket_tp,add_rev,203,223,0,6806.25,6777.0,0.0
6211,core,1,2264709,2266035,2025-10-09 10:42:00,2025-10-10 09:48:00,6188.0,6217.75,150.0,147.51,basket_tp,add_rev,203,223,0,6806.25,6776.5,0.0
6213,core,1,2264715,2266035,2025-10-09 10:48:00,2025-10-10 09:48:00,6185.25,6217.75,163.75,161.26,basket_tp,add_rev,203,223,0,6806.25,6773.75,0.0
6215,core,1,2264848,2266035,2025-10-09 13:01:00,2025-10-10 09:48:00,6178.75,6217.75,196.25,193.76,basket_tp,add_rev,203,223,0,6806.25,6767.25,0.0
6218,core,1,2264880,2266035,2025-10-09 13:33:00,2025-10-10 09:48:00,6177.0,6217.75,205.0,202.51,basket_tp,add_rev,203,223,0,6806.25,6765.5,0.0
6227,rec,1,2266110,2266111,2025-10-10 11:03:00,2025-10-10 11:04:00,6145.0,6148.0,16.25,13.760000000000002,tp,rec,204,752,0,6736.5,6733.5,0.0
6228,rec,1,2266111,2266111,2025-10-10 11:04:00,2025-10-10 11:04:00,6133.0,6136.0,16.25,13.760000000000002,tp,rec,204,752,0,6724.5,6721.5,0.0
6230,rec,1,2266113,2266113,2025-10-10 11:06:00,2025-10-10 11:06:00,6137.25,6140.25,16.25,13.760000000000002,tp,rec,204,752,0,6728.75,6725.75,0.0
6226,rec,1,2266109,2266114,2025-10-10 11:02:00,2025-10-10 11:07:00,6149.5,6152.5,16.25,13.760000000000002,tp,rec,204,752,0,6741.0,6738.0,0.0
6232,rec,1,2266128,2266128,2025-10-10 11:21:00,2025-10-10 11:21:00,6133.25,6136.25,16.25,13.760000000000002,tp,rec,204,752,0,6724.75,6721.75,0.0
6234,rec,1,2266135,2266135,2025-10-10 11:28:00,2025-10-10 11:28:00,6105.75,6108.75,16.25,13.760000000000002,tp,rec,204,752,0,6697.25,6694.25,0.0
6239,rec,1,2266143,2266143,2025-10-10 11:36:00,2025-10-10 11:36:00,6082.25,6085.25,16.25,13.760000000000002,tp,rec,204,752,0,6673.75,6670.75,0.0
6236,rec,1,2266138,2266152,2025-10-10 11:31:00,2025-10-10 11:45:00,6101.0,6104.0,16.25,13.760000000000002,tp,rec,204,752,0,6692.5,6689.5,0.0
6237,rec,1,2266140,2266152,2025-10-10 11:33:00,2025-10-10 11:45:00,6094.25,6097.25,16.25,13.760000000000002,tp,rec,204,752,0,6685.75,6682.75,0.0
6242,core,1,2266338,2266348,2025-10-10 14:51:00,2025-10-10 15:01:00,6052.5,6057.5,26.25,23.759999999999998,L_ind,add_rev,204,224,0,6646.0,6641.0,0.0
6243,core,1,2266347,2266348,2025-10-10 15:00:00,2025-10-10 15:01:00,6047.25,6052.25,26.25,23.759999999999998,L_ind,add_rev,204,224,0,6640.75,6635.75,0.0
6244,rec,1,2266404,2266411,2025-10-10 15:57:00,2025-10-10 16:04:00,6009.75,6011.75,11.25,8.760000000000002,tp,rec,204,752,0,6600.25,6598.25,0.0
6240,core,1,2266220,2267399,2025-10-10 12:53:00,2025-10-13 09:32:00,6070.25,6082.25,62.5,58.760000000000005,L_ind_gap,add_rev,204,224,0,6670.75,6658.75,0.0
6241,core,1,2266233,2267399,2025-10-10 13:06:00,2025-10-13 09:32:00,6058.25,6082.25,122.5,118.75999999999999,L_ind_gap,add_rev,204,224,0,6670.75,6646.75,0.0
6238,core,1,2266142,2267399,2025-10-10 11:35:00,2025-10-13 09:32:00,6078.25,6083.25,26.25,23.759999999999998,L_ind,add_rev,204,224,0,6671.75,6666.75,0.0
6233,rec,1,2266131,2267611,2025-10-10 11:24:00,2025-10-13 13:04:00,6119.5,6122.5,16.25,13.760000000000002,tp,rec,204,752,0,6711.0,6708.0,0.0
6246,rec,1,2268787,2268787,2025-10-14 09:40:00,2025-10-14 09:40:00,6025.0,6028.0,16.25,13.760000000000002,tp,rec,204,752,0,6616.5,6613.5,0.0
6248,rec,1,2268792,2268793,2025-10-14 09:45:00,2025-10-14 09:46:00,6011.25,6014.25,16.25,13.760000000000002,tp,rec,204,752,0,6602.75,6599.75,0.0
6249,rec,1,2268794,2268795,2025-10-14 09:47:00,2025-10-14 09:48:00,6017.0,6020.0,16.25,13.760000000000002,tp,rec,204,752,0,6608.5,6605.5,0.0
6251,rec,1,2269146,2269146,2025-10-14 15:39:00,2025-10-14 15:39:00,6095.0,6098.0,16.25,13.760000000000002,tp,rec,204,752,0,6686.5,6683.5,0.0
6252,rec,1,2269147,2269147,2025-10-14 15:40:00,2025-10-14 15:40:00,6098.75,6101.75,16.25,13.760000000000002,tp,rec,204,752,0,6690.25,6687.25,0.0
6253,rec,1,2269153,2269154,2025-10-14 15:46:00,2025-10-14 15:47:00,6084.0,6087.0,16.25,13.760000000000002,tp,rec,204,752,0,6675.5,6672.5,0.0
6219,core,1,2266036,2270189,2025-10-10 09:49:00,2025-10-15 10:02:00,6217.25,6164.0,-265.0,-267.49,basket_tp,init,204,224,0,6752.5,6805.75,0.0
6220,core,1,2266041,2270189,2025-10-10 09:54:00,2025-10-15 10:02:00,6207.25,6164.0,-215.0,-217.49,basket_tp,add_rev,204,224,0,6752.5,6795.75,0.0
6221,core,1,2266051,2270189,2025-10-10 10:04:00,2025-10-15 10:02:00,6206.25,6164.0,-210.0,-212.49,basket_tp,add_rev,204,224,0,6752.5,6794.75,0.0
6222,core,1,2266055,2270189,2025-10-10 10:08:00,2025-10-15 10:02:00,6205.25,6164.0,-205.0,-207.49,basket_tp,add_rev,204,224,0,6752.5,6793.75,0.0
6223,core,1,2266067,2270189,2025-10-10 10:20:00,2025-10-15 10:02:00,6200.25,6164.0,-180.0,-182.49,basket_tp,add_rev,204,224,0,6752.5,6788.75,0.0
6229,core,1,2266112,2270189,2025-10-10 11:05:00,2025-10-15 10:02:00,6145.25,6164.0,95.0,92.50999999999999,basket_tp,add_rev,204,224,0,6752.5,6733.75,0.0
6231,core,1,2266114,2270189,2025-10-10 11:07:00,2025-10-15 10:02:00,6144.75,6164.0,97.5,95.00999999999999,basket_tp,add_rev,204,224,0,6752.5,6733.25,0.0
6235,core,1,2266136,2270189,2025-10-10 11:29:00,2025-10-15 10:02:00,6113.0,6164.0,256.25,253.76,basket_tp,add_rev,204,224,0,6752.5,6701.5,0.0
6245,core,1,2268781,2270189,2025-10-14 09:34:00,2025-10-15 10:02:00,6044.0,6164.0,601.25,598.76,basket_tp,add_rev,204,224,0,6752.5,6632.5,0.0
6247,core,1,2268788,2270189,2025-10-14 09:41:00,2025-10-15 10:02:00,6026.5,6164.0,688.75,686.26,basket_tp,add_rev,204,224,0,6752.5,6615.0,0.0
6250,core,1,2268795,2270189,2025-10-14 09:48:00,2025-10-15 10:02:00,6017.5,6164.0,733.75,731.26,basket_tp,add_rev,204,224,0,6752.5,6606.0,0.0
6225,rec,1,2266108,2270195,2025-10-10 11:01:00,2025-10-15 10:08:00,6169.25,6172.25,16.25,13.760000000000002,tp,rec,204,752,0,6760.75,6757.75,0.0
6258,rec,1,2270293,2270311,2025-10-15 11:46:00,2025-10-15 12:04:00,6131.0,6134.0,16.25,13.760000000000002,tp,rec,204,752,0,6722.5,6719.5,0.0
6265,rec,1,2270385,2270385,2025-10-15 13:18:00,2025-10-15 13:18:00,6075.25,6078.25,16.25,13.760000000000002,tp,rec,204,752,0,6666.75,6663.75,0.0
6264,rec,1,2270381,2270389,2025-10-15 13:14:00,2025-10-15 13:22:00,6082.75,6085.75,16.25,13.760000000000002,tp,rec,204,752,0,6674.25,6671.25,0.0
6261,rec,1,2270367,2270444,2025-10-15 13:00:00,2025-10-15 14:17:00,6118.25,6121.25,16.25,13.760000000000002,tp,rec,204,752,0,6709.75,6706.75,0.0
6267,rec,1,2270529,2270531,2025-10-15 15:42:00,2025-10-15 15:44:00,6117.75,6120.75,16.25,13.760000000000002,tp,rec,204,752,0,6709.25,6706.25,0.0
6254,core,1,2270190,2271553,2025-10-15 10:03:00,2025-10-16 09:46:00,6162.75,6152.75,-48.75,-51.239999999999995,basket_tp,init,204,225,0,6741.25,6751.25,0.0
6255,core,1,2270262,2271553,2025-10-15 11:15:00,2025-10-16 09:46:00,6157.25,6152.75,-21.25,-23.740000000000002,basket_tp,add_rev,204,225,0,6741.25,6745.75,0.0
6256,core,1,2270270,2271553,2025-10-15 11:23:00,2025-10-16 09:46:00,6155.0,6152.75,-10.0,-12.489999999999998,basket_tp,add_rev,204,225,0,6741.25,6743.5,0.0
6257,core,1,2270287,2271553,2025-10-15 11:40:00,2025-10-16 09:46:00,6138.25,6152.75,73.75,71.25999999999999,basket_tp,add_rev,204,225,0,6741.25,6726.75,0.0
6259,core,1,2270307,2271553,2025-10-15 12:00:00,2025-10-16 09:46:00,6126.75,6152.75,131.25,128.76,basket_tp,add_rev,204,225,0,6741.25,6715.25,0.0
6260,core,1,2270356,2271553,2025-10-15 12:49:00,2025-10-16 09:46:00,6118.75,6152.75,171.25,168.76,basket_tp,add_rev,204,225,0,6741.25,6707.25,0.0
6262,core,1,2270370,2271553,2025-10-15 13:03:00,2025-10-16 09:46:00,6105.25,6152.75,238.75,236.26,basket_tp,add_rev,204,225,0,6741.25,6693.75,0.0
6263,core,1,2270373,2271553,2025-10-15 13:06:00,2025-10-16 09:46:00,6104.5,6152.75,242.5,240.01,basket_tp,add_rev,204,225,0,6741.25,6693.0,0.0
6266,core,1,2270386,2271553,2025-10-15 13:19:00,2025-10-16 09:46:00,6081.25,6152.75,358.75,356.26,basket_tp,add_rev,204,225,0,6741.25,6669.75,0.0
6273,rec,1,2271660,2271660,2025-10-16 11:33:00,2025-10-16 11:33:00,6128.25,6131.25,16.25,13.760000000000002,tp,rec,204,752,0,6719.75,6716.75,0.0
6276,rec,1,2271686,2271694,2025-10-16 11:59:00,2025-10-16 12:07:00,6120.25,6123.25,16.25,13.760000000000002,tp,rec,204,752,0,6711.75,6708.75,0.0
6284,rec,1,2271825,2271825,2025-10-16 14:18:00,2025-10-16 14:18:00,6055.5,6058.5,16.25,13.760000000000002,tp,rec,204,752,0,6647.0,6644.0,0.0
6285,core,1,2271826,2271830,2025-10-16 14:19:00,2025-10-16 14:23:00,6060.25,6065.25,26.25,23.759999999999998,L_ind,add_rev,204,226,0,6653.75,6648.75,0.0
6283,core,1,2271817,2271852,2025-10-16 14:10:00,2025-10-16 14:45:00,6070.0,6075.0,26.25,23.759999999999998,L_ind,add_rev,204,226,0,6663.5,6658.5,0.0
6281,core,1,2271724,2271878,2025-10-16 12:37:00,2025-10-16 15:11:00,6077.0,6082.0,26.25,23.759999999999998,L_ind,add_rev,204,226,0,6670.5,6665.5,0.0
6282,core,1,2271736,2271878,2025-10-16 12:49:00,2025-10-16 15:11:00,6076.25,6081.25,26.25,23.759999999999998,L_ind,add_rev,204,226,0,6669.75,6664.75,0.0
6280,core,1,2271722,2271923,2025-10-16 12:35:00,2025-10-16 15:56:00,6079.75,6084.75,26.25,23.759999999999998,L_ind,add_rev,204,226,0,6673.25,6668.25,0.0
6288,rec,1,2273149,2273151,2025-10-17 13:22:00,2025-10-17 13:24:00,6083.75,6086.75,16.25,13.760000000000002,tp,rec,204,752,0,6675.25,6672.25,0.0
6268,core,1,2271554,2274298,2025-10-16 09:47:00,2025-10-20 09:31:00,6155.25,6144.75,-50.0,-53.739999999999995,basket_tp_gap,init,204,226,0,6733.25,6743.75,0.0
6269,core,1,2271557,2274298,2025-10-16 09:50:00,2025-10-20 09:31:00,6144.0,6144.75,6.25,2.51,basket_tp_gap,add_rev,204,226,0,6733.25,6732.5,0.0
6270,core,1,2271574,2274298,2025-10-16 10:07:00,2025-10-20 09:31:00,6143.5,6144.75,8.75,5.01,basket_tp_gap,add_rev,204,226,0,6733.25,6732.0,0.0
6271,core,1,2271585,2274298,2025-10-16 10:18:00,2025-10-20 09:31:00,6143.25,6144.75,10.0,6.26,basket_tp_gap,add_rev,204,226,0,6733.25,6731.75,0.0
6272,core,1,2271658,2274298,2025-10-16 11:31:00,2025-10-20 09:31:00,6132.75,6144.75,62.5,58.760000000000005,basket_tp_gap,add_rev,204,226,0,6733.25,6721.25,0.0
6275,core,1,2271676,2274298,2025-10-16 11:49:00,2025-10-20 09:31:00,6122.5,6144.75,113.75,110.00999999999999,basket_tp_gap,add_rev,204,226,0,6733.25,6711.0,0.0
6277,core,1,2271704,2274298,2025-10-16 12:17:00,2025-10-20 09:31:00,6121.75,6144.75,117.5,113.75999999999999,basket_tp_gap,add_rev,204,226,0,6733.25,6710.25,0.0
6278,core,1,2271710,2274298,2025-10-16 12:23:00,2025-10-20 09:31:00,6109.75,6144.75,177.5,173.76,basket_tp_gap,add_rev,204,226,0,6733.25,6698.25,0.0
6279,core,1,2271716,2274298,2025-10-16 12:29:00,2025-10-20 09:31:00,6100.0,6144.75,226.25,222.51,basket_tp_gap,add_rev,204,226,0,6733.25,6688.5,0.0
6286,core,1,2272934,2274298,2025-10-17 09:47:00,2025-10-20 09:31:00,6058.75,6144.75,432.5,428.76,basket_tp_gap,add_rev,204,226,0,6733.25,6647.25,0.0
6287,core,1,2273046,2274298,2025-10-17 11:39:00,2025-10-20 09:31:00,6058.75,6144.75,432.5,428.76,basket_tp_gap,add_rev,204,226,0,6733.25,6647.25,0.0
6274,rec,1,2271672,2274298,2025-10-16 11:45:00,2025-10-20 09:31:00,6127.0,6144.75,91.25,87.50999999999999,tp_gap,rec,204,752,0,6733.25,6715.5,0.0
6289,core,1,2274299,2274369,2025-10-20 09:32:00,2025-10-20 10:42:00,6154.0,6179.0,126.25,123.75999999999999,basket_tp,init,204,227,0,6767.5,6742.5,0.0
6224,rec,1,2266107,2274369,2025-10-10 11:00:00,2025-10-20 10:42:00,6175.75,6178.75,16.25,13.760000000000002,tp,rec,204,752,0,6767.25,6764.25,0.0
6292,rec,1,2274689,2274698,2025-10-20 16:02:00,2025-10-20 16:11:00,6184.0,6187.0,16.25,13.760000000000002,tp,rec,205,753,0,6775.5,6772.5,0.0
6293,rec,1,2275682,2275683,2025-10-21 09:35:00,2025-10-21 09:36:00,6185.5,6188.5,16.25,13.760000000000002,tp,rec,205,754,0,6777.0,6774.0,0.0
6295,rec,1,2275710,2275714,2025-10-21 10:03:00,2025-10-21 10:07:00,6174.5,6177.5,16.25,13.760000000000002,tp,rec,205,755,0,6766.0,6763.0,0.0
6294,rec,1,2275691,2275727,2025-10-21 09:44:00,2025-10-21 10:20:00,6181.5,6184.5,16.25,13.760000000000002,tp,rec,205,755,0,6773.0,6770.0,0.0
6298,rec,1,2275890,2275894,2025-10-21 13:03:00,2025-10-21 13:07:00,6183.0,6186.0,16.25,13.760000000000002,tp,rec,205,756,0,6774.5,6771.5,0.0
6297,rec,1,2275882,2275950,2025-10-21 12:55:00,2025-10-21 14:03:00,6191.5,6194.5,16.25,13.760000000000002,tp,rec,205,756,0,6783.0,6780.0,0.0
6299,rec,1,2276073,2277058,2025-10-21 16:06:00,2025-10-22 09:31:00,6180.0,6190.25,53.75,50.010000000000005,tp_gap,rec,205,757,0,6778.75,6768.5,0.0
6300,rec,1,2277064,2277066,2025-10-22 09:37:00,2025-10-22 09:39:00,6178.5,6181.5,16.25,13.760000000000002,tp,rec,205,758,0,6770.0,6767.0,0.0
6301,rec,1,2277104,2277105,2025-10-22 10:17:00,2025-10-22 10:18:00,6179.25,6182.25,16.25,13.760000000000002,tp,rec,205,759,0,6770.75,6767.75,0.0
6302,rec,1,2277121,2277121,2025-10-22 10:34:00,2025-10-22 10:34:00,6161.25,6164.25,16.25,13.760000000000002,tp,rec,205,760,0,6752.75,6749.75,0.0
6304,rec,1,2277134,2277138,2025-10-22 10:47:00,2025-10-22 10:51:00,6157.0,6160.0,16.25,13.760000000000002,tp,rec,205,761,0,6748.5,6745.5,0.0
6306,rec,1,2277172,2277172,2025-10-22 11:25:00,2025-10-22 11:25:00,6150.25,6153.25,16.25,13.760000000000002,tp,rec,205,762,0,6741.75,6738.75,0.0
6309,rec,1,2277180,2277180,2025-10-22 11:33:00,2025-10-22 11:33:00,6147.5,6150.5,16.25,13.760000000000002,tp,rec,205,763,0,6739.0,6736.0,0.0
6308,rec,1,2277173,2277188,2025-10-22 11:26:00,2025-10-22 11:41:00,6153.5,6156.5,16.25,13.760000000000002,tp,rec,205,763,0,6745.0,6742.0,0.0
6312,rec,1,2277239,2277239,2025-10-22 12:32:00,2025-10-22 12:32:00,6121.0,6124.0,16.25,13.760000000000002,tp,rec,205,764,0,6712.5,6709.5,0.0
6313,rec,1,2277240,2277241,2025-10-22 12:33:00,2025-10-22 12:34:00,6120.5,6123.5,16.25,13.760000000000002,tp,rec,205,765,0,6712.0,6709.0,0.0
6314,rec,1,2277242,2277242,2025-10-22 12:35:00,2025-10-22 12:35:00,6129.5,6132.5,16.25,13.760000000000002,tp,rec,205,766,0,6721.0,6718.0,0.0
6290,core,1,2274370,2278453,2025-10-20 10:43:00,2025-10-23 09:46:00,6180.0,6170.0,-48.75,-51.239999999999995,basket_tp,init,205,228,0,6758.5,6768.5,0.0
6291,core,1,2274405,2278453,2025-10-20 11:18:00,2025-10-23 09:46:00,6177.5,6170.0,-36.25,-38.739999999999995,basket_tp,add_rev,205,228,0,6758.5,6766.0,0.0
6296,core,1,2275712,2278453,2025-10-21 10:05:00,2025-10-23 09:46:00,6176.0,6170.0,-28.75,-31.240000000000002,basket_tp,add_rev,205,228,0,6758.5,6764.5,0.0
6303,core,1,2277122,2278453,2025-10-22 10:35:00,2025-10-23 09:46:00,6162.75,6170.0,37.5,35.010000000000005,basket_tp,add_rev,205,228,0,6758.5,6751.25,0.0
6305,core,1,2277137,2278453,2025-10-22 10:50:00,2025-10-23 09:46:00,6157.25,6170.0,65.0,62.510000000000005,basket_tp,add_rev,205,228,0,6758.5,6745.75,0.0
6307,core,1,2277173,2278453,2025-10-22 11:26:00,2025-10-23 09:46:00,6153.5,6170.0,83.75,81.25999999999999,basket_tp,add_rev,205,228,0,6758.5,6742.0,0.0
6310,core,1,2277181,2278453,2025-10-22 11:34:00,2025-10-23 09:46:00,6151.5,6170.0,93.75,91.25999999999999,basket_tp,add_rev,205,228,0,6758.5,6740.0,0.0
6311,core,1,2277231,2278453,2025-10-22 12:24:00,2025-10-23 09:46:00,6147.5,6170.0,113.75,111.25999999999999,basket_tp,add_rev,205,228,0,6758.5,6736.0,0.0
6315,core,1,2277243,2278453,2025-10-22 12:36:00,2025-10-23 09:46:00,6139.25,6170.0,155.0,152.51,basket_tp,add_rev,205,228,0,6758.5,6727.75,0.0
6316,core,1,2277277,2278453,2025-10-22 13:10:00,2025-10-23 09:46:00,6137.75,6170.0,162.5,160.01,basket_tp,add_rev,205,228,0,6758.5,6726.25,0.0
6317,core,1,2277286,2278453,2025-10-22 13:19:00,2025-10-23 09:46:00,6132.25,6170.0,190.0,187.51,basket_tp,add_rev,205,228,0,6758.5,6720.75,0.0
6318,core,1,2277296,2278453,2025-10-22 13:29:00,2025-10-23 09:46:00,6123.25,6170.0,235.0,232.51,basket_tp,add_rev,205,228,0,6758.5,6711.75,0.0
6319,core,1,2277300,2278453,2025-10-22 13:33:00,2025-10-23 09:46:00,6120.25,6170.0,250.0,247.51,basket_tp,add_rev,205,228,0,6758.5,6708.75,0.0
6320,core,1,2277314,2278453,2025-10-22 13:47:00,2025-10-23 09:46:00,6110.0,6170.0,301.25,298.76,basket_tp,add_rev,205,228,0,6758.5,6698.5,0.0
6321,core,1,2277324,2278453,2025-10-22 13:57:00,2025-10-23 09:46:00,6105.75,6170.0,322.5,320.01,basket_tp,add_rev,205,228,0,6758.5,6694.25,0.0
6322,core,1,2278454,2278686,2025-10-23 09:47:00,2025-10-23 13:39:00,6168.75,6189.5,105.0,102.50999999999999,basket_tp,init,206,229,0,6778.0,6757.25,0.0
6323,core,1,2278457,2278686,2025-10-23 09:50:00,2025-10-23 13:39:00,6168.5,6189.5,106.25,103.75999999999999,basket_tp,add_rev,206,229,0,6778.0,6757.0,0.0
6324,core,1,2278477,2278686,2025-10-23 10:10:00,2025-10-23 13:39:00,6167.25,6189.5,112.5,110.00999999999999,basket_tp,add_rev,206,229,0,6778.0,6755.75,0.0
6325,core,1,2278481,2278686,2025-10-23 10:14:00,2025-10-23 13:39:00,6163.25,6189.5,132.5,130.01,basket_tp,add_rev,206,229,0,6778.0,6751.75,0.0
6326,core,1,2278489,2278686,2025-10-23 10:22:00,2025-10-23 13:39:00,6154.5,6189.5,176.25,173.76,basket_tp,add_rev,206,229,0,6778.0,6743.0,0.0
6329,rec,1,2278819,2278822,2025-10-23 15:52:00,2025-10-23 15:55:00,6185.5,6188.5,16.25,13.760000000000002,tp,rec,207,767,0,6777.0,6774.0,0.0
6327,core,1,2278687,2279818,2025-10-23 13:40:00,2025-10-24 09:31:00,6191.5,6232.0,205.0,201.26,basket_tp_gap,init,207,230,0,6820.5,6780.0,0.0
6330,core,1,2278825,2279818,2025-10-23 15:58:00,2025-10-24 09:31:00,6187.25,6232.0,226.25,222.51,basket_tp_gap,add_rev,207,230,0,6820.5,6775.75,0.0
6328,rec,1,2278814,2279818,2025-10-23 15:47:00,2025-10-24 09:31:00,6192.5,6232.0,200.0,196.26,tp_gap,rec,207,767,0,6820.5,6781.0,0.0
6331,core,1,2279819,2279932,2025-10-24 09:32:00,2025-10-24 11:25:00,6226.75,6251.75,126.25,123.75999999999999,basket_tp,init,208,231,0,6840.25,6815.25,0.0
6332,core,1,2279933,2281198,2025-10-24 11:26:00,2025-10-27 09:31:00,6251.25,6294.25,217.5,213.76,basket_tp_gap,init,209,232,0,6882.75,6839.75,0.0
6333,core,1,2279945,2281198,2025-10-24 11:38:00,2025-10-27 09:31:00,6250.25,6294.25,222.5,218.76,basket_tp_gap,add_rev,209,232,0,6882.75,6838.75,0.0
6334,core,1,2279955,2281198,2025-10-24 11:48:00,2025-10-27 09:31:00,6247.0,6294.25,238.75,235.01,basket_tp_gap,add_rev,209,232,0,6882.75,6835.5,0.0
6335,core,1,2280012,2281198,2025-10-24 12:45:00,2025-10-27 09:31:00,6241.5,6294.25,266.25,262.51,basket_tp_gap,add_rev,209,232,0,6882.75,6830.0,0.0
6336,rec,1,2280191,2281198,2025-10-24 15:44:00,2025-10-27 09:31:00,6246.5,6294.25,241.25,237.51,tp_gap,rec,209,768,0,6882.75,6835.0,0.0
6337,rec,1,2280206,2281198,2025-10-24 15:59:00,2025-10-27 09:31:00,6241.5,6294.25,266.25,262.51,tp_gap,rec,209,768,0,6882.75,6830.0,0.0
6338,core,1,2281199,2281578,2025-10-27 09:32:00,2025-10-27 15:51:00,6295.5,6320.0,123.75,121.25999999999999,basket_tp,init,210,233,0,6908.5,6884.0,0.0
6339,core,1,2281206,2281578,2025-10-27 09:39:00,2025-10-27 15:51:00,6294.25,6320.0,130.0,127.50999999999999,basket_tp,add_rev,210,233,0,6908.5,6882.75,0.0
6341,rec,1,2282696,2282730,2025-10-28 11:29:00,2025-10-28 12:03:00,6322.0,6325.0,16.25,13.760000000000002,tp,rec,211,769,0,6913.5,6910.5,0.0
6340,core,1,2281579,2282861,2025-10-27 15:52:00,2025-10-28 14:14:00,6320.0,6344.5,123.75,121.25999999999999,basket_tp,init,211,234,0,6933.0,6908.5,0.0
6342,core,1,2282705,2282861,2025-10-28 11:38:00,2025-10-28 14:14:00,6319.0,6344.5,128.75,126.25999999999999,basket_tp,add_rev,211,234,0,6933.0,6907.5,0.0
6344,rec,1,2282951,2283958,2025-10-28 15:44:00,2025-10-29 09:31:00,6343.0,6353.25,53.75,50.010000000000005,tp_gap,rec,212,770,0,6941.75,6931.5,0.0
6348,rec,1,2284232,2284235,2025-10-29 14:05:00,2025-10-29 14:08:00,6344.25,6347.25,16.25,13.760000000000002,tp,rec,212,771,0,6935.75,6932.75,0.0
6351,rec,1,2284269,2284269,2025-10-29 14:42:00,2025-10-29 14:42:00,6304.5,6307.5,16.25,13.760000000000002,tp,rec,212,772,0,6896.0,6893.0,0.0
6352,rec,1,2284270,2284271,2025-10-29 14:43:00,2025-10-29 14:44:00,6300.5,6303.5,16.25,13.760000000000002,tp,rec,212,772,0,6892.0,6889.0,0.0
6350,rec,1,2284266,2284278,2025-10-29 14:39:00,2025-10-29 14:51:00,6317.25,6320.25,16.25,13.760000000000002,tp,rec,212,772,0,6908.75,6905.75,0.0
6349,rec,1,2284265,2284279,2025-10-29 14:38:00,2025-10-29 14:52:00,6322.75,6325.75,16.25,13.760000000000002,tp,rec,212,772,0,6914.25,6911.25,0.0
6343,core,1,2282862,2284350,2025-10-28 14:15:00,2025-10-29 16:03:00,6345.5,6356.25,55.0,52.510000000000005,basket_tp,init,212,235,0,6944.75,6934.0,0.0
6345,core,1,2282960,2284350,2025-10-28 15:53:00,2025-10-29 16:03:00,6340.0,6356.25,82.5,80.00999999999999,basket_tp,add_rev,212,235,0,6944.75,6928.5,0.0
6346,core,1,2282970,2284350,2025-10-28 16:03:00,2025-10-29 16:03:00,6338.75,6356.25,88.75,86.25999999999999,basket_tp,add_rev,212,235,0,6944.75,6927.25,0.0
6347,core,1,2282976,2284350,2025-10-28 16:09:00,2025-10-29 16:03:00,6334.75,6356.25,108.75,106.25999999999999,basket_tp,add_rev,212,235,0,6944.75,6923.25,0.0
6353,core,1,2284275,2284350,2025-10-29 14:48:00,2025-10-29 16:03:00,6315.25,6356.25,206.25,203.76,basket_tp,add_rev,212,235,0,6944.75,6903.75,0.0
6354,core,1,2284278,2284350,2025-10-29 14:51:00,2025-10-29 16:03:00,6312.75,6356.25,218.75,216.26,basket_tp,add_rev,212,235,0,6944.75,6901.25,0.0
6363,rec,1,2285729,2285729,2025-10-30 16:02:00,2025-10-30 16:02:00,6272.25,6275.25,16.25,13.760000000000002,tp,rec,213,773,0,6863.75,6860.75,0.0
6364,rec,1,2286853,2286853,2025-10-31 11:46:00,2025-10-31 11:46:00,6297.75,6300.75,16.25,13.760000000000002,tp,rec,213,774,0,6889.25,6886.25,0.0
6365,rec,1,2286859,2287067,2025-10-31 11:52:00,2025-10-31 15:20:00,6292.0,6295.0,16.25,13.760000000000002,tp,rec,213,775,0,6883.5,6880.5,0.0
6370,rec,1,2287109,2287117,2025-10-31 16:02:00,2025-10-31 16:10:00,6282.75,6285.75,16.25,13.760000000000002,tp,rec,213,776,0,6874.25,6871.25,0.0
