dt,equity,qty
2019-05-05,150000.0,0
2019-05-06,149936.9,3
2019-05-07,149501.94,6
2019-05-08,148900.07,6
2019-05-09,148580.09,7
2019-05-10,149457.01,7
2019-05-12,148707.01,5
2019-05-13,147828.27,6
2019-05-14,148423.92,6
2019-05-15,148433.93,6
2019-05-16,149036.46,6
2019-05-17,148867.75,7
2019-05-19,149145.25,6
2019-05-20,148759.03,7
2019-05-21,149074.03,6
2019-05-22,148482.79,7
2019-05-23,147906.55,7
2019-05-24,148005.93,7
2019-05-26,147962.18,7
2019-05-27,148250.93,7
2019-05-28,146729.09,8
2019-05-29,146299.09,8
2019-05-30,145829.09,8
2019-05-31,144989.09,8
2019-06-02,144429.09,8
2019-06-03,145019.09,8
2019-06-04,147389.09,8
2019-06-05,147938.48,8
2019-06-06,148654.11,7
2019-06-07,149482.89,6
2019-06-09,149647.89,6
2019-06-10,150006.66,6
2019-06-11,149877.31,6
2019-06-12,149678.59,6
2019-06-13,150187.35,6
2019-06-14,150088.63,6
2019-06-16,150232.43,5
2019-06-17,150081.2,6
2019-06-18,150821.23,5
2019-06-19,151089.99,3
2019-06-20,151307.54,5
2019-06-21,151214.43,4
2019-06-23,151464.43,4
2019-06-24,151164.43,4
2019-06-25,150615.09,6
2019-06-26,150713.22,6
2019-06-27,150878.25,6
2019-06-28,151439.52,6
2019-06-30,151754.52,4
2019-07-01,151945.83000000002,6
2019-07-02,152062.74,5
2019-07-03,152422.76,3
2019-07-04,152441.51,1
2019-07-05,152491.54,5
2019-07-07,152386.54,3
2019-07-08,152160.32,5
2019-07-09,152459.09,5
2019-07-10,152878.49000000002,4
2019-07-11,152985.39,4
2019-07-12,153045.42,4
2019-07-14,153064.17,1
2019-07-15,153114.2,2
2019-07-16,153067.37000000002,4
2019-07-17,152288.65000000002,6
2019-07-18,153076.79,7
2019-07-19,152197.45,6
2019-07-21,152362.45,6
2019-07-22,152823.09000000003,6
2019-07-23,153194.97,5
2019-07-24,153413.74000000002,4
2019-07-25,153383.16,5
2019-07-26,153473.17,3
2019-07-28,153446.92,3
2019-07-29,153527.55000000002,4
2019-07-30,153430.08000000002,5
2019-07-31,152719.51,6
2019-08-01,151561.41,6
2019-08-02,151246.41,6
2019-08-04,150173.91,6
2019-08-05,148411.41,6
2019-08-06,149056.41,6
2019-08-07,150023.91,6
2019-08-08,151036.41,6
2019-08-09,150923.91,6
2019-08-11,150961.41,6
2019-08-12,149753.91,6
2019-08-13,151021.41,6
2019-08-14,148651.41,6
2019-08-15,149221.41,6
2019-08-16,149956.41,6
2019-08-18,150383.91,6
2019-08-19,151013.91,6
2019-08-20,150398.91,6
2019-08-21,151006.41,6
2019-08-22,151171.41,6
2019-08-23,148756.41,6
2019-08-25,148426.41,6
2019-08-26,149686.41,6
2019-08-27,149468.91,6
2019-08-28,149603.91,6
2019-08-29,151208.91,6
2019-08-30,150923.91,6
2019-09-01,150563.91,6
2019-09-02,150451.41,6
2019-09-03,150646.41,6
2019-09-04,152228.91,6
2019-09-05,152601.42,6
2019-09-06,152751.45,6
2019-09-08,152833.95,6
2019-09-09,152593.96000000002,6
2019-09-10,152661.46000000002,6
2019-09-11,153603.34000000003,6
2019-09-12,153596.48,5
2019-09-13,153447.75000000003,5
2019-09-15,153102.79,4
2019-09-16,153270.31000000003,5
2019-09-17,153369.07,5
2019-09-18,153365.39,6
2019-09-19,153670.43000000002,5
2019-09-20,153376.71000000002,5
2019-09-22,153616.71000000002,4
2019-09-23,153700.48,5
2019-09-24,153159.89,6
2019-09-25,153368.03000000003,6
2019-09-26,153243.7,6
2019-09-27,153220.62000000002,6
2019-09-29,153475.62000000002,6
2019-09-30,153686.89,6
2019-10-01,152559.40000000002,6
2019-10-02,150864.40000000002,6
2019-10-03,151449.40000000002,6
2019-10-04,152739.40000000002,6
2019-10-06,152341.90000000002,6
2019-10-07,152626.90000000002,6
2019-10-08,151231.90000000002,6
2019-10-09,151621.90000000002,6
2019-10-10,152731.90000000002,6
2019-10-11,153305.69000000003,6
2019-10-13,153538.19000000003,6
2019-10-14,153358.19000000003,6
2019-10-15,153750.71000000002,6
2019-10-16,153826.99000000002,5
2019-10-17,153939.51000000004,5
2019-10-18,153836.40000000002,6
2019-10-20,153992.65000000002,5
2019-10-21,154305.17000000004,5
2019-10-22,153720.19000000003,5
2019-10-23,154197.70000000004,6
2019-10-24,154272.11000000004,5
2019-10-25,154530.24000000002,4
2019-10-27,154612.74000000002,3
2019-10-28,154750.27000000002,3
2019-10-29,154742.80000000005,4
2019-10-30,155025.34000000003,5
2019-10-31,155022.25000000003,6
2019-11-01,155374.16000000003,4
2019-11-03,155409.16000000003,1
2019-11-04,155487.29000000004,2
2019-11-05,155401.05000000005,2
2019-11-06,155448.57000000004,3
2019-11-07,155504.23000000004,3
2019-11-08,155723.63000000003,5
2019-11-10,155631.13000000003,2
2019-11-11,155665.52000000005,3
2019-11-12,155600.55000000005,5
2019-11-13,155772.45000000004,4
2019-11-14,155954.97000000003,3
2019-11-15,156050.63000000003,2
2019-11-17,156039.38000000003,1
2019-11-18,156127.54000000004,2
2019-11-19,156082.57000000004,3
2019-11-20,155905.11000000004,6
2019-11-21,156079.50000000003,5
2019-11-22,156182.02000000005,5
2019-11-24,156272.02000000005,3
2019-11-25,156404.54000000004,3
2019-11-26,156474.56000000006,2
2019-11-27,156469.56000000006,1
2019-11-28,156469.56000000006,1
2019-11-29,156458.95000000004,3
2019-12-01,156553.95000000004,2
2019-12-02,156104.64000000004,6
2019-12-03,155489.69000000006,6
2019-12-04,155902.82000000004,6
2019-12-05,156222.22000000006,6
2019-12-06,156824.11000000004,5
2019-12-08,156724.11000000004,4
2019-12-09,156646.04000000004,5
2019-12-10,156624.81000000006,6
2019-12-11,156934.21000000005,5
2019-12-12,157486.15000000005,5
2019-12-13,157362.40000000005,3
2019-12-15,157486.18000000005,3
2019-12-16,157601.83000000005,3
2019-12-17,157608.10000000006,2
2019-12-18,157639.36000000004,2
2019-12-19,157746.25000000006,2
2019-12-20,157794.39000000004,2
2019-12-22,157831.89000000004,2
2019-12-23,157839.40000000005,2
2019-12-24,157826.90000000005,2
2019-12-25,157856.90000000005,2
2019-12-26,157986.30000000005,2
2019-12-27,157855.71000000005,5
2019-12-29,158000.71000000005,4
2019-12-30,157633.23000000004,7
2019-12-31,157886.37000000005,7
2020-01-01,157980.12000000005,5
2020-01-02,157992.65000000005,5
2020-01-03,158050.81000000006,5
2020-01-05,157900.81000000006,4
2020-01-06,158347.70000000007,5
2020-01-07,157900.87000000005,4
2020-01-08,158505.91000000003,5
2020-01-09,158712.18000000005,2
2020-01-10,158402.84000000003,6
2020-01-12,158652.84000000003,5
2020-01-13,158882.24000000002,5
2020-01-14,158849.78000000003,3
2020-01-15,159140.46000000002,5
2020-01-16,159445.49000000002,4
2020-01-17,159501.76,2
2020-01-19,159515.51,1
2020-01-20,159441.76,1
2020-01-21,159614.89,2
2020-01-22,159466.15,2
2020-01-23,159716.19,5
2020-01-24,158979.34999999998,7
2020-01-26,158248.09999999998,5
2020-01-27,158094.36,6
2020-01-28,158930.62999999998,6
2020-01-29,157986.28999999998,6
2020-01-30,159136.93,7
2020-01-31,157272.59999999998,7
2020-02-02,157820.09999999998,6
2020-02-03,158400.72999999998,7
2020-02-04,159438.24999999997,7
2020-02-05,160523.90999999997,5
2020-02-06,160452.67999999996,2
2020-02-07,160310.85999999996,5
2020-02-09,160355.85999999996,3
2020-02-10,161120.23999999996,4
2020-02-11,161281.54999999993,5
2020-02-12,161397.19999999992,4
2020-02-13,161685.33999999994,4
2020-02-14,161522.85999999993,5
2020-02-16,161590.35999999993,2
2020-02-17,161442.85999999993,2
2020-02-18,161567.24999999994,3
2020-02-19,161573.53999999992,3
2020-02-20,161001.0799999999,6
2020-02-21,160537.34999999992,6
2020-02-23,159456.09999999992,5
2020-02-24,158387.34999999992,5
2020-02-25,155849.8999999999,6
2020-02-26,153661.1699999999,6
2020-02-27,153418.6999999999,6
2020-03-01,150149.9499999999,5
2020-03-03,152982.4799999999,7
2020-03-04,154413.7299999999,5
2020-03-05,151691.23999999987,6
2020-03-06,151332.52999999988,6
2020-03-08,147713.77999999988,5
2020-03-09,147742.5699999999,6
2020-03-10,147586.3199999999,5
2020-03-11,142787.59999999986,6
2020-03-12,137298.86999999988,5
2020-03-13,144072.63999999987,6
2020-03-15,141641.38999999987,5
2020-03-16,139935.20999999985,6
2020-03-17,137881.46999999986,6
2020-03-18,135022.74999999985,7
2020-03-19,137212.75999999986,5
2020-03-20,134499.68999999986,6
2020-03-22,132459.68999999986,6
2020-03-23,134896.57999999984,6
2020-03-24,138059.07999999984,5
2020-03-25,139205.98999999985,7
2020-03-26,142529.14999999982,6
2020-03-27,141032.2999999998,6
2020-03-29,140829.7999999998,6
2020-03-30,143662.94999999984,6
2020-03-31,141455.46999999983,6
2020-04-01,140297.98999999982,6
2020-04-02,140541.73999999982,5
2020-04-03,140275.49999999983,6
2020-04-05,142431.74999999983,5
2020-04-06,143931.74999999983,5
2020-04-07,144431.74999999983,5
2020-04-08,146603.0099999998,6
2020-04-09,147989.2999999998,6
2020-04-12,146795.5499999998,5
2020-04-13,148228.0799999998,6
2020-04-14,149054.3599999998,6
2020-04-15,147386.88999999978,6
2020-04-16,150233.1499999998,6
2020-04-17,150126.8999999998,5
2020-04-19,150183.1499999998,5
2020-04-20,147870.03999999978,6
2020-04-21,146427.57999999978,7
2020-04-22,147553.8399999998,7
2020-04-23,147238.8399999998,6
2020-04-24,149106.3399999998,6
2020-04-26,149556.3399999998,6
2020-04-27,149855.09999999977,6
2020-04-28,151347.62999999977,7
2020-04-29,152898.27999999977,6
2020-04-30,150484.54999999976,6
2020-05-01,149427.06999999977,6
2020-05-03,149145.81999999977,5
2020-05-04,150063.33999999976,6
2020-05-05,150480.22999999975,7
2020-05-06,150384.64999999976,7
2020-05-07,152239.70999999973,7
2020-05-08,152673.46999999974,6
2020-05-10,152960.96999999974,5
2020-05-11,151870.37999999974,7
2020-05-12,150553.54999999973,7
2020-05-13,149144.83999999973,8
2020-05-14,150422.35999999972,8
2020-05-15,150691.1299999997,8
2020-05-17,151548.6299999997,7
2020-05-18,153552.3999999997,7
2020-05-19,153548.0799999997,6
2020-05-20,154032.4799999997,6
2020-05-21,153271.2599999997,6
2020-05-22,154213.77999999968,6
2020-05-24,154357.52999999968,5
2020-05-25,155307.52999999968,5
2020-05-26,155713.82999999967,6
2020-05-27,156185.08999999968,5
2020-05-28,155900.71999999968,6
2020-05-29,156850.12999999968,7
2020-05-31,156325.12999999968,5
2020-06-01,156481.42999999967,6
2020-06-02,157607.70999999967,6
2020-06-03,158260.21999999965,6
2020-06-04,158700.88999999966,8
2020-06-05,160445.28999999966,6
2020-06-07,160657.78999999966,5
2020-06-08,161385.29999999964,6
2020-06-09,161384.06999999966,6
2020-06-10,159776.59999999963,7
2020-06-11,157070.39999999962,6
2020-06-12,156886.68999999962,6
2020-06-14,155936.68999999962,5
2020-06-15,158939.24999999962,5
2020-06-16,159050.5199999996,6
2020-06-17,158407.42999999961,7
2020-06-18,158996.2099999996,7
2020-06-19,158053.1499999996,7
2020-06-21,158590.6499999996,5
2020-06-22,159399.4099999996,6
2020-06-23,159646.9499999996,6
2020-06-24,157343.8399999996,6
2020-06-25,158519.4999999996,7
2020-06-26,156540.16999999958,7
2020-06-28,156577.66999999958,6
2020-06-29,158050.18999999957,7
2020-06-30,158880.81999999957,6
2020-07-01,159412.06999999957,5
2020-07-02,159892.72999999957,7
2020-07-03,159577.72999999957,6
2020-07-05,161092.72999999957,6
2020-07-06,161080.86999999956,6
2020-07-07,160514.03999999954,7
2020-07-08,161095.92999999956,6
2020-07-09,160425.98999999955,7
2020-07-10,161532.23999999955,5
2020-07-12,161844.73999999955,5
2020-07-13,160819.13999999955,6
2020-07-14,162274.77999999953,6
2020-07-15,162204.79999999952,6
2020-07-16,162239.20999999953,6
2020-07-17,162582.35999999952,6
2020-07-19,162363.60999999952,5
2020-07-20,163488.60999999952,5
2020-07-21,163848.6299999995,7
2020-07-22,163939.9099999995,7
2020-07-23,162398.67999999953,7
2020-07-24,161952.4399999995,8
2020-07-26,162538.6899999995,7
2020-07-27,163054.9599999995,8
2020-07-28,162223.1299999995,8
2020-07-29,163530.64999999953,8
2020-07-30,163863.16999999952,7
2020-07-31,164155.05999999953,7
2020-08-02,163961.30999999953,5
2020-08-03,164591.32999999955,6
2020-08-04,164987.58999999953,6
2020-08-05,165365.09999999954,6
2020-08-06,165626.36999999953,6
2020-08-07,166161.37999999954,6
2020-08-09,166230.12999999954,5
2020-08-10,166523.87999999954,5
2020-08-11,165838.29999999955,7
2020-08-12,166795.82999999955,6
2020-08-13,166886.48999999958,5
2020-08-14,166764.63999999958,5
2020-08-16,166919.63999999958,4
2020-08-17,167075.8999999996,4
2020-08-18,167255.29999999958,4
2020-08-19,166482.85999999958,6
2020-08-20,167297.2499999996,5
2020-08-21,167356.0199999996,5
2020-08-23,167453.5199999996,2
2020-08-24,168075.4399999996,4
2020-08-25,168067.96999999962,4
2020-08-26,168237.9899999996,2
2020-08-27,168602.41999999963,5
2020-08-28,168629.93999999962,3
2020-08-30,168794.93999999962,2
2020-08-31,168659.35999999964,3
2020-09-01,168909.39999999964,3
2020-09-02,169401.97999999966,3
2020-09-03,165932.6699999997,7
2020-09-04,165143.93999999968,7
2020-09-06,165121.43999999968,6
2020-09-07,165533.93999999968,6
2020-09-08,162931.4999999997,8
2020-09-09,164447.7599999997,7
2020-09-10,163527.1699999997,7
2020-09-11,162907.7999999997,7
2020-09-13,164002.8599999997,6
2020-09-14,164439.1199999997,7
2020-09-15,165192.28999999972,8
2020-09-16,163222.32999999973,8
2020-09-17,163213.59999999974,8
2020-09-18,162312.36999999973,8
2020-09-20,162014.86999999973,7
2020-09-21,160754.88999999975,8
2020-09-22,161682.39999999973,8
2020-09-23,159268.05999999976,9
2020-09-24,160081.22999999975,9
2020-09-25,161297.47999999975,7
2020-09-27,161813.72999999975,7
2020-09-28,163738.75999999978,8
2020-09-29,162391.28999999978,8
2020-09-30,164246.31999999977,8
2020-10-01,164053.82999999978,8
2020-10-02,163493.8399999998,8
2020-10-04,163922.5899999998,7
2020-10-05,165243.84999999977,8
2020-10-06,163685.7899999998,9
2020-10-07,166013.3099999998,8
2020-10-08,167214.5699999998,7
2020-10-09,167833.3499999998,7
2020-10-11,167855.8499999998,6
2020-10-12,168929.6099999998,6
2020-10-13,168844.0099999998,8
2020-10-14,167102.7999999998,9
2020-10-15,167452.7999999998,7
2020-10-16,166887.83999999982,9
2020-10-18,167787.83999999982,9
2020-10-19,166214.12999999983,9
2020-10-20,166852.92999999985,8
2020-10-21,165199.21999999986,8
2020-10-22,166835.48999999987,8
2020-10-23,166863.00999999986,8
2020-10-25,166171.75999999986,7
2020-10-26,164849.89999999988,9
2020-10-27,163557.41999999987,9
2020-10-28,160903.6999999999,9
2020-10-29,159905.61999999988,9
2020-10-30,160096.86999999988,9
2020-11-01,159680.61999999988,9
2020-11-02,161562.5099999999,9
2020-11-03,164943.1499999999,9
2020-11-04,167724.4599999999,9
2020-11-05,168223.2199999999,8
2020-11-06,169360.75999999992,8
2020-11-08,171163.25999999992,7
2020-11-09,170607.11999999994,8
2020-11-10,171727.11999999994,7
2020-11-11,171706.51999999996,7
2020-11-12,171547.81999999995,7
2020-11-13,173015.95999999996,7
2020-11-15,173728.45999999996,5
2020-11-16,173714.10999999996,5
2020-11-17,173525.99999999997,5
2020-11-18,172504.78999999998,7
2020-11-19,172625.43,8
2020-11-20,172272.34,7
2020-11-22,172701.09,7
2020-11-23,173876.12,7
2020-11-24,174646.75,5
2020-11-25,174467.42,5
2020-11-26,174373.67,3
2020-11-27,174584.31,5
2020-11-29,174234.31,4
2020-11-30,174931.83000000002,5
2020-12-01,174893.13,4
2020-12-02,175116.92000000004,5
2020-12-03,175253.21000000002,3
2020-12-04,175373.86000000004,2
2020-12-06,175370.11000000004,1
2020-12-07,175396.41000000006,3
2020-12-08,175737.07000000007,3
2020-12-09,175152.76000000007,7
2020-12-10,174935.29000000007,6
2020-12-11,174855.3200000001,6
2020-12-13,175342.87000000008,5
2020-12-14,174759.81000000008,6
2020-12-15,175924.2200000001,6
2020-12-16,176263.63000000012,4
2020-12-17,176380.54000000012,4
2020-12-18,176621.84000000014,5
2020-12-20,176396.84000000014,3
2020-12-21,176158.74000000014,6
2020-12-22,176061.26000000013,5
2020-12-23,176387.53000000014,6
2020-12-24,176506.30000000013,6
2020-12-27,176991.30000000013,4
2020-12-28,177272.58000000016,4
2020-12-29,177311.39000000016,5
2020-12-30,177140.16000000018,5
2020-12-31,177595.82000000018,5
2021-01-03,177588.32000000018,3
2021-01-04,176367.73000000019,7
2021-01-05,176641.50000000017,6
2021-01-06,178124.14000000022,6
2021-01-07,178706.0400000002,4
2021-01-08,179112.98000000024,6
2021-01-10,178537.98000000024,4
2021-01-11,178571.78000000023,5
2021-01-12,178828.06000000026,6
2021-01-13,179071.86000000025,5
2021-01-14,178387.51000000027,5
2021-01-15,177524.42000000027,6
2021-01-17,177764.42000000027,6
2021-01-18,178821.92000000027,6
2021-01-19,178931.3100000003,6
2021-01-20,179930.74000000028,5
2021-01-21,179730.1600000003,4
2021-01-22,179690.8100000003,4
2021-01-24,180070.8100000003,4
2021-01-25,179807.75000000032,7
2021-01-26,180081.57000000033,5
2021-01-27,177857.29000000036,7
2021-01-28,178145.47000000035,6
2021-01-29,177083.63000000035,6
2021-01-31,177878.63000000035,6
2021-02-01,179565.51000000036,6
2021-02-02,180514.30000000037,5
2021-02-03,180221.21000000037,5
2021-02-04,181164.35000000038,4
2021-02-05,181511.9000000004,5
2021-02-07,181699.4000000004,3
2021-02-08,181841.9300000004,4
2021-02-09,182103.2200000004,3
2021-02-10,182225.80000000042,6
2021-02-11,182197.0700000004,4
2021-02-12,182550.85000000044,4
2021-02-14,182604.60000000044,1
2021-02-15,182663.35000000044,1
2021-02-16,182559.64000000045,2
2021-02-17,182715.92000000045,4
2021-02-18,182637.86000000045,5
2021-02-19,182749.15000000043,3
2021-02-21,182719.15000000043,2
2021-02-22,182901.70000000042,5
2021-02-23,182764.27000000037,7
2021-02-24,183303.67000000036,3
2021-02-25,182574.3900000003,5
2021-02-26,182579.45000000027,5
2021-02-28,183179.45000000027,4
2021-03-01,183827.01000000024,4
2021-03-02,184025.2100000002,5
2021-03-03,181672.13000000018,6
2021-03-04,180754.71000000014,7
2021-03-05,183149.10000000015,6
2021-03-07,182842.85000000015,5
2021-03-08,183471.63000000012,6
2021-03-09,183856.6600000001,6
2021-03-10,184865.4400000001,5
2021-03-11,185203.00000000006,5
2021-03-12,185136.78000000003,5
2021-03-14,185211.81000000006,3
2021-03-15,185563.74000000002,6
2021-03-16,185615.70999999996,6
2021-03-17,186067.61999999994,5
2021-03-18,184987.65999999992,6
2021-03-19,184735.8199999999,7
2021-03-21,184754.5699999999,5
2021-03-22,185330.8299999999,5
2021-03-23,185157.76999999987,6
2021-03-24,184955.90999999986,5
2021-03-25,185425.93999999983,6
2021-03-26,186215.9799999998,4
2021-03-28,185975.9799999998,3
2021-03-29,186273.49999999983,5
2021-03-30,186139.7899999998,5
2021-03-31,186384.82999999978,5
2021-04-01,187255.48999999976,5
2021-04-02,187362.98999999976,2
2021-04-04,187370.48999999976,2
2021-04-05,187574.89999999973,2
2021-04-06,187659.3299999997,4
2021-04-07,188052.49999999968,5
2021-04-08,188092.53999999966,3
2021-04-09,188193.80999999965,2
2021-04-11,188165.05999999965,1
2021-04-12,188313.20999999964,3
2021-04-13,188446.35999999964,3
2021-04-14,188440.7799999996,5
2021-04-15,189077.69999999958,4
2021-04-16,189189.59999999957,4
2021-04-18,189144.59999999957,4
2021-04-19,189031.50999999954,6
2021-04-20,187854.65999999954,7
2021-04-21,188944.05999999953,7
2021-04-22,188564.11999999947,6
2021-04-23,189311.00999999949,5
2021-04-25,189481.00999999949,4
2021-04-26,189631.64999999947,4
2021-04-27,189715.44999999943,4
2021-04-28,190078.0199999994,5
2021-04-29,190017.4399999994,5
2021-04-30,189941.84999999937,4
2021-05-02,190058.09999999937,3
2021-05-03,189858.74999999936,4
2021-05-04,189870.6899999993,7
2021-05-05,189621.9699999993,5
2021-05-06,190480.14999999927,6
2021-05-07,190740.80999999924,2
2021-05-09,190773.30999999924,1
2021-05-10,189325.2699999992,7
2021-05-11,188022.7899999992,7
2021-05-12,186654.0699999992,7
2021-05-13,188251.5699999992,6
2021-05-14,189715.32999999917,6
2021-05-16,189242.82999999917,6
2021-05-17,189614.10999999917,7
2021-05-18,187652.24999999916,7
2021-05-19,187599.74999999916,7
2021-05-20,189348.53999999914,7
2021-05-21,189434.1999999991,7
2021-05-23,189599.1999999991,6
2021-05-24,190744.8399999991,6
2021-05-25,190702.3999999991,6
2021-05-26,190445.52999999907,6
2021-05-27,191175.57999999906,6
2021-05-28,190983.72999999905,5
2021-05-30,191071.22999999905,5
2021-05-31,190939.97999999905,5
2021-06-01,191459.38999999902,5
2021-06-02,191561.899999999,2
2021-06-03,191495.699999999,6
2021-06-04,192033.85999999897,4
2021-06-06,191962.60999999897,3
2021-06-07,192095.77999999895,4
2021-06-08,192215.8299999989,6
2021-06-09,192190.8499999989,5
2021-06-10,192553.41999999888,5
2021-06-11,192667.81999999884,4
2021-06-13,192731.59999999887,3
2021-06-14,192925.35999999885,4
2021-06-15,192720.37999999884,4
2021-06-16,191866.64999999883,6
2021-06-17,192331.6599999988,6
2021-06-18,190352.3099999988,6
2021-06-20,190052.3099999988,6
2021-06-21,192504.2199999988,6
2021-06-22,192999.87999999878,6
2021-06-23,193039.90999999875,4
2021-06-24,193430.57999999874,4
2021-06-25,193556.21999999872,3
2021-06-27,193543.71999999872,2
2021-06-28,193601.87999999872,3
2021-06-29,193696.2699999987,3
2021-06-30,193756.9099999987,2
2021-07-01,193865.68999999866,2
2021-07-02,194008.20999999868,2
2021-07-04,193998.20999999868,1
2021-07-05,194025.70999999868,1
2021-07-06,194027.01999999862,6
2021-07-07,194215.17999999863,5
2021-07-08,194022.74999999857,5
2021-07-09,194586.51999999856,2
2021-07-11,194486.51999999856,2
2021-07-12,194650.89999999857,2
2021-07-13,194350.94999999856,5
2021-07-14,194674.10999999853,5
2021-07-15,194506.67999999848,6
2021-07-16,193782.97999999847,7
2021-07-18,193362.97999999847,6
2021-07-19,192016.1699999984,8
2021-07-20,193677.42999999842,7
2021-07-21,194780.57999999842,7
2021-07-22,195143.0999999984,5
2021-07-23,195640.00999999838,4
2021-07-25,195592.50999999838,1
2021-07-26,195710.02999999837,2
2021-07-27,195721.97999999832,5
2021-07-28,195633.2499999983,5
2021-07-29,195330.1699999983,5
2021-07-30,195775.19999999827,6
2021-08-01,196181.44999999827,5
2021-08-02,195637.09999999826,6
2021-08-03,196214.61999999825,6
2021-08-04,196127.77999999822,5
2021-08-05,196482.78999999823,5
2021-08-06,196598.43999999823,5
2021-08-08,196500.93999999823,2
2021-08-09,196510.95999999822,3
2021-08-10,196656.00999999818,2
2021-08-11,196837.90999999817,2
2021-08-12,196909.17999999816,2
2021-08-13,196952.93999999814,2
2021-08-15,196910.43999999814,1
2021-08-16,197170.49999999814,5
2021-08-17,197332.45999999807,6
2021-08-18,196236.26999999804,6
2021-08-19,196380.66999999803,6
2021-08-20,197283.81999999803,5
2021-08-22,197588.81999999803,4
2021-08-23,197997.609999998,4
2021-08-24,197943.869999998,2
2021-08-25,198044.50999999797,2
2021-08-26,198026.44999999795,5
2021-08-27,198477.10999999795,4
2021-08-29,198499.60999999795,3
2021-08-30,198715.88999999792,3
2021-08-31,198785.9199999979,5
2021-09-01,198605.9399999979,3
2021-09-02,198961.58999999787,3
2021-09-03,198896.61999999787,3
2021-09-05,198891.61999999787,2
2021-09-06,198949.11999999787,2
2021-09-07,198734.15999999785,5
2021-09-08,198414.19999999783,7
2021-09-09,198416.7299999978,6
2021-09-10,197499.89999999778,7
2021-09-12,197622.4699999978,7
2021-09-13,198208.75999999777,7
2021-09-14,197513.77999999776,6
2021-09-15,198207.52999999776,5
2021-09-16,198160.08999999773,7
2021-09-17,196821.3899999977,6
2021-09-19,196321.3899999977,5
2021-09-20,195960.16999999768,6
2021-09-21,195278.91999999768,5
2021-09-22,196508.93999999767,6
2021-09-23,197663.32999999766,6
2021-09-24,197826.45999999766,6
2021-09-26,198213.95999999766,5
2021-09-27,197454.59999999765,6
2021-09-28,195320.22999999765,7
2021-09-29,195573.97999999765,7
2021-09-30,192021.47999999765,7
2021-10-01,194803.97999999765,7
2021-10-03,194077.72999999765,7
2021-10-04,192957.72999999765,7
2021-10-05,193631.47999999765,7
2021-10-06,195678.97999999765,7
2021-10-07,196322.15999999762,7
2021-10-08,196002.1799999976,7
2021-10-10,195754.6799999976,6
2021-10-11,194170.3199999976,7
2021-10-12,194389.0699999976,7
2021-10-13,195605.3199999976,7
2021-10-14,197944.6999999976,7
2021-10-15,198536.5799999976,6
2021-10-17,198405.3299999976,5
2021-10-18,198851.58999999758,6
2021-10-19,199647.85999999757,5
2021-10-20,199871.63999999757,3
2021-10-21,199980.41999999754,2
2021-10-22,199941.69999999754,5
2021-10-24,200084.19999999754,3
2021-10-25,200475.4999999975,4
2021-10-26,200346.78999999748,5
2021-10-27,200126.82999999746,6
2021-10-28,200626.84999999744,5
2021-10-29,201054.34999999744,3
2021-10-31,201114.34999999744,3
2021-11-01,201129.4099999974,5
2021-11-02,201521.3199999974,3
2021-11-03,201999.48999999737,4
2021-11-04,202258.27999999735,4
2021-11-05,202590.82999999734,5
2021-11-07,202500.82999999734,3
2021-11-08,202505.2299999973,4
2021-11-09,202244.04999999728,6
2021-11-10,201800.99999999724,6
2021-11-11,201972.25999999724,6
2021-11-12,202732.88999999722,5
2021-11-14,202717.88999999722,4
2021-11-15,202788.54999999722,4
2021-11-16,203015.4399999972,4
2021-11-17,202961.0799999972,5
2021-11-18,203329.2299999972,4
2021-11-19,203114.89999999717,5
2021-11-21,203253.64999999717,3
2021-11-22,202532.47999999713,7
2021-11-23,202454.3799999971,8
2021-11-24,203438.7799999971,7
2021-11-25,201970.0299999971,5
2021-11-26,200133.8099999971,6
2021-11-28,201440.0599999971,5
2021-11-29,202110.08999999706,6
2021-11-30,200873.86999999706,6
2021-12-01,198637.65999999703,8
2021-12-02,199915.79999999702,7
2021-12-03,198714.599999997,7
2021-12-05,199524.599999997,6
2021-12-06,200914.61999999697,7
2021-12-07,203547.77999999697,7
2021-12-08,203343.41999999696,6
2021-12-09,202851.58999999694,6
2021-12-10,203870.9899999969,5
2021-12-12,204176.0299999969,4
2021-12-13,202954.8199999969,6
2021-12-14,201996.0799999969,7
2021-12-15,204058.62999999686,7
2021-12-16,202770.52999999686,6
2021-12-17,201930.56999999683,6
2021-12-19,200668.06999999683,5
2021-12-20,201179.34999999683,6
2021-12-21,202356.8599999968,6
2021-12-22,203725.6099999968,5
2021-12-23,204367.4999999968,5
2021-12-26,204437.4999999968,4
2021-12-27,204869.41999999678,4
2021-12-28,204983.20999999676,4
2021-12-29,204987.59999999675,4
2021-12-30,204640.13999999673,5
2021-12-31,204680.8199999967,5
2022-01-02,205080.8199999967,5
2022-01-03,205418.36999999668,6
2022-01-04,205076.52999999665,5
2022-01-05,202412.83999999662,7
2022-01-06,203309.11999999662,7
2022-01-07,202419.1399999966,7
2022-01-09,202621.6399999966,6
2022-01-10,202247.8999999966,7
2022-01-11,203666.6599999966,7
2022-01-12,203821.04999999658,6
2022-01-13,202344.24999999654,7
2022-01-14,202714.27999999654,7
2022-01-16,202114.27999999654,6
2022-01-17,201806.77999999654,6
2022-01-18,199290.61999999647,7
2022-01-19,199274.38999999646,7
2022-01-20,195773.77999999648,7
2022-01-21,193638.77999999648,7
2022-01-23,195021.27999999648,7
2022-01-24,192326.27999999648,7
2022-01-25,192895.02999999648,7
2022-01-26,190147.52999999648,7
2022-01-27,191923.77999999648,7
2022-01-28,194968.77999999648,7
2022-01-30,195415.02999999648,7
2022-01-31,197488.77999999648,7
2022-02-01,199681.90999999645,7
2022-02-02,198928.79999999644,7
2022-02-03,198395.04999999644,7
2022-02-04,197178.79999999644,7
2022-02-06,197467.54999999644,7
2022-02-07,196942.54999999644,7
2022-02-08,198893.79999999644,7
2022-02-09,200075.68999999645,7
2022-02-10,197009.4899999964,7
2022-02-11,195221.3799999964,7
2022-02-13,195352.6299999964,7
2022-02-14,194495.1299999964,7
2022-02-15,196498.8799999964,7
2022-02-16,196131.3799999964,7
2022-02-17,194740.1299999964,7
2022-02-18,192640.1299999964,7
2022-02-20,193427.6299999964,7
2022-02-21,190251.3799999964,7
2022-02-22,191966.3799999964,7
2022-02-23,185543.8799999964,7
2022-02-24,189796.3799999964,7
2022-02-25,193908.8799999964,7
2022-02-27,190260.1299999964,7
2022-02-28,193523.8799999964,7
2022-03-01,191765.1299999964,7
2022-03-02,193970.1299999964,7
2022-03-03,191992.6299999964,7
2022-03-04,191800.1299999964,7
2022-03-06,190242.6299999964,7
2022-03-07,187285.1299999964,7
2022-03-08,187346.3799999964,7
2022-03-09,189962.6299999964,7
2022-03-10,188956.3799999964,7
2022-03-11,187792.6299999964,7
2022-03-13,188247.6999999964,7
2022-03-14,187005.1999999964,7
2022-03-15,189560.1999999964,7
2022-03-16,192832.6999999964,7
2022-03-17,193900.1999999964,7
2022-03-18,197163.9499999964,7
2022-03-20,196393.9499999964,7
2022-03-21,196411.4499999964,7
2022-03-22,198638.33999999642,7
2022-03-23,197165.2499999964,7
2022-03-24,198780.88999999638,7
2022-03-25,199527.16999999637,7
2022-03-27,199092.16999999637,6
2022-03-28,200548.42999999636,7
2022-03-29,202010.92999999636,6
2022-03-30,201653.44999999634,7
2022-03-31,199689.09999999634,7
2022-04-01,199417.84999999634,7
2022-04-03,199461.59999999634,7
2022-04-04,200607.84999999634,7
2022-04-05,198962.2699999963,7
2022-04-06,197262.2899999963,7
2022-04-07,198409.7899999963,6
2022-04-08,198083.56999999628,7
2022-04-10,197243.56999999628,6
2022-04-11,195084.21999999628,7
2022-04-12,196233.63999999623,7
2022-04-13,197148.63999999623,6
2022-04-14,195199.26999999624,7
2022-04-17,194429.26999999624,7
2022-04-18,195733.01999999624,7
2022-04-19,197144.91999999623,7
2022-04-20,197932.41999999623,6
2022-04-21,194458.04999999623,7
2022-04-22,190144.29999999623,7
2022-04-24,189951.79999999623,7
2022-04-25,191903.04999999623,7
2022-04-26,188096.79999999623,7
2022-04-27,188665.54999999623,7
2022-04-28,190590.54999999623,7
2022-04-29,186145.54999999623,7
2022-05-01,186583.04999999623,7
2022-05-02,187099.29999999623,7
2022-05-03,187353.04999999623,7
2022-05-04,191570.54999999623,7
2022-05-05,186434.29999999623,7
2022-05-06,185226.79999999623,7
2022-05-08,184168.04999999623,7
2022-05-09,181665.54999999623,7
2022-05-10,181761.79999999623,7
2022-05-11,179241.79999999623,7
2022-05-12,180178.04999999623,7
2022-05-13,181823.04999999623,7
2022-05-15,181088.04999999623,7
2022-05-16,181945.54999999623,7
2022-05-17,183905.54999999623,7
2022-05-18,178891.79999999623,7
2022-05-19,178646.79999999623,7
2022-05-20,177929.29999999623,7
2022-05-22,178926.79999999623,7
2022-05-23,179294.29999999623,7
2022-05-24,180195.54999999623,7
2022-05-25,180493.04999999623,7
2022-05-26,183039.29999999623,7
2022-05-27,187230.54999999623,7
2022-05-29,187414.29999999623,7
2022-05-30,187116.79999999623,7
2022-05-31,186460.54999999623,7
2022-06-01,184833.04999999623,7
2022-06-02,187528.04999999623,7
2022-06-03,185183.04999999623,7
2022-06-05,185804.29999999623,7
2022-06-06,184938.04999999623,7
2022-06-07,186355.54999999623,7
2022-06-08,185270.54999999623,7
2022-06-09,182216.79999999623,7
2022-06-10,178043.04999999623,7
2022-06-12,176056.79999999623,7
2022-06-13,173510.6199999962,7
2022-06-14,172591.8699999962,7
2022-06-15,174543.1199999962,7
2022-06-16,170378.1199999962,7
2022-06-17,170150.6199999962,7
2022-06-19,170395.6199999962,7
2022-06-20,171953.1199999962,7
2022-06-21,171874.3699999962,7
2022-06-22,172565.6199999962,7
2022-06-23,174779.3699999962,7
2022-06-24,178244.3699999962,7
2022-06-26,178646.8699999962,7
2022-06-27,177710.6199999962,7
2022-06-28,175321.8699999962,7
2022-06-29,174595.6199999962,7
2022-06-30,172688.1199999962,7
2022-07-01,175120.6199999962,7
2022-07-03,174411.8699999962,7
2022-07-04,175488.1199999962,7
2022-07-05,175400.6199999962,7
2022-07-06,175969.3699999962,7
2022-07-07,177325.6199999962,7
2022-07-08,177920.6199999962,7
2022-07-10,176940.6199999962,7
2022-07-11,175531.8699999962,7
2022-07-12,175269.3699999962,7
2022-07-13,174254.3699999962,7
2022-07-14,174490.6199999962,7
2022-07-15,176564.3699999962,7
2022-07-17,177063.1199999962,7
2022-07-18,175636.8699999962,7
2022-07-19,179828.1199999962,7
2022-07-20,179696.8699999962,7
2022-07-21,180720.6199999962,7
2022-07-22,179941.8699999962,7
2022-07-24,179871.8699999962,7
2022-07-25,179801.8699999962,7
2022-07-26,179565.6199999962,7
2022-07-27,181753.1199999962,7
2022-07-28,184579.3699999962,7
2022-07-29,185865.6199999962,7
2022-07-31,185218.1199999962,7
2022-08-01,184885.6199999962,7
2022-08-02,184719.3699999962,7
2022-08-03,186513.1199999962,7
2022-08-04,186933.1199999962,7
2022-08-05,186189.3699999962,7
2022-08-07,186101.8699999962,7
2022-08-08,186565.6199999962,7
2022-08-09,185506.8699999962,7
2022-08-10,189015.6199999962,7
2022-08-11,188788.1199999962,7
2022-08-12,191054.3699999962,7
2022-08-14,190713.1199999962,7
2022-08-15,191500.6199999962,7
2022-08-16,191973.1199999962,7
2022-08-17,190756.8699999962,7
2022-08-18,190993.1199999962,7
2022-08-19,189225.6199999962,7
2022-08-21,188753.1199999962,7
2022-08-22,186373.1199999962,7
2022-08-23,185296.8699999962,7
2022-08-24,186618.1199999962,7
2022-08-25,188166.8699999962,7
2022-08-26,182724.3699999962,7
2022-08-28,182243.1199999962,7
2022-08-29,182645.6199999962,7
2022-08-30,181551.8699999962,7
2022-08-31,178681.8699999962,7
2022-09-01,180003.1199999962,7
2022-09-02,178891.8699999962,7
2022-09-04,178865.6199999962,7
2022-09-05,179119.3699999962,7
2022-09-06,177465.6199999962,7
2022-09-07,180563.1199999962,7
2022-09-08,181884.3699999962,7
2022-09-09,183546.8699999962,7
2022-09-11,183546.8699999962,7
2022-09-12,185191.93999999622,7
2022-09-13,179058.18999999622,7
2022-09-14,179469.43999999622,7
2022-09-15,176739.43999999622,7
2022-09-16,177141.93999999622,7
2022-09-18,176389.43999999622,7
2022-09-19,177955.68999999622,7
2022-09-20,176310.68999999622,7
2022-09-21,172933.18999999622,7
2022-09-22,172381.93999999622,7
2022-09-23,170448.18999999622,7
2022-09-25,169669.43999999622,7
2022-09-26,169879.43999999622,7
2022-09-27,167928.18999999622,7
2022-09-28,171086.93999999622,7
2022-09-29,168103.18999999622,7
2022-09-30,166703.18999999622,7
2022-10-02,166519.43999999622,7
2022-10-03,170815.68999999622,7
2022-10-04,173064.43999999622,7
2022-10-05,174000.68999999622,7
2022-10-06,171874.43999999622,7
2022-10-07,168330.68999999622,7
2022-10-09,167823.18999999622,7
2022-10-10,166764.43999999622,7
2022-10-11,166711.93999999622,7
2022-10-12,166335.68999999622,7
2022-10-13,170404.43999999622,7
2022-10-14,166431.93999999622,7
2022-10-16,166991.93999999622,7
2022-10-17,171541.93999999622,7
2022-10-18,172215.68999999622,7
2022-10-19,169511.93999999622,7
2022-10-20,168838.18999999622,7
2022-10-21,172574.43999999622,7
2022-10-23,172355.68999999622,7
2022-10-24,173878.18999999622,7
2022-10-25,174814.43999999622,7
2022-10-26,175698.18999999622,7
2022-10-27,173694.43999999622,7
2022-10-28,177859.43999999622,7
2022-10-30,177369.43999999622,7
2022-10-31,176940.68999999622,7
2022-11-01,176196.93999999622,7
2022-11-02,172766.93999999622,7
2022-11-03,171043.18999999622,7
2022-11-04,172600.68999999622,7
2022-11-06,172618.18999999622,7
2022-11-07,173991.93999999622,7
2022-11-08,174910.68999999622,7
2022-11-09,172311.93999999622,7
2022-11-10,179460.68999999622,7
2022-11-11,180536.93999999622,7
2022-11-13,180186.93999999622,7
2022-11-14,179941.93999999622,7
2022-11-15,180160.68999999622,7
2022-11-16,179521.93999999622,7
2022-11-17,178970.68999999622,7
2022-11-18,179556.93999999622,7
2022-11-20,179259.43999999622,7
2022-11-21,179233.18999999622,7
2022-11-22,180825.68999999622,7
2022-11-23,182024.43999999622,7
2022-11-24,182050.68999999622,7
2022-11-25,181753.18999999622,7
2022-11-27,180790.68999999622,7
2022-11-28,179968.18999999622,7
2022-11-29,179416.93999999622,7
2022-11-30,183651.93999999622,7
2022-12-01,183135.68999999622,7
2022-12-02,182890.68999999622,7
2022-12-04,183021.93999999622,7
2022-12-05,180790.68999999622,7
2022-12-06,178874.43999999622,7
2022-12-07,178191.93999999622,7
2022-12-08,179653.18999999622,7
2022-12-09,178165.68999999622,7
2022-12-11,178226.93999999622,7
2022-12-12,180152.00999999623,7
2022-12-13,181753.25999999623,7
2022-12-14,180475.75999999623,7
2022-12-15,176695.75999999623,7
2022-12-16,174902.00999999623,7
2022-12-18,175339.50999999623,7
2022-12-19,172802.00999999623,7
2022-12-20,174578.25999999623,7
2022-12-21,176512.00999999623,7
2022-12-22,174228.25999999623,7
2022-12-23,174770.75999999623,7
2022-12-26,175689.50999999623,7
2022-12-27,174420.75999999623,7
2022-12-28,172784.50999999623,7
2022-12-29,174744.50999999623,7
2022-12-30,174753.25999999623,7
2023-01-02,174630.75999999623,7
2023-01-03,174237.00999999623,7
2023-01-04,174937.00999999623,7
2023-01-05,174070.75999999623,7
2023-01-06,176363.25999999623,7
2023-01-08,176923.25999999623,7
2023-01-09,175969.50999999623,7
2023-01-10,177369.50999999623,7
2023-01-11,179180.75999999623,7
2023-01-12,179163.25999999623,7
2023-01-13,180047.00999999623,7
2023-01-15,180195.75999999623,7
2023-01-16,179574.50999999623,7
2023-01-17,179889.50999999623,7
2023-01-18,177325.75999999623,7
2023-01-19,176739.50999999623,7
2023-01-20,178962.00999999623,7
2023-01-22,178857.00999999623,7
2023-01-23,180677.00999999623,7
2023-01-24,179889.50999999623,7
2023-01-25,180668.25999999623,7
2023-01-26,181630.75999999623,7
2023-01-27,182322.00999999623,7
2023-01-29,181902.00999999623,7
2023-01-30,180432.00999999623,7
2023-01-31,182190.75999999623,7
2023-02-01,184527.00999999623,7
2023-02-02,185340.75999999623,7
2023-02-03,184492.00999999623,7
2023-02-05,184028.25999999623,7
2023-02-06,183818.25999999623,7
2023-02-07,185507.00999999623,7
2023-02-08,184229.50999999623,7
2023-02-09,182339.50999999623,7
2023-02-10,182864.50999999623,7
2023-02-12,182295.75999999623,7
2023-02-13,184387.00999999623,7
2023-02-14,183870.75999999623,7
2023-02-15,185192.00999999623,7
2023-02-16,182304.50999999623,7
2023-02-17,182383.25999999623,7
2023-02-19,182392.00999999623,7
2023-02-20,181823.25999999623,7
2023-02-21,179872.00999999623,7
2023-02-22,180029.50999999623,7
2023-02-23,179898.25999999623,7
2023-02-24,178489.50999999623,7
2023-02-26,178725.75999999623,7
2023-02-27,179084.50999999623,7
2023-02-28,178533.25999999623,7
2023-03-01,177369.50999999623,7
2023-03-02,178585.75999999623,7
2023-03-03,181219.50999999623,7
2023-03-05,181307.00999999623,7
2023-03-06,181517.00999999623,7
2023-03-07,179032.00999999623,7
2023-03-08,179040.75999999623,7
2023-03-09,175497.00999999623,7
2023-03-10,175147.00999999623,7
2023-03-12,176940.75999999623,7
2023-03-13,175042.07999999623,7
2023-03-14,176792.07999999623,7
2023-03-15,176022.07999999623,7
2023-03-16,178025.82999999623,7
2023-03-17,176433.32999999623,7
2023-03-19,176590.82999999623,7
2023-03-20,177815.82999999623,7
2023-03-21,179557.07999999623,7
2023-03-22,177842.07999999623,7
2023-03-23,177605.82999999623,7
2023-03-24,178620.82999999623,7
2023-03-26,179023.32999999623,7
2023-03-27,178717.07999999623,7
2023-03-28,178883.32999999623,7
2023-03-29,180204.57999999623,7
2023-03-30,181455.82999999623,7
2023-03-31,183135.82999999623,7
2023-04-02,182610.82999999623,7
2023-04-03,183573.32999999623,7
2023-04-04,182838.32999999623,7
2023-04-05,181980.82999999623,7
2023-04-06,182750.82999999623,7
2023-04-07,183223.32999999623,7
2023-04-09,182855.82999999623,7
2023-04-10,183162.07999999623,7
2023-04-11,183074.57999999623,7
2023-04-12,182523.32999999623,7
2023-04-13,184247.07999999623,7
2023-04-14,184264.57999999623,7
2023-04-16,184212.07999999623,7
2023-04-17,184360.82999999623,7
2023-04-18,184360.82999999623,7
2023-04-19,184220.82999999623,7
2023-04-20,183678.32999999623,7
2023-04-21,183617.07999999623,7
2023-04-23,183302.07999999623,7
2023-04-24,183450.82999999623,7
2023-04-25,182085.82999999623,7
2023-04-26,181210.82999999623,7
2023-04-27,183450.82999999623,7
2023-04-28,184920.82999999623,7
2023-04-30,184938.32999999623,7
2023-05-01,184684.57999999623,7
2023-05-02,183267.07999999623,7
2023-05-03,182199.57999999623,7
2023-05-04,181490.82999999623,7
2023-05-05,183468.32999999623,7
2023-05-07,183380.82999999623,7
2023-05-08,183555.82999999623,7
2023-05-09,183065.82999999623,7
2023-05-10,183862.07999999623,7
2023-05-11,183468.32999999623,7
2023-05-12,182873.32999999623,7
2023-05-14,183057.07999999623,7
2023-05-15,183240.82999999623,7
2023-05-16,182812.07999999623,7
2023-05-17,184185.82999999623,7
2023-05-18,185909.57999999623,7
2023-05-19,185192.07999999623,7
2023-05-21,185375.82999999623,7
2023-05-22,185725.82999999623,7
2023-05-23,183958.32999999623,7
2023-05-24,183188.32999999623,7
2023-05-25,183555.82999999623,7
2023-05-26,185927.07999999623,7
2023-05-28,186032.07999999623,7
2023-05-29,186040.82999999623,7
2023-05-30,185437.07999999623,7
2023-05-31,185008.32999999623,7
2023-06-01,186487.07999999623,7
2023-06-02,188359.57999999623,7
2023-06-04,188193.32999999623,7
2023-06-05,188097.07999999623,7
2023-06-06,188543.32999999623,7
2023-06-07,187703.32999999623,7
2023-06-08,188587.07999999623,7
2023-06-09,188919.57999999623,7
2023-06-11,189094.57999999623,7
2023-06-12,190538.39999999624,7
2023-06-13,191203.39999999624,7
2023-06-14,191290.89999999624,7
2023-06-15,192927.14999999624,7
2023-06-16,192717.14999999624,7
2023-06-18,192384.64999999624,7
2023-06-19,192183.39999999624,7
2023-06-20,191850.89999999624,7
2023-06-21,190940.89999999624,7
2023-06-22,190862.14999999624,7
2023-06-23,190249.64999999624,7
2023-06-25,190652.14999999624,7
2023-06-26,189908.39999999624,7
2023-06-27,191054.64999999624,7
2023-06-28,191360.89999999624,7
2023-06-29,191947.14999999624,7
2023-06-30,193539.64999999624,7
2023-07-02,193758.39999999624,7
2023-07-03,193845.89999999624,7
2023-07-04,193775.89999999624,7
2023-07-05,193093.39999999624,7
2023-07-06,192253.39999999624,7
2023-07-07,191982.14999999624,7
2023-07-09,191500.89999999624,7
2023-07-10,192297.14999999624,7
2023-07-11,193268.39999999624,7
2023-07-12,194817.14999999624,7
2023-07-13,195622.14999999624,7
2023-07-14,195385.89999999624,7
2023-07-16,195289.64999999624,7
2023-07-17,195884.64999999624,7
2023-07-18,197179.64999999624,7
2023-07-19,197284.64999999624,7
2023-07-20,196584.64999999624,7
2023-07-21,196392.14999999624,7
2023-07-23,196365.89999999624,7
2023-07-24,197048.39999999624,7
2023-07-25,197503.39999999624,7
2023-07-26,197897.14999999624,7
2023-07-27,196799.68999999622,7
2023-07-28,198050.3299999962,7
2023-07-30,197795.3299999962,6
2023-07-31,198391.60999999617,7
2023-08-01,197291.62999999616,7
2023-08-02,196179.16999999614,7
2023-08-03,196089.20999999612,7
2023-08-04,194784.83999999613,7
2023-08-06,195406.08999999613,7
2023-08-07,195851.7299999961,7
2023-08-08,195665.48999999612,7
2023-08-09,195138.6499999961,7
2023-08-10,194698.07999999606,7
2023-08-11,194668.07999999606,6
2023-08-13,194248.07999999606,6
2023-08-14,195601.85999999606,7
2023-08-15,193689.98999999603,7
2023-08-16,192526.23999999603,7
2023-08-17,191178.73999999603,7
2023-08-18,191021.23999999603,7
2023-08-20,191196.23999999603,7
2023-08-21,192079.98999999603,7
2023-08-22,192097.48999999603,7
2023-08-23,194424.98999999603,7
2023-08-24,191274.98999999603,7
2023-08-25,192184.98999999603,7
2023-08-27,192289.98999999603,7
2023-08-28,193278.73999999603,7
2023-08-29,195611.87999999605,7
2023-08-30,196051.91999999603,7
2023-08-31,195846.319999996,7
2023-09-01,195936.96999999598,7
2023-09-03,196019.46999999598,6
2023-09-04,195794.46999999598,6
2023-09-05,195262.629999996,7
2023-09-06,194265.129999996,7
2023-09-07,193871.379999996,7
2023-09-08,194081.379999996,7
2023-09-10,194125.129999996,7
2023-09-11,194886.44999999597,7
2023-09-12,193818.94999999597,7
2023-09-13,194702.69999999597,7
2023-09-14,195852.09999999596,7
2023-09-15,193790.25999999593,7
2023-09-17,194044.00999999593,7
2023-09-18,193869.00999999593,7
2023-09-19,193309.00999999593,7
2023-09-20,191567.75999999593,7
2023-09-21,189599.00999999593,7
2023-09-22,189021.50999999593,7
2023-09-24,189362.75999999593,7
2023-09-25,189074.00999999593,7
2023-09-26,187586.50999999593,7
2023-09-27,187324.00999999593,7
2023-09-28,188269.00999999593,7
2023-09-29,187849.00999999593,7
2023-10-01,188549.00999999593,7
2023-10-02,187639.00999999593,7
2023-10-03,185005.25999999593,7
2023-10-04,186816.50999999593,7
2023-10-05,186422.75999999593,7
2023-10-06,188409.00999999593,7
2023-10-08,186982.75999999593,7
2023-10-09,189380.25999999593,7
2023-10-10,190089.00999999593,7
2023-10-11,191077.75999999593,7
2023-10-12,189809.00999999593,7
2023-10-13,188627.75999999593,7
2023-10-15,189161.50999999593,7
2023-10-16,190176.50999999593,7
2023-10-17,190194.00999999593,7
2023-10-18,187954.00999999593,7
2023-10-19,186711.50999999593,7
2023-10-20,184882.75999999593,7
2023-10-22,185267.75999999593,7
2023-10-23,185119.00999999593,7
2023-10-24,185486.50999999593,7
2023-10-25,182739.00999999593,7
2023-10-26,182590.25999999593,7
2023-10-27,181102.75999999593,7
2023-10-29,181671.50999999593,7
2023-10-30,182336.50999999593,7
2023-10-31,183526.50999999593,7
2023-11-01,185679.00999999593,7
2023-11-02,187954.00999999593,7
2023-11-03,189572.75999999593,7
2023-11-05,189520.25999999593,7
2023-11-06,189415.25999999593,7
2023-11-07,190080.25999999593,7
2023-11-08,190202.75999999593,7
2023-11-09,189135.25999999593,7
2023-11-10,191182.75999999593,7
2023-11-12,190666.50999999593,7
2023-11-13,191287.75999999593,7
2023-11-14,194560.25999999593,7
2023-11-15,194250.26999999594,7
2023-11-16,194792.76999999594,7
2023-11-17,194682.15999999593,7
2023-11-19,194659.65999999593,6
2023-11-20,195881.53999999593,7
2023-11-21,195426.53999999593,7
2023-11-22,195969.67999999592,7
2023-11-23,196082.17999999592,6
2023-11-24,196063.4599999959,7
2023-11-26,195665.9599999959,6
2023-11-27,195865.35999999588,7
2023-11-28,196159.75999999588,7
2023-11-29,196005.39999999586,7
2023-11-30,196297.27999999587,7
2023-12-01,197197.27999999587,6
2023-12-03,196934.77999999587,6
2023-12-04,196096.03999999585,7
2023-12-05,196757.29999999586,7
2023-12-06,195749.83999999583,7
2023-12-07,196831.09999999584,7
2023-12-08,197382.3799999958,7
2023-12-10,197307.3799999958,6
2023-12-11,198001.21999999578,7
2023-12-12,198722.4799999958,7
2023-12-13,201033.7399999958,7
2023-12-14,200981.2399999958,6
2023-12-15,200721.25999999576,7
2023-12-17,201073.75999999576,6
2023-12-18,201431.89999999577,7
2023-12-19,202338.79999999574,7
2023-12-20,200329.43999999575,7
2023-12-21,201204.43999999575,7
2023-12-22,201528.18999999575,7
2023-12-25,201956.93999999575,7
2023-12-26,202470.07999999574,7
2023-12-27,202886.35999999574,7
2023-12-28,202797.61999999572,7
2023-12-29,202039.49999999572,7
2024-01-01,202319.49999999572,7
2024-01-02,201015.74999999572,7
2024-01-03,199834.49999999572,7
2024-01-04,199221.99999999572,7
2024-01-05,199335.74999999572,7
2024-01-07,199221.99999999572,7
2024-01-08,201453.24999999572,7
2024-01-09,201199.49999999572,7
2024-01-10,202590.74999999572,7
2024-01-11,201991.39999999572,7
2024-01-12,202118.91999999568,7
2024-01-14,202321.41999999568,6
2024-01-15,201796.41999999568,6
2024-01-16,201493.95999999566,7
2024-01-17,200807.73999999565,7
2024-01-18,202278.99999999563,7
2024-01-19,203943.99999999563,6
2024-01-21,204311.49999999563,6
2024-01-22,204331.5399999956,7
2024-01-23,205060.29999999562,7
2024-01-24,204989.7199999956,6
2024-01-25,205119.7399999956,6
2024-01-26,205349.1399999956,7
2024-01-28,205319.1399999956,6
2024-01-29,206414.76999999557,6
2024-01-30,205824.16999999556,6
2024-01-31,204419.20999999554,7
2024-02-01,206534.20999999554,6
2024-02-02,207164.87999999552,6
2024-02-04,207086.12999999552,3
2024-02-05,207122.4199999955,6
2024-02-06,207284.9399999955,4
2024-02-07,207876.19999999547,4
2024-02-08,207949.98999999545,4
2024-02-09,208301.89999999542,3
2024-02-11,208296.89999999542,2
2024-02-12,208000.07999999542,6
2024-02-13,206495.1099999954,6
2024-02-14,207656.37999999538,6
2024-02-15,208367.01999999536,6
2024-02-16,207782.06999999535,7
2024-02-18,208067.06999999535,6
2024-02-19,207497.06999999535,6
2024-02-20,206860.22999999532,8
2024-02-21,208584.00999999532,8
2024-02-22,209895.9399999953,7
2024-02-23,209733.48999999528,5
2024-02-25,209663.48999999528,4
2024-02-26,209324.13999999524,6
2024-02-27,209579.15999999523,6
2024-02-28,209597.3299999952,6
2024-02-29,210336.7499999952,6
2024-03-01,210780.53999999518,5
2024-03-03,210790.53999999518,1
2024-03-04,210723.69999999515,2
2024-03-05,210113.1599999951,7
2024-03-06,210614.4499999951,5
2024-03-07,211414.48999999507,3
2024-03-08,210523.329999995,6
2024-03-10,210210.829999995,5
2024-03-11,210683.419999995,6
2024-03-12,211652.19999999498,6
2024-03-13,211699.72999999498,4
2024-03-14,211482.90999999494,5
2024-03-15,210906.7099999949,5
2024-03-17,211106.7099999949,4
2024-03-18,211348.5899999949,5
2024-03-19,211909.8699999949,6
2024-03-20,212969.30999999488,4
2024-03-21,212982.48999999484,4
2024-03-22,212756.2999999948,6
2024-03-24,212756.2999999948,5
2024-03-25,212570.6899999948,6
2024-03-26,212522.59999999477,7
2024-03-27,213370.12999999477,7
2024-03-28,213396.40999999474,5
2024-03-31,213756.40999999474,3
2024-04-01,213238.30999999473,4
2024-04-02,212603.3499999947,6
2024-04-03,213168.3899999947,5
2024-04-04,210845.32999999466,8
2024-04-05,212657.84999999465,7
2024-04-07,212407.84999999465,5
2024-04-08,212661.63999999463,6
2024-04-09,212962.9399999946,7
2024-04-10,211519.1899999946,5
2024-04-11,212443.5699999946,6
2024-04-12,210157.36999999458,7
2024-04-14,210607.36999999458,6
2024-04-15,207971.14999999455,7
2024-04-16,208351.18999999453,7
2024-04-17,207519.94999999454,7
2024-04-18,204960.5999999945,8
2024-04-19,204973.75999999448,8
2024-04-21,205473.75999999448,8
2024-04-22,206706.90999999447,8
2024-04-23,209156.30999999447,7
2024-04-24,207575.72999999445,8
2024-04-25,209196.38999999443,8
2024-04-26,209435.7799999944,7
2024-04-28,209855.7799999944,7
2024-04-29,209866.4299999944,8
2024-04-30,207552.70999999437,7
2024-05-01,207860.85999999437,7
2024-05-02,208982.75999999436,7
2024-05-03,210635.27999999435,7
2024-05-05,210582.77999999435,6
2024-05-06,212064.05999999435,7
2024-05-07,212190.95999999432,8
2024-05-08,212033.46999999433,7
2024-05-09,213097.8599999943,7
2024-05-10,213208.5299999943,6
2024-05-12,213396.0299999943,5
2024-05-13,213177.91999999428,7
2024-05-14,214078.55999999426,6
2024-05-15,215224.21999999427,5
2024-05-16,214925.50999999425,4
2024-05-17,215160.54999999423,6
2024-05-19,215290.54999999423,4
2024-05-20,215388.1099999942,6
2024-05-21,215641.2499999942,5
2024-05-22,215971.30999999426,6
2024-05-23,214820.7299999943,7
2024-05-24,215500.12999999433,6
2024-05-26,215443.87999999433,3
2024-05-27,215631.37999999433,3
2024-05-28,215365.17999999438,6
2024-05-29,214567.11999999444,6
2024-05-30,214296.5699999945,7
2024-05-31,215479.10999999454,7
2024-06-02,215606.60999999454,3
2024-06-03,215737.26999999458,5
2024-06-04,215914.1599999946,5
2024-06-05,216761.6599999946,3
2024-06-06,216878.60999999466,6
2024-06-07,216677.41999999472,6
2024-06-09,216722.41999999472,4
2024-06-10,216951.18999999473,4
2024-06-11,217401.8799999948,4
2024-06-12,217749.46999999488,5
2024-06-13,217952.6299999949,5
2024-06-14,217814.55999999496,5
2024-06-16,217814.55999999496,3
2024-06-17,218373.97999999498,3
2024-06-18,218513.389999995,2
2024-06-19,218563.389999995,1
2024-06-20,218397.8599999951,6
2024-06-21,218282.89999999513,6
2024-06-23,218087.89999999513,4
2024-06-24,217941.68999999517,7
2024-06-25,218413.5999999952,7
2024-06-26,218100.49999999523,6
2024-06-27,218889.25999999524,5
2024-06-28,218313.09999999532,8
2024-06-30,218433.09999999532,6
2024-07-01,218000.61999999534,7
2024-07-02,219161.87999999535,6
2024-07-03,219716.87999999535,4
2024-07-04,219806.87999999535,4
2024-07-05,220310.6999999954,4
2024-07-07,220303.1999999954,2
2024-07-08,220568.21999999543,4
2024-07-09,220564.49999999546,4
2024-07-10,221145.7999999955,4
2024-07-11,220280.2599999956,6
2024-07-12,220863.43999999564,6
2024-07-14,221088.43999999564,6
2024-07-15,221647.28999999573,6
2024-07-16,221981.04999999574,5
2024-07-17,220864.20999999577,6
2024-07-18,219901.78999999585,6
2024-07-19,218650.55999999586,6
2024-07-21,218919.30999999586,5
2024-07-22,219834.31999999587,6
2024-07-23,219295.5999999959,6
2024-07-24,217033.73999999592,7
2024-07-25,216563.14999999595,7
2024-07-26,217740.709999996,7
2024-07-28,218353.209999996,5
2024-07-29,217514.47999999602,6
2024-07-30,217857.61999999604,7
2024-07-31,220517.01999999606,6
2024-08-01,216516.41999999608,7
2024-08-02,214007.6999999961,7
2024-08-04,212050.1999999961,6
2024-08-05,212187.71999999613,7
2024-08-06,212799.61999999615,7
2024-08-07,210174.64999999618,8
2024-08-08,214309.0499999962,7
2024-08-09,214642.82999999623,7
2024-08-11,214747.82999999623,6
2024-08-12,214992.86999999627,7
2024-08-13,217461.62999999628,7
2024-08-14,218477.9099999963,7
2024-08-15,220851.04999999632,6
2024-08-16,220956.06999999634,6
2024-08-18,221093.56999999634,5
2024-08-19,222196.07999999635,6
2024-08-20,222243.6299999964,6
2024-08-21,222471.79999999644,5
2024-08-22,222128.1199999965,5
2024-08-23,222970.63999999652,5
2024-08-25,222870.63999999652,4
2024-08-26,222608.81999999657,6
2024-08-27,222838.8599999966,6
2024-08-28,221140.15999999666,8
2024-08-29,222523.9699999967,7
2024-08-30,223332.10999999673,5
2024-09-01,223262.10999999673,4
2024-09-02,223247.10999999673,4
2024-09-03,220006.5699999968,6
2024-09-04,220186.58999999682,6
2024-09-05,219797.85999999684,6
2024-09-06,217292.88999999687,7
2024-09-08,218074.13999999687,5
2024-09-09,219144.1699999969,6
2024-09-10,219175.4199999969,5
2024-09-11,221480.48999999696,8
2024-09-12,222420.49999999697,6
2024-09-13,222999.889999997,5
2024-09-15,223119.889999997,4
2024-09-16,223113.689999997,5
2024-09-17,223336.20999999702,5
2024-09-18,224073.76999999708,6
2024-09-19,224999.43999999712,4
2024-09-20,224892.62999999718,6
2024-09-22,225307.62999999718,4
2024-09-23,225125.7799999972,5
2024-09-24,225388.30999999723,4
2024-09-25,225851.48999999728,5
2024-09-26,226088.43999999735,6
2024-09-27,225629.70999999737,6
2024-09-29,225873.45999999737,5
2024-09-30,226363.51999999743,7
2024-10-01,225175.4699999975,7
2024-10-02,224924.24999999753,7
2024-10-03,225026.78999999756,7
2024-10-04,226378.09999999762,6
2024-10-06,226393.09999999762,4
2024-10-07,225153.1799999977,7
2024-10-08,226436.9499999977,6
2024-10-09,227371.37999999776,5
2024-10-10,227448.32999999783,5
2024-10-11,227902.12999999788,4
2024-10-13,227924.62999999788,2
2024-10-14,228486.55999999793,3
2024-10-15,227782.259999998,7
2024-10-16,227949.769999998,6
2024-10-17,228392.96999999808,6
2024-10-18,228971.7499999981,5
2024-10-20,228979.2499999981,3
2024-10-21,228729.31999999817,7
2024-10-22,228870.5899999982,5
2024-10-23,228389.40999999826,6
2024-10-24,228411.30999999828,5
2024-10-25,228340.10999999833,5
2024-10-27,228965.10999999833,4
2024-10-28,228478.24999999834,5
2024-10-29,229190.14999999836,6
2024-10-30,228012.09999999843,6
2024-10-31,226072.13999999847,6
2024-11-01,226370.9099999985,6
2024-11-03,226708.4099999985,5
2024-11-04,225984.68999999852,6
2024-11-05,229637.19999999853,6
2024-11-06,231562.9099999986,5
2024-11-07,231866.08999999866,3
2024-11-08,232235.5199999987,5
2024-11-10,232495.5199999987,4
2024-11-11,232447.43999999875,5
2024-11-12,232133.13999999882,5
2024-11-13,232412.55999999886,5
2024-11-14,231293.2399999989,6
2024-11-15,229512.01999999894,7
2024-11-17,229932.01999999894,6
2024-11-18,230437.03999999896,7
2024-11-19,230980.819999999,7
2024-11-20,230284.579999999,7
2024-11-21,231638.969999999,7
2024-11-22,232300.90999999907,5
2024-11-24,232755.90999999907,4
2024-11-25,232739.0499999991,4
2024-11-26,233170.2999999991,3
2024-11-27,232956.59999999913,6
2024-11-28,233262.84999999913,5
2024-11-29,233356.63999999917,5
2024-12-01,233187.88999999917,3
2024-12-02,233536.0399999992,3
2024-12-03,233672.33999999924,3
2024-12-04,233943.62999999928,3
2024-12-05,233844.31999999934,5
2024-12-06,234163.09999999937,5
2024-12-08,234125.59999999937,3
2024-12-09,233465.65999999942,6
2024-12-10,233155.04999999944,6
2024-12-11,234059.44999999946,6
2024-12-12,233646.9999999995,6
2024-12-13,233283.26999999952,6
2024-12-15,233464.51999999952,5
2024-12-16,233873.96999999954,6
2024-12-17,233510.24999999956,7
2024-12-18,227087.1599999996,7
2024-12-19,225905.9099999996,7
2024-12-20,228810.9099999996,7
2024-12-22,229930.9099999996,7
2024-12-23,230175.9099999996,7
2024-12-24,232398.4099999996,7
2024-12-25,232485.9099999996,7
2024-12-26,231900.93999999962,7
2024-12-27,230028.43999999962,7
2024-12-29,229625.93999999962,7
2024-12-30,227438.43999999962,7
2024-12-31,226843.43999999962,7
2025-01-01,227438.43999999962,7
2025-01-02,226458.43999999962,7
2025-01-03,228488.43999999962,7
2025-01-05,228575.93999999962,7
2025-01-06,229617.18999999962,7
2025-01-07,227779.68999999962,7
2025-01-08,227062.18999999962,7
2025-01-09,227044.68999999962,7
2025-01-10,224157.18999999962,7
2025-01-12,223457.18999999962,7
2025-01-13,225233.43999999962,7
2025-01-14,224944.68999999962,7
2025-01-15,228663.43999999962,7
2025-01-16,228505.93999999962,7
2025-01-17,230142.18999999962,7
2025-01-19,230124.68999999962,7
2025-01-20,230465.93999999962,7
2025-01-21,232653.43999999962,7
2025-01-22,233012.19999999963,7
2025-01-23,233996.58999999965,7
2025-01-24,233656.6499999997,7
2025-01-26,231969.1499999997,6
2025-01-27,231131.66999999972,7
2025-01-28,232651.05999999974,7
2025-01-29,232414.80999999974,7
2025-01-30,233092.94999999975,7
2025-01-31,231884.90999999983,7
2025-02-02,227614.90999999983,7
2025-02-03,230633.65999999983,7
2025-02-04,230904.90999999983,7
2025-02-05,232893.04999999984,7
2025-02-06,233014.33999999988,7
2025-02-07,231565.6199999999,7
2025-02-09,231993.1199999999,6
2025-02-10,232341.89999999994,7
2025-02-11,232726.91999999995,7
2025-02-12,232746.94999999998,7
2025-02-13,234368.86000000002,7
2025-02-14,234175.16000000006,6
2025-02-16,234437.66000000006,5
2025-02-17,234468.91000000006,5
2025-02-18,234678.9500000001,7
2025-02-19,234508.97000000012,6
2025-02-20,234157.12000000014,7
2025-02-21,230764.03000000017,7
2025-02-23,231735.28000000017,7
2025-02-24,230029.03000000017,7
2025-02-25,229381.53000000017,7
2025-02-26,228821.53000000017,7
2025-02-27,225452.78000000017,7
2025-02-28,228244.03000000017,7
2025-03-02,228742.78000000017,7
2025-03-03,225199.03000000017,7
2025-03-04,223650.28000000017,7
2025-03-05,224437.78000000017,7
2025-03-06,221445.28000000017,7
2025-03-07,221725.28000000017,7
2025-03-09,220981.53000000017,7
2025-03-10,216571.53000000017,7
2025-03-11,215346.53000000017,7
2025-03-12,215337.78000000017,7
2025-03-13,214655.28000000017,7
2025-03-14,216720.28000000017,7
2025-03-16,216046.53000000017,7
2025-03-17,217840.35000000018,7
2025-03-18,216711.60000000018,7
2025-03-19,219354.10000000018,7
2025-03-20,217919.10000000018,7
2025-03-21,218094.10000000018,7
2025-03-23,219284.10000000018,7
2025-03-24,221139.10000000018,7
2025-03-25,221777.85000000018,7
2025-03-26,219730.35000000018,7
2025-03-27,218960.35000000018,7
2025-03-28,213981.60000000018,7
2025-03-30,213132.85000000018,7
2025-03-31,215110.35000000018,7
2025-04-01,216204.10000000018,7
2025-04-02,212257.85000000018,7
2025-04-03,206929.10000000018,7
2025-04-04,196280.35000000018,7
2025-04-06,190479.10000000018,7
2025-04-07,198826.60000000018,7
2025-04-08,190225.35000000018,7
2025-04-09,208801.60000000018,7
2025-04-10,203385.35000000018,7
2025-04-11,206745.35000000018,7
2025-04-13,208189.10000000018,7
2025-04-14,208197.85000000018,7
2025-04-15,206185.35000000018,7
2025-04-16,204951.60000000018,7
2025-04-17,204321.60000000018,7
2025-04-20,202247.85000000018,7
2025-04-21,200016.60000000018,7
2025-04-22,206719.10000000018,7
2025-04-23,206649.10000000018,7
2025-04-24,211837.85000000018,7
2025-04-25,212231.60000000018,7
2025-04-27,211041.60000000018,7
2025-04-28,212572.85000000018,7
2025-04-29,212406.60000000018,7
2025-04-30,215565.35000000018,7
2025-05-01,216265.35000000018,7
2025-05-02,217761.60000000018,7
2025-05-04,216326.60000000018,7
2025-05-05,216090.35000000018,7
2025-05-06,215959.10000000018,7
2025-05-07,217280.35000000018,7
2025-05-08,217079.10000000018,7
2025-05-09,216834.10000000018,7
2025-05-11,219502.85000000018,7
2025-05-12,222390.35000000018,7
2025-05-13,224586.60000000018,7
2025-05-14,224324.10000000018,7
2025-05-15,225557.85000000018,7
2025-05-16,226091.60000000018,7
2025-05-18,224796.60000000018,7
2025-05-19,226686.60000000018,7
2025-05-20,225899.10000000018,7
2025-05-21,223186.60000000018,7
2025-05-22,223064.10000000018,7
2025-05-23,221410.35000000018,7
2025-05-25,223519.10000000018,7
2025-05-26,223142.85000000018,7
2025-05-27,225444.10000000018,7
2025-05-28,227701.60000000018,7
2025-05-29,224717.85000000018,7
2025-05-30,224875.35000000018,7
2025-06-01,223974.10000000018,7
2025-06-02,225277.85000000018,7
2025-06-03,227089.10000000018,7
2025-06-04,227071.60000000018,7
2025-06-05,226494.10000000018,7
2025-06-06,228244.10000000018,7
2025-06-08,227762.85000000018,7
2025-06-09,229119.10000000018,7
2025-06-10,228909.10000000018,7
2025-06-11,228209.10000000018,7
2025-06-12,226529.10000000018,7
2025-06-13,227132.85000000018,7
2025-06-15,227456.60000000018,7
2025-06-16,228410.4200000002,7
2025-06-17,227430.4200000002,7
2025-06-18,226879.1700000002,7
2025-06-19,226730.4200000002,7
2025-06-20,226879.1700000002,7
2025-06-22,226039.1700000002,7
2025-06-23,229932.9200000002,7
2025-06-24,231026.6700000002,7
2025-06-25,231341.6700000002,7
2025-06-26,233056.6700000002,7
2025-06-27,233640.4400000002,7
2025-06-29,234585.4400000002,7
2025-06-30,234582.96000000022,7
2025-07-01,234894.23000000024,6
2025-07-02,235393.63000000027,6
2025-07-03,235717.4300000003,4
2025-07-04,235472.4300000003,2
2025-07-06,235649.9300000003,2
2025-07-07,234996.87000000037,8
2025-07-08,234715.0200000004,7
2025-07-09,235605.06000000043,6
2025-07-10,236059.48000000048,5
2025-07-11,235917.03000000052,5
2025-07-13,235609.53000000052,3
2025-07-14,236321.43000000055,5
2025-07-15,235688.9800000006,6
2025-07-16,236465.93000000066,7
2025-07-17,237184.07000000068,3
2025-07-18,237116.63000000073,5
2025-07-20,237201.63000000073,4
2025-07-21,237276.7000000008,6
2025-07-22,237649.85000000082,7
2025-07-23,238276.13000000085,5
2025-07-24,238618.0600000009,4
2025-07-25,238708.71000000092,4
2025-07-27,239053.71000000092,3
2025-07-28,238723.74000000095,5
2025-07-29,238480.050000001,6
2025-07-30,239445.7600000011,7
2025-07-31,237735.24000000118,6
2025-08-01,235305.28000000122,7
2025-08-03,235967.78000000122,5
2025-08-04,237867.78000000122,5
2025-08-05,237227.82000000126,8
2025-08-06,238474.09000000128,7
2025-08-07,238492.8700000013,6
2025-08-08,239374.76000000132,5
2025-08-10,239369.76000000132,4
2025-08-11,239019.80000000136,5
2025-08-12,240079.20000000138,4
2025-08-13,240290.50000000143,5
2025-08-14,240679.91000000146,4
2025-08-15,240135.60000000152,5
2025-08-17,240491.85000000152,5
2025-08-18,240044.99000000153,5
2025-08-19,238741.3000000016,7
2025-08-20,238806.9300000016,7
2025-08-21,237818.1800000016,7
2025-08-22,240630.73000000164,7
2025-08-24,240521.98000000164,3
2025-08-25,239933.26000000167,5
2025-08-26,240763.3000000017,5
2025-08-27,240856.45000000173,3
2025-08-28,241405.9000000018,5
2025-08-29,240580.34000000186,7
2025-08-31,240482.84000000186,6
2025-09-01,240437.84000000186,6
2025-09-02,239269.10000000187,7
2025-09-03,240176.60000000187,6
2025-09-04,241715.3700000019,7
2025-09-05,241169.20000000196,8
2025-09-07,241499.20000000196,6
2025-09-08,241913.60000000198,6
2025-09-09,242387.990000002,6
2025-09-10,242894.30000000205,5
2025-09-11,243363.7100000021,4
2025-09-12,243394.99000000212,2
2025-09-14,243413.74000000212,1
2025-09-15,243714.42000000214,3
2025-09-16,243525.68000000215,3
2025-09-17,244166.42000000225,5
2025-09-18,244468.37000000232,5
2025-09-19,245015.91000000236,5
2025-09-21,244995.91000000236,2
2025-09-22,245477.8200000024,3
2025-09-23,245052.25000000244,7
2025-09-24,244782.90000000247,7
2025-09-25,243651.6900000025,7
2025-09-26,244651.6900000025,5
2025-09-28,245101.6900000025,5
2025-09-29,245054.20000000251,6
2025-09-30,245204.24000000255,6
2025-10-01,246196.1700000026,5
2025-10-02,246631.84000000264,5
2025-10-03,246480.69000000274,6
2025-10-05,246993.19000000274,5
2025-10-06,247012.61000000278,5
2025-10-07,246903.29000000283,6
2025-10-08,247482.07000000286,5
2025-10-09,247349.03000000294,6
2025-10-10,240536.00000000303,8
2025-10-12,244683.50000000303,7
2025-10-13,245584.13000000303,7
2025-10-14,245681.68000000308,7
2025-10-15,246374.87000000314,7
2025-10-16,244759.91000000318,6
2025-10-17,246491.1800000032,6
2025-10-19,246797.4300000032,5
2025-10-20,247981.2000000032,5
2025-10-21,248042.51000000327,5
2025-10-22,247890.74000000337,6
2025-10-23,248723.8900000034,5
2025-10-24,249122.69000000344,5
2025-10-26,250441.44000000344,5
2025-10-27,250805.24000000348,5
2025-10-28,251047.7600000035,3
2025-10-29,252023.4900000036,7
2025-10-30,251274.14000000362,5
2025-10-31,250749.80000000366,5
2025-11-02,251034.80000000366,4
2025-11-03,250379.8400000037,5
2025-11-04,249176.12000000372,5
2025-11-05,249933.66000000376,6
2025-11-06,247421.85000000382,8
2025-11-07,247955.61000000383,8
2025-11-09,249250.61000000383,7
2025-11-10,250678.75000000384,7
2025-11-11,251312.5500000039,5
2025-11-12,251470.0700000039,5
2025-11-13,248707.00000000396,6
2025-11-14,249277.70000000403,5
2025-11-16,249692.70000000403,4
2025-11-17,247053.38000000408,6
2025-11-18,246205.8900000041,5
2025-11-19,249230.8900000041,5
2025-11-20,245231.57000000414,6
2025-11-21,246625.96000000415,6
2025-11-23,247057.21000000415,5
2025-11-24,248834.72000000416,6
2025-11-25,250489.1300000042,5
2025-11-26,251131.0200000042,5
2025-11-27,251262.2700000042,5
2025-11-28,251716.6500000042,5
2025-11-30,250741.6500000042,4
2025-12-01,250774.18000000424,7
2025-12-02,251842.35000000428,6
2025-12-03,251971.7400000043,5
2025-12-04,252358.02000000433,6
2025-12-05,252370.54000000434,6
2025-12-07,252595.54000000434,4
2025-12-08,252036.81000000436,5
2025-12-09,251809.9800000044,6
2025-12-10,251645.65000000445,6
2025-12-11,252999.41000000446,5
2025-12-12,251225.75000000454,7
2025-12-14,251690.75000000454,6
2025-12-15,250069.61000000458,8
2025-12-16,250042.16000000463,7
2025-12-17,248105.3500000047,8
2025-12-18,249737.2400000047,7
2025-12-19,251523.50000000471,7
2025-12-21,251868.50000000471,6
2025-12-22,252530.40000000474,7
2025-12-23,253139.16000000475,5
2025-12-24,253732.93000000477,5
2025-12-25,253755.43000000477,3
2025-12-26,253741.70000000478,3
2025-12-28,253745.45000000478,3
2025-12-29,253453.5900000048,4
2025-12-30,253147.39000000485,5
2025-12-31,252079.92000000487,6
2026-01-01,252934.92000000487,6
2026-01-02,252618.6900000049,6
2026-01-04,252838.6900000049,4
2026-01-05,253686.84000000492,4
2026-01-06,254126.86000000493,4
2026-01-07,253479.420000005,5
2026-01-08,253705.070000005,6
2026-01-09,254468.87000000506,5
2026-01-11,253723.87000000506,4
2026-01-12,254620.1500000051,5
2026-01-13,254322.72000000515,5
2026-01-14,253855.32000000525,6
2026-01-15,254827.85000000527,5
2026-01-16,254360.3700000053,5
2026-01-18,253095.3700000053,4
2026-01-19,252850.3700000053,4
2026-01-20,251841.06000000535,6
2026-01-21,253549.21000000538,6
2026-01-22,254142.97000000539,5
2026-01-23,253675.4900000054,5
2026-01-25,253550.4900000054,4
2026-01-26,255087.38000000542,5
2026-01-27,255497.41000000545,5
2026-01-28,255458.1000000055,4
2026-01-29,255031.89000000554,3
2026-01-30,255059.43000000558,3
2026-02-01,254431.93000000558,2
2026-02-02,255711.9600000056,3
2026-02-03,254734.52000000566,5
2026-02-04,253953.3000000057,6
2026-02-05,251787.14000000578,6
2026-02-06,255069.02000000578,4
2026-02-08,255264.02000000578,3
2026-02-09,255743.45000000583,4
2026-02-10,255734.11000000587,4
2026-02-11,255916.0300000059,4
2026-02-12,253576.69000000594,6
2026-02-13,253481.71000000596,6
2026-02-15,253894.21000000596,5
2026-02-16,252912.96000000596,5
2026-02-17,254263.010000006,7
2026-02-18,254857.43000000605,5
2026-02-19,254777.44000000606,5
2026-02-20,255446.82000000606,4
2026-02-22,254636.82000000606,3
2026-02-23,254469.3500000061,6
2026-02-24,255224.3700000061,6
2026-02-25,255876.26000000612,3
2026-02-26,254965.0900000062,6
2026-02-27,254522.6100000062,5
2026-03-01,253637.6100000062,4
2026-03-02,253756.37000000622,5
2026-03-03,253067.7000000063,6
2026-03-04,254575.22000000632,5
2026-03-05,254236.54000000638,6
2026-03-06,252259.10000000644,6
2026-03-08,249659.10000000644,4
2026-03-09,252941.62000000646,6
2026-03-10,253999.1800000065,6
2026-03-11,251832.94000000652,5
2026-03-12,251803.62000000657,6
2026-03-13,250001.13000000658,5
2026-03-15,251194.88000000658,5
2026-03-16,251389.97000000664,5
2026-03-17,253095.00000000666,5
2026-03-18,250317.56000000672,6
2026-03-19,249973.81000000672,5
2026-03-20,247979.46000000674,7
2026-03-22,246066.96000000674,6
2026-03-23,248683.85000000676,6
2026-03-24,249954.49000000677,6
2026-03-25,249817.62000000678,6
2026-03-26,247680.17000000682,6
2026-03-27,243838.93000000683,6
2026-03-29,244120.18000000683,5
2026-03-30,244988.93000000683,5
2026-03-31,248388.93000000683,5
2026-04-01,247337.70000000685,6
2026-04-02,249257.73000000688,6
2026-04-03,249026.48000000688,5
2026-04-05,249238.98000000688,5
2026-04-06,249519.0000000069,6
2026-04-07,254370.29000000693,6
2026-04-08,254357.19000000696,5
2026-04-09,255497.19000000696,4
2026-04-10,255450.95000000697,5
2026-04-12,254215.95000000697,4
2026-04-13,256679.71000000698,5
2026-04-14,258330.980000007,4
2026-04-15,258976.000000007,3
2026-04-16,259257.30000000706,4
2026-04-17,260416.11000000712,4
2026-04-19,259516.11000000712,4
2026-04-20,260373.67000000717,6
2026-04-21,259923.0900000072,6
2026-04-22,259995.62000000724,5
2026-04-23,260128.21000000733,8
2026-04-24,261191.37000000736,5
2026-04-26,261263.87000000736,2
2026-04-27,261516.4200000074,4
2026-04-28,261596.47000000745,6
2026-04-29,261410.92000000752,5
2026-04-30,262309.7000000075,3
2026-05-01,261792.2800000076,6
2026-05-03,262261.0300000076,5
2026-05-04,261727.35000000766,7
2026-05-05,263091.1200000077,5
2026-05-06,263762.43000000773,3
2026-05-07,263488.7600000078,6
2026-05-08,264523.80000000785,5
2026-05-10,264388.80000000785,3
2026-05-11,264933.8700000079,5
2026-05-12,265545.830000008,6
2026-05-13,265809.63000000804,4
2026-05-14,265879.11000000814,6
2026-05-15,264404.1900000082,6
2026-05-17,263610.4400000082,5
2026-05-18,264496.11000000825,5
2026-05-19,263665.57000000833,5
2026-05-20,265381.20000000834,5
2026-05-21,266183.1200000084,5
2026-05-22,266078.7700000084,5
2026-05-24,267518.7700000084,4
2026-05-25,267208.7700000084,4
2026-05-26,267138.20000000845,5
2026-05-27,267362.6000000085,3
