lane,lane_cycle,start_idx,end_idx,start_dt,end_dt,entries,max_qty,realized
core,1,931,1041,2019-05-06 09:32:00,2019-05-06 11:22:00,1,1,123.75999999999999
core,2,1042,11935,2019-05-06 11:23:00,2019-05-16 10:57:00,21,21,2621.46
core,3,11936,31106,2019-05-16 10:58:00,2019-06-05 15:52:00,23,23,2873.9799999999996
core,4,31107,32453,2019-06-05 15:53:00,2019-06-06 15:35:00,1,1,123.75999999999999
core,5,32454,33515,2019-06-06 15:36:00,2019-06-07 10:33:00,2,2,247.51999999999998
core,6,33516,34939,2019-06-07 10:34:00,2019-06-10 11:33:00,1,1,123.75999999999999
core,7,34940,42991,2019-06-10 11:34:00,2019-06-18 09:40:00,6,6,745.06
core,8,42992,45706,2019-06-18 09:41:00,2019-06-20 09:31:00,1,1,195.01
core,9,45707,55253,2019-06-20 09:32:00,2019-07-01 09:31:00,9,9,1792.59
core,10,55254,58147,2019-07-01 09:32:00,2019-07-03 12:16:00,5,5,623.8
core,11,58148,64355,2019-07-03 12:17:00,2019-07-10 09:54:00,5,5,621.3
core,12,64356,78293,2019-07-10 09:55:00,2019-07-24 15:15:00,6,6,743.81
core,13,78294,119956,2019-07-24 15:16:00,2019-09-05 09:31:00,30,30,6494.050000000001
core,14,119957,125524,2019-09-05 09:32:00,2019-09-11 11:23:00,2,2,248.76999999999998
core,15,125525,126816,2019-09-11 11:24:00,2019-09-12 10:11:00,1,1,123.75999999999999
core,16,126817,155358,2019-09-12 10:12:00,2019-10-11 09:31:00,25,25,4067.75
core,17,155359,158152,2019-10-11 09:32:00,2019-10-15 10:36:00,2,2,247.51999999999998
core,18,158153,164904,2019-10-15 10:37:00,2019-10-22 09:31:00,4,4,497.53999999999996
core,19,164905,170356,2019-10-22 09:32:00,2019-10-28 09:31:00,5,5,745.05
core,20,170357,175832,2019-10-28 09:32:00,2019-11-01 09:54:00,4,4,495.03999999999996
core,21,175833,177169,2019-11-01 09:55:00,2019-11-04 09:31:00,1,1,131.26
core,22,177170,185365,2019-11-04 09:32:00,2019-11-12 10:42:00,4,4,497.53999999999996
core,23,185366,189700,2019-11-12 10:43:00,2019-11-15 14:45:00,5,5,621.3
core,24,189701,197634,2019-11-15 14:46:00,2019-11-25 10:31:00,5,5,618.8
core,25,197635,200696,2019-11-25 10:32:00,2019-11-27 16:05:00,1,1,123.75999999999999
core,26,200697,209491,2019-11-27 16:06:00,2019-12-06 10:51:00,10,10,1247.6
core,27,209492,214891,2019-12-06 10:52:00,2019-12-12 09:56:00,5,5,620.05
core,28,214892,216263,2019-12-12 09:57:00,2019-12-13 10:03:00,3,3,373.78
core,29,216264,217630,2019-12-13 10:04:00,2019-12-16 10:06:00,5,5,622.55
core,30,217631,223036,2019-12-16 10:07:00,2019-12-20 09:31:00,1,1,123.75999999999999
core,31,223037,228222,2019-12-20 09:32:00,2019-12-27 09:31:00,1,1,138.76
core,32,228223,232689,2019-12-27 09:32:00,2020-01-02 16:00:00,7,7,873.8199999999999
core,33,232690,237892,2020-01-02 16:01:00,2020-01-08 11:43:00,3,3,373.78
core,34,237893,240490,2020-01-08 11:44:00,2020-01-10 09:31:00,2,2,248.76999999999998
core,35,240491,244624,2020-01-10 09:32:00,2020-01-15 10:11:00,5,5,618.8
core,36,244625,246270,2020-01-15 10:12:00,2020-01-16 15:53:00,3,3,371.28
core,37,246271,263178,2020-01-16 15:54:00,2020-02-04 10:38:00,11,11,1362.61
core,38,263179,264476,2020-02-04 10:39:00,2020-02-05 09:31:00,1,1,145.01
core,39,264477,266021,2020-02-05 09:32:00,2020-02-06 12:31:00,4,4,498.78999999999996
core,40,266022,269889,2020-02-06 12:32:00,2020-02-11 09:31:00,5,5,843.8
core,41,269890,277874,2020-02-11 09:32:00,2020-02-19 09:52:00,3,3,371.28
core,42,277875,418523,2020-02-19 09:53:00,2020-07-20 13:51:00,32,32,3992.8200000000043
core,43,418524,419628,2020-07-20 13:52:00,2020-07-21 09:31:00,1,1,133.76
core,44,419629,428180,2020-07-21 09:32:00,2020-07-29 15:33:00,11,11,1366.36
core,45,428181,429582,2020-07-29 15:34:00,2020-07-30 16:10:00,6,6,746.31
core,46,429583,430935,2020-07-30 16:11:00,2020-07-31 15:58:00,6,6,745.06
core,47,430936,431913,2020-07-31 15:59:00,2020-08-03 09:31:00,1,1,123.75999999999999
core,48,431914,434642,2020-08-03 09:32:00,2020-08-05 09:31:00,1,1,165.01
core,49,434643,436310,2020-08-05 09:32:00,2020-08-06 14:34:00,1,1,123.75999999999999
core,50,436311,439073,2020-08-06 14:35:00,2020-08-10 15:07:00,3,3,371.28
core,51,439074,441503,2020-08-10 15:08:00,2020-08-12 10:07:00,6,6,742.56
core,52,441504,446942,2020-08-12 10:08:00,2020-08-18 09:47:00,2,2,248.76999999999998
core,53,446943,452385,2020-08-18 09:48:00,2020-08-24 09:31:00,5,5,1150.05
core,54,452386,454139,2020-08-24 09:32:00,2020-08-25 16:00:00,3,3,373.78
core,55,454140,455281,2020-08-25 16:01:00,2020-08-26 12:18:00,1,1,123.75999999999999
core,56,455282,456501,2020-08-26 12:19:00,2020-08-27 09:53:00,1,1,123.75999999999999
core,57,456502,458208,2020-08-27 09:54:00,2020-08-28 15:35:00,5,5,621.3
core,58,458209,460963,2020-08-28 15:36:00,2020-09-01 16:00:00,3,3,372.53
core,59,460964,462000,2020-09-01 16:01:00,2020-09-02 10:32:00,1,1,123.75999999999999
core,60,462001,462278,2020-09-02 10:33:00,2020-09-02 15:10:00,4,4,496.28999999999996
core,61,462279,499934,2020-09-02 15:11:00,2020-10-12 09:31:00,32,32,6724.0700000000015
core,62,499935,500052,2020-10-12 09:32:00,2020-10-12 11:29:00,1,1,123.75999999999999
core,63,500053,523166,2020-10-12 11:30:00,2020-11-04 10:01:00,32,32,3994.0700000000033
core,64,523167,523182,2020-11-04 10:02:00,2020-11-04 10:17:00,1,1,123.75999999999999
core,65,523183,523290,2020-11-04 10:18:00,2020-11-04 12:05:00,2,2,248.76999999999998
core,66,523291,524501,2020-11-04 12:06:00,2020-11-05 09:31:00,7,7,1391.32
core,67,524502,524549,2020-11-05 09:32:00,2020-11-05 10:19:00,1,1,123.75999999999999
core,68,524550,527231,2020-11-05 10:20:00,2020-11-09 09:31:00,7,7,4867.570000000001
core,69,527232,534056,2020-11-09 09:32:00,2020-11-16 09:31:00,19,19,3252.6900000000005
core,70,534057,542282,2020-11-16 09:32:00,2020-11-24 10:07:00,11,11,1367.61
core,71,542283,542390,2020-11-24 10:08:00,2020-11-24 11:55:00,1,1,123.75999999999999
core,72,542391,548633,2020-11-24 11:56:00,2020-12-01 09:31:00,7,7,1382.57
core,73,548634,551411,2020-12-01 09:32:00,2020-12-03 10:19:00,3,3,371.28
core,74,551412,553101,2020-12-03 10:20:00,2020-12-04 15:44:00,4,4,498.78999999999996
core,75,553102,560926,2020-12-04 15:45:00,2020-12-14 09:39:00,10,10,1238.85
core,76,560927,562567,2020-12-14 09:40:00,2020-12-15 14:15:00,9,9,1122.59
core,77,562568,565013,2020-12-15 14:16:00,2020-12-17 09:31:00,2,2,263.77
core,78,565014,570696,2020-12-17 09:32:00,2020-12-23 13:14:00,13,13,1623.8799999999999
core,79,570697,572990,2020-12-23 13:15:00,2020-12-28 09:31:00,5,5,846.3
core,80,572991,574358,2020-12-28 09:32:00,2020-12-29 09:34:00,1,1,123.75999999999999
core,81,574359,578384,2020-12-29 09:35:00,2021-01-04 09:31:00,5,5,648.8
core,82,578385,581154,2021-01-04 09:32:00,2021-01-06 10:11:00,17,17,2117.67
core,83,581155,581219,2021-01-06 10:12:00,2021-01-06 11:16:00,1,1,123.75999999999999
core,84,581220,582486,2021-01-06 11:17:00,2021-01-07 09:38:00,6,6,748.81
core,85,582487,582558,2021-01-07 09:39:00,2021-01-07 10:50:00,1,1,123.75999999999999
core,86,582559,584214,2021-01-07 10:51:00,2021-01-08 15:41:00,5,5,621.3
core,87,584215,588209,2021-01-08 15:42:00,2021-01-13 14:01:00,4,4,498.78999999999996
core,88,588210,594538,2021-01-13 14:02:00,2021-01-20 09:31:00,9,9,1727.59
core,89,594539,594688,2021-01-20 09:32:00,2021-01-20 12:01:00,1,1,123.75999999999999
core,90,594689,598864,2021-01-20 12:02:00,2021-01-25 13:23:00,7,7,866.3199999999999
core,91,598865,599997,2021-01-25 13:24:00,2021-01-26 09:31:00,3,3,371.28
core,92,599998,602763,2021-01-26 09:32:00,2021-01-28 10:07:00,18,18,2232.68
core,93,602764,602882,2021-01-28 10:08:00,2021-01-28 12:06:00,1,1,123.75999999999999
core,94,602883,606822,2021-01-28 12:07:00,2021-02-02 09:31:00,19,19,4153.9400000000005
core,95,606823,606869,2021-02-02 09:32:00,2021-02-02 10:18:00,1,1,123.75999999999999
core,96,606870,609594,2021-02-02 10:19:00,2021-02-04 10:13:00,3,3,372.53
core,97,609595,609954,2021-02-04 10:14:00,2021-02-04 16:13:00,1,1,123.75999999999999
core,98,609955,612282,2021-02-04 16:14:00,2021-02-08 09:31:00,1,1,138.76
core,99,612283,615012,2021-02-08 09:32:00,2021-02-10 09:31:00,2,2,293.77
core,100,615013,618130,2021-02-10 09:32:00,2021-02-12 15:59:00,8,8,996.3299999999999
core,101,618131,628540,2021-02-12 16:00:00,2021-02-24 11:16:00,16,16,1992.6599999999999
core,102,628541,628676,2021-02-24 11:17:00,2021-02-24 13:32:00,1,1,123.75999999999999
core,103,628677,632578,2021-02-24 13:33:00,2021-03-01 10:19:00,23,23,2868.9799999999996
core,104,632579,632813,2021-03-01 10:20:00,2021-03-01 14:14:00,1,1,123.75999999999999
core,105,632814,638371,2021-03-01 14:15:00,2021-03-05 15:52:00,30,30,3745.3
core,106,638372,639405,2021-03-05 15:53:00,2021-03-08 10:21:00,3,3,371.28
core,107,639406,640736,2021-03-08 10:22:00,2021-03-09 09:47:00,10,10,1245.1
core,108,640737,640880,2021-03-09 09:48:00,2021-03-09 12:11:00,1,1,123.75999999999999
core,109,640881,642110,2021-03-09 12:12:00,2021-03-10 09:56:00,5,5,622.55
core,110,642111,643450,2021-03-10 09:57:00,2021-03-11 09:31:00,4,4,508.78999999999996
core,111,643451,643556,2021-03-11 09:32:00,2021-03-11 11:17:00,1,1,123.75999999999999
core,112,643557,646564,2021-03-11 11:18:00,2021-03-15 15:55:00,6,6,745.06
core,113,646565,649223,2021-03-15 15:56:00,2021-03-17 14:44:00,4,4,496.28999999999996
core,114,649224,653338,2021-03-17 14:45:00,2021-03-22 15:04:00,13,13,1623.8799999999999
core,115,653339,658496,2021-03-22 15:05:00,2021-03-26 10:03:00,16,16,1990.1599999999999
core,116,658497,658843,2021-03-26 10:04:00,2021-03-26 15:50:00,4,4,498.78999999999996
core,117,658844,658853,2021-03-26 15:51:00,2021-03-26 16:00:00,1,1,123.75999999999999
core,118,658854,662630,2021-03-26 16:01:00,2021-03-31 10:42:00,5,5,618.8
core,119,662631,663972,2021-03-31 10:43:00,2021-04-01 10:19:00,2,2,247.51999999999998
core,120,663973,666172,2021-04-01 10:20:00,2021-04-05 09:31:00,1,1,210.01
core,121,666173,666297,2021-04-05 09:32:00,2021-04-05 11:36:00,1,1,123.75999999999999
core,122,666298,670580,2021-04-05 11:37:00,2021-04-08 14:44:00,2,2,248.76999999999998
core,123,670581,671999,2021-04-08 14:45:00,2021-04-09 15:38:00,1,1,123.75999999999999
core,124,672000,674693,2021-04-09 15:39:00,2021-04-13 15:03:00,2,2,248.76999999999998
core,125,674694,677151,2021-04-13 15:04:00,2021-04-15 10:31:00,5,5,623.8
core,126,677152,678335,2021-04-15 10:32:00,2021-04-16 09:31:00,1,1,126.25999999999999
core,127,678336,683737,2021-04-16 09:32:00,2021-04-22 12:33:00,12,12,1493.87
core,128,683738,685025,2021-04-22 12:34:00,2021-04-23 11:16:00,8,8,996.3299999999999
core,129,685026,689024,2021-04-23 11:17:00,2021-04-28 14:42:00,1,1,123.75999999999999
core,130,689025,690078,2021-04-28 14:43:00,2021-04-29 09:31:00,4,4,495.03999999999996
core,131,690079,697281,2021-04-29 09:32:00,2021-05-06 15:53:00,16,16,1995.1599999999999
core,132,697282,698278,2021-05-06 15:54:00,2021-05-07 09:46:00,1,1,123.75999999999999
core,133,698279,705100,2021-05-07 09:47:00,2021-05-14 09:58:00,22,22,2723.9700000000003
core,134,705101,705357,2021-05-14 09:59:00,2021-05-14 14:15:00,2,2,247.51999999999998
core,135,705358,710636,2021-05-14 14:16:00,2021-05-20 11:27:00,11,11,1373.86
core,136,710637,711885,2021-05-20 11:28:00,2021-05-21 09:31:00,2,2,247.51999999999998
core,137,711886,713294,2021-05-21 09:32:00,2021-05-24 10:15:00,5,5,620.05
core,138,713295,718709,2021-05-24 10:16:00,2021-05-28 09:31:00,2,2,258.77
core,139,718710,725301,2021-05-28 09:32:00,2021-06-04 09:42:00,7,7,871.3199999999999
core,140,725302,730751,2021-06-04 09:43:00,2021-06-10 09:35:00,2,2,248.76999999999998
core,141,730752,733861,2021-06-10 09:36:00,2021-06-14 16:00:00,4,4,496.28999999999996
core,142,733862,741758,2021-06-14 16:01:00,2021-06-22 11:08:00,14,14,1741.3899999999999
core,143,741759,744391,2021-06-22 11:09:00,2021-06-24 09:31:00,1,1,142.51
core,144,744392,747492,2021-06-24 09:32:00,2021-06-28 15:42:00,1,1,123.75999999999999
core,145,747493,751504,2021-06-28 15:43:00,2021-07-01 13:34:00,1,1,123.75999999999999
core,146,751505,752783,2021-07-01 13:35:00,2021-07-02 11:53:00,1,1,123.75999999999999
core,147,752784,756540,2021-07-02 11:54:00,2021-07-07 09:35:00,5,5,621.3
core,148,756541,759326,2021-07-07 09:36:00,2021-07-09 10:01:00,8,8,992.5799999999999
core,149,759327,760715,2021-07-09 10:02:00,2021-07-12 10:10:00,1,1,123.75999999999999
core,150,760716,769153,2021-07-12 10:11:00,2021-07-20 12:50:00,18,18,2240.18
core,151,769154,770586,2021-07-20 12:51:00,2021-07-21 14:43:00,2,2,248.76999999999998
core,152,770587,772973,2021-07-21 14:44:00,2021-07-23 09:31:00,1,1,165.01
core,153,772974,773189,2021-07-23 09:32:00,2021-07-23 13:07:00,2,2,247.51999999999998
core,154,773190,778195,2021-07-23 13:08:00,2021-07-29 09:34:00,7,7,873.8199999999999
core,155,778196,782603,2021-07-29 09:35:00,2021-08-03 14:12:00,5,5,623.8
core,156,782604,786462,2021-08-03 14:13:00,2021-08-06 09:32:00,3,3,371.28
core,157,786463,792212,2021-08-06 09:33:00,2021-08-12 14:23:00,3,3,371.28
core,158,792213,794998,2021-08-12 14:24:00,2021-08-16 14:54:00,4,4,496.28999999999996
core,159,794999,801575,2021-08-16 14:55:00,2021-08-23 09:31:00,13,13,2382.63
core,160,801576,801758,2021-08-23 09:32:00,2021-08-23 12:34:00,1,1,123.75999999999999
core,161,801759,807140,2021-08-23 12:35:00,2021-08-27 10:21:00,4,4,497.53999999999996
core,162,807141,808524,2021-08-27 10:22:00,2021-08-30 10:25:00,2,2,247.51999999999998
core,163,808525,833110,2021-08-30 10:26:00,2021-09-23 10:16:00,30,30,3712.800000000003
core,164,833111,846858,2021-09-23 10:17:00,2021-10-07 09:31:00,25,25,5202.750000000001
core,165,846859,846891,2021-10-07 09:32:00,2021-10-07 10:04:00,1,1,123.75999999999999
core,166,846892,853758,2021-10-07 10:05:00,2021-10-14 09:31:00,17,17,2120.17
core,167,853759,853888,2021-10-14 09:32:00,2021-10-14 11:41:00,2,2,248.76999999999998
core,168,853889,855138,2021-10-14 11:42:00,2021-10-15 09:31:00,1,1,166.26
core,169,855139,856627,2021-10-15 09:32:00,2021-10-18 11:20:00,2,2,248.76999999999998
core,170,856628,857934,2021-10-18 11:21:00,2021-10-19 10:08:00,1,1,123.75999999999999
core,171,857935,859296,2021-10-19 10:09:00,2021-10-20 09:50:00,1,1,123.75999999999999
core,172,859297,862044,2021-10-20 09:51:00,2021-10-22 09:38:00,2,2,248.76999999999998
core,173,862045,863571,2021-10-22 09:39:00,2021-10-25 12:05:00,5,5,620.05
core,174,863572,864803,2021-10-25 12:06:00,2021-10-26 09:38:00,1,1,123.75999999999999
core,175,864804,867946,2021-10-26 09:39:00,2021-10-28 16:01:00,8,8,992.5799999999999
core,176,867947,870316,2021-10-28 16:02:00,2021-11-01 09:31:00,3,3,421.28
core,177,870317,871785,2021-11-01 09:32:00,2021-11-02 11:00:00,4,4,498.78999999999996
core,178,871786,873396,2021-11-02 11:01:00,2021-11-03 14:53:00,2,2,248.76999999999998
core,179,873397,874481,2021-11-03 14:54:00,2021-11-04 09:58:00,1,1,123.75999999999999
core,180,874482,875832,2021-11-04 09:59:00,2021-11-05 09:31:00,3,3,505.03
core,181,875833,884109,2021-11-05 09:32:00,2021-11-15 09:31:00,13,13,1927.6299999999999
core,182,884110,885683,2021-11-15 09:32:00,2021-11-16 12:45:00,3,3,372.53
core,183,885684,891001,2021-11-16 12:46:00,2021-11-22 09:32:00,7,7,868.8199999999999
core,184,891002,905582,2021-11-22 09:33:00,2021-12-07 09:31:00,32,32,5342.8200000000015
core,185,905583,905610,2021-12-07 09:32:00,2021-12-07 09:59:00,1,1,123.75999999999999
core,186,905611,906982,2021-12-07 10:00:00,2021-12-08 09:51:00,2,2,247.51999999999998
core,187,906983,909726,2021-12-08 09:52:00,2021-12-10 09:40:00,6,6,745.06
core,188,909727,910106,2021-12-10 09:41:00,2021-12-10 16:00:00,7,7,873.8199999999999
core,189,910107,914204,2021-12-10 16:01:00,2021-12-15 15:18:00,16,16,1990.1599999999999
core,190,914205,915237,2021-12-15 15:19:00,2021-12-16 09:31:00,2,2,386.27
core,191,915238,920824,2021-12-16 09:32:00,2021-12-22 10:38:00,26,26,3217.76
core,192,920825,921140,2021-12-22 10:39:00,2021-12-22 15:54:00,1,1,123.75999999999999
core,193,921141,922140,2021-12-22 15:55:00,2021-12-23 09:36:00,1,1,123.75999999999999
core,194,922141,923514,2021-12-23 09:37:00,2021-12-27 09:31:00,1,1,123.75999999999999
core,195,923515,923604,2021-12-27 09:32:00,2021-12-27 11:01:00,1,1,123.75999999999999
core,196,923605,924894,2021-12-27 11:02:00,2021-12-28 09:31:00,1,1,132.51
core,197,924895,931790,2021-12-28 09:32:00,2022-01-04 09:31:00,6,6,916.31
core,198,931791,940072,2022-01-04 09:32:00,2022-01-12 09:33:00,32,32,3975.3200000000015
core,199,940073,1014474,2022-01-12 09:34:00,2022-03-29 15:36:00,32,32,3992.8200000000024
core,200,1014475,1625410,2022-03-29 15:37:00,2023-12-18 12:12:00,32,32,3994.0700000000024
core,201,1625411,1627016,2023-12-18 12:13:00,2023-12-19 15:58:00,2,2,248.76999999999998
core,202,1627017,1630769,2023-12-19 15:59:00,2023-12-22 09:31:00,13,13,1621.3799999999999
core,203,1630770,1632427,2023-12-22 09:32:00,2023-12-26 14:13:00,4,4,498.78999999999996
core,204,1632428,1643541,2023-12-26 14:14:00,2024-01-08 15:40:00,17,17,2111.42
core,205,1643542,1646212,2024-01-08 15:41:00,2024-01-10 14:12:00,3,3,372.53
core,206,1646213,1648690,2024-01-10 14:13:00,2024-01-12 09:31:00,6,6,977.56
core,207,1648691,1654349,2024-01-12 09:32:00,2024-01-18 15:52:00,14,14,1743.8899999999999
core,208,1654350,1655449,2024-01-18 15:53:00,2024-01-19 11:12:00,2,2,247.51999999999998
core,209,1655450,1655593,2024-01-19 11:13:00,2024-01-19 13:36:00,3,3,373.78
core,210,1655594,1656728,2024-01-19 13:37:00,2024-01-22 09:31:00,1,1,132.51
core,211,1656729,1659485,2024-01-22 09:32:00,2024-01-24 09:31:00,3,3,630.03
core,212,1659486,1662313,2024-01-24 09:32:00,2024-01-26 10:39:00,6,6,746.31
core,213,1662314,1663963,2024-01-26 10:40:00,2024-01-29 15:09:00,4,4,495.03999999999996
core,214,1663964,1668152,2024-01-29 15:10:00,2024-02-01 16:00:00,11,11,1371.36
core,215,1668153,1669214,2024-02-01 16:01:00,2024-02-02 10:43:00,1,1,123.75999999999999
core,216,1669215,1669321,2024-02-02 10:44:00,2024-02-02 12:30:00,1,1,123.75999999999999
core,217,1669322,1673281,2024-02-02 12:31:00,2024-02-07 09:31:00,7,7,1315.07
core,218,1673282,1673614,2024-02-07 09:32:00,2024-02-07 15:04:00,2,2,247.51999999999998
core,219,1673615,1676273,2024-02-07 15:05:00,2024-02-09 13:29:00,3,3,372.53
core,220,1676274,1677525,2024-02-09 13:30:00,2024-02-12 11:32:00,1,1,123.75999999999999
core,221,1677526,1681540,2024-02-12 11:33:00,2024-02-15 09:34:00,13,13,1611.3799999999999
core,222,1681541,1681861,2024-02-15 09:35:00,2024-02-15 14:55:00,2,2,247.51999999999998
core,223,1681862,1688192,2024-02-15 14:56:00,2024-02-22 09:31:00,15,15,4402.650000000001
core,224,1688193,1688366,2024-02-22 09:32:00,2024-02-22 12:25:00,1,1,123.75999999999999
core,225,1688367,1688488,2024-02-22 12:26:00,2024-02-22 14:27:00,1,1,123.75999999999999
core,226,1688489,1695475,2024-02-22 14:28:00,2024-02-29 15:57:00,7,7,873.8199999999999
core,227,1695476,1696637,2024-02-29 15:58:00,2024-03-01 12:20:00,2,2,248.76999999999998
core,228,1696638,1698152,2024-03-01 12:21:00,2024-03-04 14:40:00,1,1,123.75999999999999
core,229,1698153,1700763,2024-03-04 14:41:00,2024-03-06 12:11:00,14,14,1735.1399999999999
core,230,1700764,1701983,2024-03-06 12:12:00,2024-03-07 09:31:00,6,6,813.81
core,231,1701984,1702239,2024-03-07 09:32:00,2024-03-07 13:47:00,1,1,123.75999999999999
core,232,1702240,1703387,2024-03-07 13:48:00,2024-03-08 09:56:00,3,3,371.28
core,233,1703388,1706191,2024-03-08 09:57:00,2024-03-12 10:46:00,16,16,1988.9099999999999
core,234,1706192,1706501,2024-03-12 10:47:00,2024-03-12 15:56:00,4,4,496.28999999999996
core,235,1706502,1711635,2024-03-12 15:57:00,2024-03-18 09:33:00,13,13,1615.1299999999999
core,236,1711636,1713390,2024-03-18 09:34:00,2024-03-19 15:48:00,7,7,866.3199999999999
core,237,1713391,1714664,2024-03-19 15:49:00,2024-03-20 14:06:00,2,2,248.76999999999998
core,238,1714665,1714724,2024-03-20 14:07:00,2024-03-20 15:06:00,3,3,372.53
core,239,1714725,1715769,2024-03-20 15:07:00,2024-03-21 09:31:00,2,2,358.77
core,240,1715770,1722789,2024-03-21 09:32:00,2024-03-28 11:32:00,8,8,997.5799999999999
core,241,1722790,1728187,2024-03-28 11:33:00,2024-04-04 09:31:00,11,11,1362.61
core,242,1728188,1762986,2024-04-04 09:32:00,2024-05-09 14:40:00,32,32,3982.8200000000024
core,243,1762987,1764060,2024-05-09 14:41:00,2024-05-10 09:36:00,1,1,123.75999999999999
core,244,1764061,1767124,2024-05-10 09:37:00,2024-05-14 14:43:00,5,5,618.8
core,245,1767125,1768189,2024-05-14 14:44:00,2024-05-15 09:31:00,2,2,247.51999999999998
core,246,1768190,1768374,2024-05-15 09:32:00,2024-05-15 12:36:00,2,2,248.76999999999998
core,247,1768375,1769642,2024-05-15 12:37:00,2024-05-16 10:45:00,1,1,123.75999999999999
core,248,1769643,1776451,2024-05-16 10:46:00,2024-05-23 09:31:00,7,7,1107.57
core,249,1776452,1784879,2024-05-23 09:32:00,2024-05-31 16:02:00,24,24,2986.49
core,250,1784880,1786258,2024-05-31 16:03:00,2024-06-03 16:01:00,10,10,1243.85
core,251,1786259,1787541,2024-06-03 16:02:00,2024-06-04 14:24:00,4,4,497.53999999999996
core,252,1787542,1788628,2024-06-04 14:25:00,2024-06-05 09:31:00,4,4,548.79
core,253,1788629,1788736,2024-06-05 09:32:00,2024-06-05 11:19:00,3,3,373.78
core,254,1788737,1789014,2024-06-05 11:20:00,2024-06-05 15:57:00,1,1,123.75999999999999
core,255,1789015,1791613,2024-06-05 15:58:00,2024-06-07 13:23:00,5,5,623.8
core,256,1791614,1794527,2024-06-07 13:24:00,2024-06-11 16:00:00,9,9,1116.34
core,257,1794528,1795512,2024-06-11 16:01:00,2024-06-12 09:31:00,1,1,226.26
core,258,1795513,1795571,2024-06-12 09:32:00,2024-06-12 10:30:00,1,1,123.75999999999999
core,259,1795572,1799818,2024-06-12 10:31:00,2024-06-17 12:26:00,7,7,871.3199999999999
core,260,1799819,1799894,2024-06-17 12:27:00,2024-06-17 13:42:00,1,1,123.75999999999999
core,261,1799895,1803537,2024-06-17 13:43:00,2024-06-20 09:44:00,1,1,123.75999999999999
core,262,1803538,1811835,2024-06-20 09:45:00,2024-06-28 10:03:00,11,11,1372.61
core,263,1811836,1814949,2024-06-28 10:04:00,2024-07-02 15:57:00,12,12,1486.37
core,264,1814950,1816147,2024-07-02 15:58:00,2024-07-03 12:55:00,1,1,123.75999999999999
core,265,1816148,1818459,2024-07-03 12:56:00,2024-07-05 13:26:00,2,2,248.76999999999998
core,266,1818460,1820986,2024-07-05 13:27:00,2024-07-09 09:36:00,1,1,123.75999999999999
core,267,1820987,1822529,2024-07-09 09:37:00,2024-07-10 12:23:00,2,2,248.76999999999998
core,268,1822530,1822739,2024-07-10 12:24:00,2024-07-10 15:53:00,1,1,123.75999999999999
core,269,1822740,1825187,2024-07-10 15:54:00,2024-07-12 10:47:00,10,10,1246.35
core,270,1825188,1825367,2024-07-12 10:48:00,2024-07-12 13:47:00,2,2,247.51999999999998
core,271,1825368,1826590,2024-07-12 13:48:00,2024-07-15 11:11:00,7,7,870.0699999999999
core,272,1826591,1828202,2024-07-15 11:12:00,2024-07-16 15:03:00,9,9,1113.84
core,273,1828203,1861070,2024-07-16 15:04:00,2024-08-19 10:55:00,32,32,3970.3200000000015
core,274,1861071,1861370,2024-08-19 10:56:00,2024-08-19 15:55:00,2,2,247.51999999999998
core,275,1861371,1863775,2024-08-19 15:56:00,2024-08-21 10:01:00,4,4,497.53999999999996
core,276,1863776,1865124,2024-08-21 10:02:00,2024-08-22 09:31:00,4,4,632.54
core,277,1865125,1866536,2024-08-22 09:32:00,2024-08-23 10:03:00,12,12,1497.62
core,278,1866537,1866889,2024-08-23 10:04:00,2024-08-23 15:56:00,6,6,745.06
core,279,1866890,1872053,2024-08-23 15:57:00,2024-08-29 10:01:00,13,13,1617.6299999999999
core,280,1872054,1872188,2024-08-29 10:02:00,2024-08-29 12:16:00,3,3,371.28
core,281,1872189,1873784,2024-08-29 12:17:00,2024-08-30 15:52:00,9,9,1121.34
core,282,1873785,1884585,2024-08-30 15:53:00,2024-09-11 15:58:00,32,32,3987.8200000000015
core,283,1884586,1885681,2024-09-11 15:59:00,2024-09-12 11:14:00,4,4,496.28999999999996
core,284,1885682,1885812,2024-09-12 11:15:00,2024-09-12 13:25:00,4,4,495.03999999999996
core,285,1885813,1886961,2024-09-12 13:26:00,2024-09-13 09:34:00,2,2,248.76999999999998
core,286,1886962,1887096,2024-09-13 09:35:00,2024-09-13 11:49:00,1,1,123.75999999999999
core,287,1887097,1889711,2024-09-13 11:50:00,2024-09-17 09:31:00,5,5,870.05
core,288,1889712,1891360,2024-09-17 09:32:00,2024-09-18 14:01:00,8,8,998.8299999999999
core,289,1891361,1892470,2024-09-18 14:02:00,2024-09-19 09:31:00,9,9,3020.09
core,290,1892471,1892712,2024-09-19 09:32:00,2024-09-19 13:33:00,4,4,495.03999999999996
core,291,1892713,1896753,2024-09-19 13:34:00,2024-09-24 11:54:00,8,8,991.3299999999999
core,292,1896754,1899368,2024-09-24 11:55:00,2024-09-26 09:31:00,4,4,887.54
core,293,1899369,1902514,2024-09-26 09:32:00,2024-09-30 15:57:00,10,10,1245.1
core,294,1902515,1907654,2024-09-30 15:58:00,2024-10-04 09:37:00,14,14,1741.3899999999999
core,295,1907655,1908012,2024-10-04 09:38:00,2024-10-04 15:35:00,6,6,746.31
core,296,1908013,1910480,2024-10-04 15:36:00,2024-10-08 10:43:00,9,9,1118.84
core,297,1910481,1911828,2024-10-08 10:44:00,2024-10-09 10:11:00,4,4,497.53999999999996
core,298,1911829,1911919,2024-10-09 10:12:00,2024-10-09 11:42:00,1,1,123.75999999999999
core,299,1911920,1914583,2024-10-09 11:43:00,2024-10-11 10:08:00,4,4,496.28999999999996
core,300,1914584,1915925,2024-10-11 10:09:00,2024-10-14 09:31:00,1,1,133.76
core,301,1915926,1915955,2024-10-14 09:32:00,2024-10-14 10:01:00,1,1,123.75999999999999
core,302,1915956,1920062,2024-10-14 10:02:00,2024-10-17 09:31:00,10,10,2298.85
core,303,1920063,1928355,2024-10-17 09:32:00,2024-10-25 09:47:00,19,19,2360.1899999999996
core,304,1928356,1939378,2024-10-25 09:48:00,2024-11-06 09:31:00,20,20,13210.200000000003
core,305,1939379,1939575,2024-11-06 09:32:00,2024-11-06 12:48:00,4,4,497.53999999999996
core,306,1939576,1939755,2024-11-06 12:49:00,2024-11-06 15:48:00,1,1,123.75999999999999
core,307,1939756,1940784,2024-11-06 15:49:00,2024-11-07 09:57:00,2,2,247.51999999999998
core,308,1940785,1941103,2024-11-07 09:58:00,2024-11-07 15:16:00,1,1,123.75999999999999
core,309,1941104,1942385,2024-11-07 15:17:00,2024-11-08 13:38:00,3,3,373.78
core,310,1942386,1954798,2024-11-08 13:39:00,2024-11-21 13:32:00,23,23,2863.9799999999996
core,311,1954799,1957317,2024-11-21 13:33:00,2024-11-25 09:31:00,4,4,1068.79
core,312,1957318,1958842,2024-11-25 09:32:00,2024-11-26 11:56:00,8,8,993.8299999999999
core,313,1958843,1962638,2024-11-26 11:57:00,2024-11-29 10:12:00,6,6,747.56
core,314,1962639,1964097,2024-11-29 10:13:00,2024-12-02 15:16:00,1,1,123.75999999999999
core,315,1964098,1966513,2024-12-02 15:17:00,2024-12-04 09:33:00,4,4,497.53999999999996
core,316,1966514,1968089,2024-12-04 09:34:00,2024-12-05 12:49:00,2,2,248.76999999999998
core,317,1968090,1973616,2024-12-05 12:50:00,2024-12-11 13:01:00,13,13,1620.1299999999999
core,318,1973617,1986020,2024-12-11 13:02:00,2024-12-24 12:58:00,32,32,3977.8200000000024
core,319,1986021,1987135,2024-12-24 12:59:00,2024-12-26 12:19:00,4,4,496.28999999999996
core,320,1987136,1995247,2024-12-26 12:20:00,2025-01-06 09:31:00,27,27,6750.270000000001
core,321,1995248,1995305,2025-01-06 09:32:00,2025-01-06 10:29:00,1,1,123.75999999999999
core,322,1995306,2004751,2025-01-06 10:30:00,2025-01-15 14:31:00,32,32,3962.8200000000015
core,323,2004752,2007138,2025-01-15 14:32:00,2025-01-17 09:31:00,5,5,1091.3
core,324,2007139,2007253,2025-01-17 09:32:00,2025-01-17 11:26:00,2,2,247.51999999999998
core,325,2007254,2009658,2025-01-17 11:27:00,2025-01-21 09:31:00,4,4,497.53999999999996
core,326,2009659,2009858,2025-01-21 09:32:00,2025-01-21 12:51:00,4,4,498.78999999999996
core,327,2009859,2011038,2025-01-21 12:52:00,2025-01-22 09:31:00,1,1,181.26
core,328,2011039,2012648,2025-01-22 09:32:00,2025-01-23 13:21:00,1,1,123.75999999999999
core,329,2012649,2013728,2025-01-23 13:22:00,2025-01-24 09:46:00,2,2,247.51999999999998
core,330,2013729,2025096,2025-01-24 09:47:00,2025-02-05 16:15:00,13,13,1620.1299999999999
core,331,2026073,2027453,2025-02-06 09:32:00,2025-02-07 09:32:00,5,5,623.8
core,332,2027454,2033020,2025-02-07 09:33:00,2025-02-13 10:20:00,10,10,1240.1
core,333,2033021,2033241,2025-02-13 10:21:00,2025-02-13 14:46:00,2,2,272.52
core,334,2033242,2037170,2025-02-13 14:47:00,2025-02-18 16:01:00,1,1,123.75999999999999
core,335,2037171,2038481,2025-02-18 16:02:00,2025-02-19 14:52:00,2,2,248.76999999999998
core,336,2038482,2162151,2025-02-19 14:53:00,2025-06-26 14:06:00,32,32,3979.0700000000024
core,337,2162152,2163281,2025-06-26 14:07:00,2025-06-27 09:56:00,1,1,123.75999999999999
core,338,2163282,2164636,2025-06-27 09:57:00,2025-06-30 09:31:00,6,6,1307.56
core,339,2164637,2165018,2025-06-30 09:32:00,2025-06-30 15:53:00,4,4,495.03999999999996
core,340,2165019,2167708,2025-06-30 15:54:00,2025-07-02 14:43:00,5,5,621.3
core,341,2167709,2168776,2025-07-02 14:44:00,2025-07-03 09:31:00,1,1,123.75999999999999
core,342,2168777,2168846,2025-07-03 09:32:00,2025-07-03 10:41:00,1,1,123.75999999999999
core,343,2168847,2173845,2025-07-03 10:42:00,2025-07-09 09:46:00,11,11,1371.36
core,344,2173846,2175303,2025-07-09 09:47:00,2025-07-10 11:04:00,6,6,742.56
core,345,2175304,2179350,2025-07-10 11:05:00,2025-07-15 09:31:00,4,4,820.04
core,346,2179351,2182130,2025-07-15 09:32:00,2025-07-17 09:51:00,16,16,1992.6599999999999
core,347,2182131,2182430,2025-07-17 09:52:00,2025-07-17 14:51:00,2,2,248.76999999999998
core,348,2182431,2184887,2025-07-17 14:52:00,2025-07-21 09:49:00,4,4,496.28999999999996
core,349,2184888,2187629,2025-07-21 09:50:00,2025-07-23 09:31:00,7,7,1055.07
core,350,2187630,2187910,2025-07-23 09:32:00,2025-07-23 14:12:00,2,2,247.51999999999998
core,351,2187911,2189099,2025-07-23 14:13:00,2025-07-24 11:01:00,1,1,123.75999999999999
core,352,2189100,2193148,2025-07-24 11:02:00,2025-07-29 09:31:00,3,3,406.28
core,353,2193149,2194930,2025-07-29 09:32:00,2025-07-30 16:14:00,12,12,1488.87
core,354,2194931,2200062,2025-07-30 16:15:00,2025-08-05 09:46:00,21,21,2603.96
core,355,2200063,2201567,2025-08-05 09:47:00,2025-08-06 11:51:00,10,10,1240.1
core,356,2201568,2202807,2025-08-06 11:52:00,2025-08-07 09:31:00,2,2,383.77
core,357,2202808,2204202,2025-08-07 09:32:00,2025-08-08 09:46:00,11,11,1365.11
core,358,2204203,2204460,2025-08-08 09:47:00,2025-08-08 14:04:00,1,1,123.75999999999999
core,359,2204461,2206950,2025-08-08 14:05:00,2025-08-12 09:35:00,6,6,746.31
core,360,2206951,2207042,2025-08-12 09:36:00,2025-08-12 11:07:00,4,4,498.78999999999996
core,361,2207043,2208326,2025-08-12 11:08:00,2025-08-13 09:31:00,1,1,211.26
core,362,2208327,2218015,2025-08-13 09:32:00,2025-08-22 10:01:00,22,22,2741.4700000000003
core,363,2218016,2218030,2025-08-22 10:02:00,2025-08-22 10:16:00,1,1,123.75999999999999
core,364,2218031,2222235,2025-08-22 10:17:00,2025-08-27 11:23:00,7,7,866.3199999999999
core,365,2222236,2223800,2025-08-27 11:24:00,2025-08-28 14:28:00,3,3,372.53
core,366,2223801,2230269,2025-08-28 14:29:00,2025-09-04 11:18:00,11,11,1370.11
core,367,2230270,2230546,2025-09-04 11:19:00,2025-09-04 15:55:00,1,1,123.75999999999999
core,368,2230547,2231542,2025-09-04 15:56:00,2025-09-05 09:31:00,1,1,123.75999999999999
core,369,2231543,2234684,2025-09-05 09:32:00,2025-09-09 15:54:00,14,14,1743.8899999999999
core,370,2234685,2235679,2025-09-09 15:55:00,2025-09-10 09:31:00,1,1,155.01
core,371,2235680,2237059,2025-09-10 09:32:00,2025-09-11 09:32:00,5,5,623.8
core,372,2237060,2237127,2025-09-11 09:33:00,2025-09-11 10:40:00,2,2,247.51999999999998
core,373,2237128,2239815,2025-09-11 10:41:00,2025-09-15 09:31:00,2,2,263.77
core,374,2239816,2242906,2025-09-15 09:32:00,2025-09-17 15:09:00,9,9,1118.84
core,375,2242907,2243948,2025-09-17 15:10:00,2025-09-18 09:31:00,4,4,528.79
core,376,2243949,2243988,2025-09-18 09:32:00,2025-09-18 10:11:00,2,2,247.51999999999998
core,377,2243989,2245685,2025-09-18 10:12:00,2025-09-19 15:28:00,4,4,498.78999999999996
core,378,2245686,2246886,2025-09-19 15:29:00,2025-09-22 12:30:00,3,3,371.28
core,379,2246887,2253605,2025-09-22 12:31:00,2025-09-29 09:31:00,18,18,3121.4300000000003
core,380,2253606,2255363,2025-09-29 09:32:00,2025-09-30 15:50:00,5,5,622.55
core,381,2255364,2256590,2025-09-30 15:51:00,2025-10-01 13:17:00,4,4,495.03999999999996
core,382,2256591,2257742,2025-10-01 13:18:00,2025-10-02 09:31:00,1,1,128.76
core,383,2257743,2259132,2025-10-02 09:32:00,2025-10-03 09:41:00,6,6,742.56
core,384,2259133,2260735,2025-10-03 09:42:00,2025-10-06 13:26:00,6,6,747.56
core,385,2260736,2263374,2025-10-06 13:27:00,2025-10-08 11:26:00,9,9,1115.09
core,386,2263375,2269036,2025-10-08 11:27:00,2025-10-14 13:49:00,27,27,3342.7700000000013
core,387,2269037,2270158,2025-10-14 13:50:00,2025-10-15 09:31:00,6,6,1058.81
core,388,2270159,2270192,2025-10-15 09:32:00,2025-10-15 10:05:00,1,1,123.75999999999999
core,389,2270193,2271538,2025-10-15 10:06:00,2025-10-16 09:31:00,14,14,1785.1399999999999
core,390,2271539,2273259,2025-10-16 09:32:00,2025-10-17 15:12:00,13,13,1623.8799999999999
core,391,2273260,2274298,2025-10-17 15:13:00,2025-10-20 09:31:00,3,3,371.28
core,392,2274299,2274369,2025-10-20 09:32:00,2025-10-20 10:42:00,1,1,123.75999999999999
core,393,2274370,2278458,2025-10-20 10:43:00,2025-10-23 09:51:00,10,10,1241.35
core,394,2278459,2278686,2025-10-23 09:52:00,2025-10-23 13:39:00,5,5,622.55
core,395,2278687,2279818,2025-10-23 13:40:00,2025-10-24 09:31:00,2,2,432.52
core,396,2279819,2279932,2025-10-24 09:32:00,2025-10-24 11:25:00,1,1,123.75999999999999
core,397,2279933,2281198,2025-10-24 11:26:00,2025-10-27 09:31:00,3,3,717.53
core,398,2281199,2281576,2025-10-27 09:32:00,2025-10-27 15:49:00,2,2,248.76999999999998
core,399,2281577,2282850,2025-10-27 15:50:00,2025-10-28 14:03:00,1,1,123.75999999999999
core,400,2282851,2284348,2025-10-28 14:04:00,2025-10-29 16:01:00,5,5,618.8
core,401,2284349,2294998,2025-10-29 16:02:00,2025-11-10 09:31:00,32,32,3991.5700000000043
core,402,2294999,2295198,2025-11-10 09:32:00,2025-11-10 12:51:00,5,5,620.05
core,403,2295199,2295321,2025-11-10 12:52:00,2025-11-10 14:54:00,1,1,123.75999999999999
core,404,2295322,2296606,2025-11-10 14:55:00,2025-11-11 13:19:00,4,4,498.78999999999996
core,405,2296607,2306040,2025-11-11 13:20:00,2025-11-20 09:33:00,30,30,3712.800000000004
core,406,2306041,2308833,2025-11-20 09:34:00,2025-11-24 10:06:00,29,29,3622.790000000002
core,407,2308834,2308891,2025-11-24 10:07:00,2025-11-24 11:04:00,3,3,372.53
core,408,2308892,2309076,2025-11-24 11:05:00,2025-11-24 14:09:00,2,2,248.76999999999998
core,409,2309077,2310252,2025-11-24 14:10:00,2025-11-25 10:45:00,8,8,992.5799999999999
core,410,2310253,2310333,2025-11-25 10:46:00,2025-11-25 12:06:00,3,3,371.28
core,411,2310334,2310539,2025-11-25 12:07:00,2025-11-25 15:32:00,1,1,123.75999999999999
core,412,2310540,2311558,2025-11-25 15:33:00,2025-11-26 09:31:00,1,1,123.75999999999999
core,413,2311559,2311656,2025-11-26 09:32:00,2025-11-26 11:09:00,2,2,248.76999999999998
core,414,2311657,2313520,2025-11-26 11:10:00,2025-11-28 11:06:00,2,2,247.51999999999998
core,415,2313521,2317546,2025-11-28 11:07:00,2025-12-03 12:57:00,3,3,372.53
core,416,2317547,2320089,2025-12-03 12:58:00,2025-12-05 09:31:00,5,5,622.55
core,417,2320090,2324534,2025-12-05 09:32:00,2025-12-10 14:36:00,9,9,1117.59
core,418,2324535,2324556,2025-12-10 14:37:00,2025-12-10 14:58:00,4,4,496.28999999999996
core,419,2324557,2325780,2025-12-10 14:59:00,2025-12-11 12:22:00,7,7,868.8199999999999
core,420,2325781,2326009,2025-12-11 12:23:00,2025-12-11 16:11:00,1,1,123.75999999999999
core,421,2326010,2334009,2025-12-11 16:12:00,2025-12-19 12:18:00,29,29,3599.04
core,422,2334010,2335222,2025-12-19 12:19:00,2025-12-22 09:31:00,2,2,357.52
core,423,2335223,2336620,2025-12-22 09:32:00,2025-12-23 09:49:00,2,2,248.76999999999998
core,424,2336621,2336878,2025-12-23 09:50:00,2025-12-23 14:07:00,4,4,496.28999999999996
core,425,2336879,2338107,2025-12-23 14:08:00,2025-12-24 11:38:00,1,1,123.75999999999999
core,426,2338108,2346049,2025-12-24 11:39:00,2026-01-05 09:46:00,19,19,2356.4399999999996
core,427,2346050,2347435,2026-01-05 09:47:00,2026-01-06 09:52:00,3,3,371.28
core,428,2347436,2347670,2026-01-06 09:53:00,2026-01-06 13:47:00,3,3,371.28
core,429,2347671,2348952,2026-01-06 13:48:00,2026-01-07 12:09:00,2,2,247.51999999999998
core,430,2348953,2351694,2026-01-07 12:10:00,2026-01-09 11:51:00,11,11,1368.86
core,431,2351695,2353165,2026-01-09 11:52:00,2026-01-12 13:22:00,2,2,247.51999999999998
core,432,2353166,2357074,2026-01-12 13:23:00,2026-01-15 09:31:00,14,14,2783.8900000000003
core,433,2357075,2362669,2026-01-15 09:32:00,2026-01-21 14:46:00,19,19,2361.4399999999996
core,434,2362670,2363734,2026-01-21 14:47:00,2026-01-22 09:31:00,6,6,1002.56
core,435,2363735,2366498,2026-01-22 09:32:00,2026-01-26 09:35:00,6,6,748.81
core,436,2366499,2366732,2026-01-26 09:36:00,2026-01-26 13:29:00,1,1,123.75999999999999
core,437,2366733,2367948,2026-01-26 13:30:00,2026-01-27 10:45:00,3,3,371.28
core,438,2367949,2371014,2026-01-27 10:46:00,2026-01-29 15:51:00,16,16,1997.6599999999999
core,439,2371015,2373414,2026-01-29 15:52:00,2026-02-02 09:51:00,9,9,1113.84
core,440,2373415,2373443,2026-02-02 09:52:00,2026-02-02 10:20:00,3,3,373.78
core,441,2373444,2379094,2026-02-02 10:21:00,2026-02-06 12:31:00,29,29,3611.540000000002
core,442,2379095,2379289,2026-02-06 12:32:00,2026-02-06 15:46:00,2,2,247.51999999999998
core,443,2379290,2380343,2026-02-06 15:47:00,2026-02-09 10:20:00,3,3,373.78
core,444,2380344,2380426,2026-02-09 10:21:00,2026-02-09 11:43:00,2,2,247.51999999999998
core,445,2380427,2383054,2026-02-09 11:44:00,2026-02-11 09:31:00,7,7,982.5699999999999
core,446,2383055,2392731,2026-02-11 09:32:00,2026-02-20 13:48:00,32,32,3967.8200000000024
core,447,2392732,2395411,2026-02-20 13:49:00,2026-02-24 12:28:00,16,16,1991.4099999999999
core,448,2395412,2396614,2026-02-24 12:29:00,2026-02-25 09:31:00,3,3,432.53
core,449,2396615,2396918,2026-02-25 09:32:00,2026-02-25 14:35:00,2,2,248.76999999999998
core,450,2396919,2403565,2026-02-25 14:36:00,2026-03-04 10:22:00,28,28,3465.2800000000025
core,451,2403566,2408012,2026-03-04 10:23:00,2026-03-09 15:29:00,26,26,3236.510000000002
core,452,2408013,2408021,2026-03-09 15:30:00,2026-03-09 15:38:00,2,2,247.51999999999998
core,453,2408022,2409103,2026-03-09 15:39:00,2026-03-10 10:40:00,7,7,868.8199999999999
core,454,2409104,2409247,2026-03-10 10:41:00,2026-03-10 13:04:00,1,1,123.75999999999999
core,455,2409248,2415936,2026-03-10 13:05:00,2026-03-17 09:33:00,28,28,3475.2800000000016
core,456,2415937,2421505,2026-03-17 09:34:00,2026-03-23 10:22:00,32,32,3967.8200000000043
core,457,2421506,2424214,2026-03-23 10:23:00,2026-03-25 09:31:00,15,15,1865.1499999999999
core,458,2424215,2430112,2026-03-25 09:32:00,2026-03-31 15:49:00,32,32,3967.8200000000043
core,459,2430113,2431114,2026-03-31 15:50:00,2026-04-01 09:31:00,3,3,541.28
core,460,2431115,2431183,2026-04-01 09:32:00,2026-04-01 10:40:00,2,2,248.76999999999998
core,461,2431184,2431260,2026-04-01 10:41:00,2026-04-01 11:57:00,2,2,247.51999999999998
core,462,2431261,2432560,2026-04-01 11:58:00,2026-04-02 10:37:00,10,10,1245.1
core,463,2432561,2434790,2026-04-02 10:38:00,2026-04-06 09:32:00,6,6,742.56
core,464,2434791,2434819,2026-04-06 09:33:00,2026-04-06 10:01:00,2,2,248.76999999999998
core,465,2434820,2436414,2026-04-06 10:02:00,2026-04-07 13:36:00,11,11,1373.86
core,466,2436415,2436544,2026-04-07 13:37:00,2026-04-07 15:46:00,7,7,872.5699999999999
core,467,2436545,2437549,2026-04-07 15:47:00,2026-04-08 09:31:00,2,2,1802.52
core,468,2437550,2437828,2026-04-08 09:32:00,2026-04-08 14:10:00,9,9,1115.09
core,469,2437829,2439051,2026-04-08 14:11:00,2026-04-09 11:33:00,6,6,746.31
core,470,2439052,2439080,2026-04-09 11:34:00,2026-04-09 12:02:00,2,2,248.76999999999998
core,471,2439081,2440423,2026-04-09 12:03:00,2026-04-10 11:25:00,2,2,247.51999999999998
core,472,2440424,2441874,2026-04-10 11:26:00,2026-04-13 12:36:00,8,8,990.0799999999999
core,473,2441875,2442050,2026-04-13 12:37:00,2026-04-13 15:32:00,3,3,371.28
core,474,2442051,2443069,2026-04-13 15:33:00,2026-04-14 09:31:00,1,1,173.76
core,475,2443070,2443110,2026-04-14 09:32:00,2026-04-14 10:12:00,1,1,123.75999999999999
core,476,2443111,2443202,2026-04-14 10:13:00,2026-04-14 11:44:00,1,1,123.75999999999999
core,477,2443203,2444449,2026-04-14 11:45:00,2026-04-15 09:31:00,1,1,123.75999999999999
core,478,2444450,2444554,2026-04-15 09:32:00,2026-04-15 11:16:00,2,2,247.51999999999998
core,479,2444555,2444769,2026-04-15 11:17:00,2026-04-15 14:51:00,3,3,372.53
core,480,2444770,2445934,2026-04-15 14:52:00,2026-04-16 11:16:00,2,2,248.76999999999998
core,481,2445935,2447209,2026-04-16 11:17:00,2026-04-17 09:31:00,4,4,1057.54
core,482,2447210,2447240,2026-04-17 09:32:00,2026-04-17 10:02:00,1,1,123.75999999999999
core,483,2447241,2447287,2026-04-17 10:03:00,2026-04-17 10:49:00,1,1,123.75999999999999
core,484,2447288,2450008,2026-04-17 10:50:00,2026-04-21 10:10:00,9,9,1118.84
core,485,2450009,2451380,2026-04-21 10:11:00,2026-04-22 10:02:00,14,14,1746.3899999999999
core,486,2451381,2452816,2026-04-22 10:03:00,2026-04-23 10:58:00,3,3,371.28
core,487,2452817,2454109,2026-04-23 10:59:00,2026-04-24 09:31:00,16,16,2428.91
core,488,2454110,2454243,2026-04-24 09:32:00,2026-04-24 11:45:00,3,3,372.53
core,489,2454244,2455868,2026-04-24 11:46:00,2026-04-27 15:50:00,3,3,372.53
core,490,2455869,2459628,2026-04-27 15:51:00,2026-04-30 09:31:00,6,6,843.81
core,491,2459629,2459749,2026-04-30 09:32:00,2026-04-30 11:32:00,6,6,747.56
core,492,2459750,2459883,2026-04-30 11:33:00,2026-04-30 13:46:00,3,3,371.28
core,493,2459884,2459971,2026-04-30 13:47:00,2026-04-30 15:14:00,1,1,123.75999999999999
core,494,2459972,2461010,2026-04-30 15:15:00,2026-05-01 09:33:00,2,2,247.51999999999998
core,495,2461011,2461039,2026-05-01 09:34:00,2026-05-01 10:02:00,1,1,123.75999999999999
core,496,2461040,2463808,2026-05-01 10:03:00,2026-05-05 10:11:00,14,14,1736.3899999999999
core,497,2463809,2465148,2026-05-05 10:12:00,2026-05-06 09:31:00,3,3,822.53
core,498,2465149,2465204,2026-05-06 09:32:00,2026-05-06 10:27:00,1,1,123.75999999999999
core,499,2465205,2465435,2026-05-06 10:28:00,2026-05-06 14:18:00,1,1,123.75999999999999
core,500,2465436,2466612,2026-05-06 14:19:00,2026-05-07 10:55:00,1,1,123.75999999999999
core,501,2466613,2467925,2026-05-07 10:56:00,2026-05-08 09:48:00,9,9,1121.34
core,502,2467926,2469304,2026-05-08 09:49:00,2026-05-11 09:47:00,1,1,123.75999999999999
core,503,2469305,2469543,2026-05-11 09:48:00,2026-05-11 13:46:00,2,2,247.51999999999998
core,504,2469544,2471051,2026-05-11 13:47:00,2026-05-12 15:54:00,13,13,1616.3799999999999
core,505,2471052,2472180,2026-05-12 15:55:00,2026-05-13 11:43:00,6,6,743.81
core,506,2472181,2472259,2026-05-13 11:44:00,2026-05-13 13:02:00,1,1,123.75999999999999
core,507,2472260,2473436,2026-05-13 13:03:00,2026-05-14 09:39:00,1,1,123.75999999999999
core,508,2473437,2473508,2026-05-14 09:40:00,2026-05-14 10:51:00,2,2,248.76999999999998
core,509,2473509,2479053,2026-05-14 10:52:00,2026-05-20 11:16:00,17,17,2106.42
core,510,2479054,2480554,2026-05-20 11:17:00,2026-05-21 13:17:00,7,7,871.3199999999999
core,511,2480555,2480590,2026-05-21 13:18:00,2026-05-21 13:53:00,2,2,248.76999999999998
core,512,2480591,2481708,2026-05-21 13:54:00,2026-05-22 09:31:00,6,6,975.06
core,513,2481709,2481946,2026-05-22 09:32:00,2026-05-22 13:29:00,5,5,618.8
core,514,2481947,2484228,2026-05-22 13:30:00,2026-05-26 09:31:00,6,6,956.31
